

================================================================
== Vitis HLS Report for 'mmult_Pipeline_systolic1'
================================================================
* Date:           Fri Nov 21 17:57:19 2025

* Version:        2024.2 (Build 5238294 on Nov  8 2024)
* Project:        mmult
* Solution:       solution1 (Vivado IP Flow Target)
* Product family: virtexuplus
* Target device:  xcvu9p-flga2104-2L-e


================================================================
== Performance Estimates
================================================================
+ Timing: 
    * Summary: 
    +--------+---------+----------+------------+
    |  Clock |  Target | Estimated| Uncertainty|
    +--------+---------+----------+------------+
    |ap_clk  |  4.00 ns|  2.291 ns|     1.08 ns|
    +--------+---------+----------+------------+

+ Latency: 
    * Summary: 
    +---------+---------+-----------+-----------+-----+-----+------------------------------------------------+
    |  Latency (cycles) |   Latency (absolute)  |  Interval |                    Pipeline                    |
    |   min   |   max   |    min    |    max    | min | max |                      Type                      |
    +---------+---------+-----------+-----------+-----+-----+------------------------------------------------+
    |       21|       21|  84.000 ns|  84.000 ns|   17|   17|  loop auto-rewind stp (delay=0 clock cycles(s))|
    +---------+---------+-----------+-----------+-----+-----+------------------------------------------------+

    + Detail: 
        * Instance: 
        N/A

        * Loop: 
        +-------------+---------+---------+----------+-----------+-----------+------+----------+
        |             |  Latency (cycles) | Iteration|  Initiation Interval  | Trip |          |
        |  Loop Name  |   min   |   max   |  Latency |  achieved |   target  | Count| Pipelined|
        +-------------+---------+---------+----------+-----------+-----------+------+----------+
        |- systolic1  |       19|       19|         5|          1|          1|    16|       yes|
        +-------------+---------+---------+----------+-----------+-----------+------+----------+



================================================================
== Utilization Estimates
================================================================
* Summary: 
+---------------------+---------+------+---------+---------+-----+
|         Name        | BRAM_18K|  DSP |    FF   |   LUT   | URAM|
+---------------------+---------+------+---------+---------+-----+
|DSP                  |        -|     -|        -|        -|    -|
|Expression           |        -|     -|        0|    20545|    -|
|FIFO                 |        -|     -|        -|        -|    -|
|Instance             |        -|   768|    42240|    12544|    -|
|Memory               |        -|     -|        -|        -|    -|
|Multiplexer          |        -|     -|        0|       36|    -|
|Register             |        -|     -|    17610|       64|    -|
+---------------------+---------+------+---------+---------+-----+
|Total                |        0|   768|    59850|    33189|    0|
+---------------------+---------+------+---------+---------+-----+
|Available SLR        |     1440|  2280|   788160|   394080|  320|
+---------------------+---------+------+---------+---------+-----+
|Utilization SLR (%)  |        0|    33|        7|        8|    0|
+---------------------+---------+------+---------+---------+-----+
|Available            |     4320|  6840|  2364480|  1182240|  960|
+---------------------+---------+------+---------+---------+-----+
|Utilization (%)      |        0|    11|        2|        2|    0|
+---------------------+---------+------+---------+---------+-----+

+ Detail: 
    * Instance: 
    +-------------------------+--------------------+---------+----+-----+-----+-----+
    |         Instance        |       Module       | BRAM_18K| DSP|  FF | LUT | URAM|
    +-------------------------+--------------------+---------+----+-----+-----+-----+
    |mul_32s_32s_32_2_1_U37   |mul_32s_32s_32_2_1  |        0|   3|  165|   49|    0|
    |mul_32s_32s_32_2_1_U38   |mul_32s_32s_32_2_1  |        0|   3|  165|   49|    0|
    |mul_32s_32s_32_2_1_U39   |mul_32s_32s_32_2_1  |        0|   3|  165|   49|    0|
    |mul_32s_32s_32_2_1_U40   |mul_32s_32s_32_2_1  |        0|   3|  165|   49|    0|
    |mul_32s_32s_32_2_1_U41   |mul_32s_32s_32_2_1  |        0|   3|  165|   49|    0|
    |mul_32s_32s_32_2_1_U42   |mul_32s_32s_32_2_1  |        0|   3|  165|   49|    0|
    |mul_32s_32s_32_2_1_U43   |mul_32s_32s_32_2_1  |        0|   3|  165|   49|    0|
    |mul_32s_32s_32_2_1_U44   |mul_32s_32s_32_2_1  |        0|   3|  165|   49|    0|
    |mul_32s_32s_32_2_1_U45   |mul_32s_32s_32_2_1  |        0|   3|  165|   49|    0|
    |mul_32s_32s_32_2_1_U46   |mul_32s_32s_32_2_1  |        0|   3|  165|   49|    0|
    |mul_32s_32s_32_2_1_U47   |mul_32s_32s_32_2_1  |        0|   3|  165|   49|    0|
    |mul_32s_32s_32_2_1_U48   |mul_32s_32s_32_2_1  |        0|   3|  165|   49|    0|
    |mul_32s_32s_32_2_1_U49   |mul_32s_32s_32_2_1  |        0|   3|  165|   49|    0|
    |mul_32s_32s_32_2_1_U50   |mul_32s_32s_32_2_1  |        0|   3|  165|   49|    0|
    |mul_32s_32s_32_2_1_U51   |mul_32s_32s_32_2_1  |        0|   3|  165|   49|    0|
    |mul_32s_32s_32_2_1_U52   |mul_32s_32s_32_2_1  |        0|   3|  165|   49|    0|
    |mul_32s_32s_32_2_1_U53   |mul_32s_32s_32_2_1  |        0|   3|  165|   49|    0|
    |mul_32s_32s_32_2_1_U54   |mul_32s_32s_32_2_1  |        0|   3|  165|   49|    0|
    |mul_32s_32s_32_2_1_U55   |mul_32s_32s_32_2_1  |        0|   3|  165|   49|    0|
    |mul_32s_32s_32_2_1_U56   |mul_32s_32s_32_2_1  |        0|   3|  165|   49|    0|
    |mul_32s_32s_32_2_1_U57   |mul_32s_32s_32_2_1  |        0|   3|  165|   49|    0|
    |mul_32s_32s_32_2_1_U58   |mul_32s_32s_32_2_1  |        0|   3|  165|   49|    0|
    |mul_32s_32s_32_2_1_U59   |mul_32s_32s_32_2_1  |        0|   3|  165|   49|    0|
    |mul_32s_32s_32_2_1_U60   |mul_32s_32s_32_2_1  |        0|   3|  165|   49|    0|
    |mul_32s_32s_32_2_1_U61   |mul_32s_32s_32_2_1  |        0|   3|  165|   49|    0|
    |mul_32s_32s_32_2_1_U62   |mul_32s_32s_32_2_1  |        0|   3|  165|   49|    0|
    |mul_32s_32s_32_2_1_U63   |mul_32s_32s_32_2_1  |        0|   3|  165|   49|    0|
    |mul_32s_32s_32_2_1_U64   |mul_32s_32s_32_2_1  |        0|   3|  165|   49|    0|
    |mul_32s_32s_32_2_1_U65   |mul_32s_32s_32_2_1  |        0|   3|  165|   49|    0|
    |mul_32s_32s_32_2_1_U66   |mul_32s_32s_32_2_1  |        0|   3|  165|   49|    0|
    |mul_32s_32s_32_2_1_U67   |mul_32s_32s_32_2_1  |        0|   3|  165|   49|    0|
    |mul_32s_32s_32_2_1_U68   |mul_32s_32s_32_2_1  |        0|   3|  165|   49|    0|
    |mul_32s_32s_32_2_1_U69   |mul_32s_32s_32_2_1  |        0|   3|  165|   49|    0|
    |mul_32s_32s_32_2_1_U70   |mul_32s_32s_32_2_1  |        0|   3|  165|   49|    0|
    |mul_32s_32s_32_2_1_U71   |mul_32s_32s_32_2_1  |        0|   3|  165|   49|    0|
    |mul_32s_32s_32_2_1_U72   |mul_32s_32s_32_2_1  |        0|   3|  165|   49|    0|
    |mul_32s_32s_32_2_1_U73   |mul_32s_32s_32_2_1  |        0|   3|  165|   49|    0|
    |mul_32s_32s_32_2_1_U74   |mul_32s_32s_32_2_1  |        0|   3|  165|   49|    0|
    |mul_32s_32s_32_2_1_U75   |mul_32s_32s_32_2_1  |        0|   3|  165|   49|    0|
    |mul_32s_32s_32_2_1_U76   |mul_32s_32s_32_2_1  |        0|   3|  165|   49|    0|
    |mul_32s_32s_32_2_1_U77   |mul_32s_32s_32_2_1  |        0|   3|  165|   49|    0|
    |mul_32s_32s_32_2_1_U78   |mul_32s_32s_32_2_1  |        0|   3|  165|   49|    0|
    |mul_32s_32s_32_2_1_U79   |mul_32s_32s_32_2_1  |        0|   3|  165|   49|    0|
    |mul_32s_32s_32_2_1_U80   |mul_32s_32s_32_2_1  |        0|   3|  165|   49|    0|
    |mul_32s_32s_32_2_1_U81   |mul_32s_32s_32_2_1  |        0|   3|  165|   49|    0|
    |mul_32s_32s_32_2_1_U82   |mul_32s_32s_32_2_1  |        0|   3|  165|   49|    0|
    |mul_32s_32s_32_2_1_U83   |mul_32s_32s_32_2_1  |        0|   3|  165|   49|    0|
    |mul_32s_32s_32_2_1_U84   |mul_32s_32s_32_2_1  |        0|   3|  165|   49|    0|
    |mul_32s_32s_32_2_1_U85   |mul_32s_32s_32_2_1  |        0|   3|  165|   49|    0|
    |mul_32s_32s_32_2_1_U86   |mul_32s_32s_32_2_1  |        0|   3|  165|   49|    0|
    |mul_32s_32s_32_2_1_U87   |mul_32s_32s_32_2_1  |        0|   3|  165|   49|    0|
    |mul_32s_32s_32_2_1_U88   |mul_32s_32s_32_2_1  |        0|   3|  165|   49|    0|
    |mul_32s_32s_32_2_1_U89   |mul_32s_32s_32_2_1  |        0|   3|  165|   49|    0|
    |mul_32s_32s_32_2_1_U90   |mul_32s_32s_32_2_1  |        0|   3|  165|   49|    0|
    |mul_32s_32s_32_2_1_U91   |mul_32s_32s_32_2_1  |        0|   3|  165|   49|    0|
    |mul_32s_32s_32_2_1_U92   |mul_32s_32s_32_2_1  |        0|   3|  165|   49|    0|
    |mul_32s_32s_32_2_1_U93   |mul_32s_32s_32_2_1  |        0|   3|  165|   49|    0|
    |mul_32s_32s_32_2_1_U94   |mul_32s_32s_32_2_1  |        0|   3|  165|   49|    0|
    |mul_32s_32s_32_2_1_U95   |mul_32s_32s_32_2_1  |        0|   3|  165|   49|    0|
    |mul_32s_32s_32_2_1_U96   |mul_32s_32s_32_2_1  |        0|   3|  165|   49|    0|
    |mul_32s_32s_32_2_1_U97   |mul_32s_32s_32_2_1  |        0|   3|  165|   49|    0|
    |mul_32s_32s_32_2_1_U98   |mul_32s_32s_32_2_1  |        0|   3|  165|   49|    0|
    |mul_32s_32s_32_2_1_U99   |mul_32s_32s_32_2_1  |        0|   3|  165|   49|    0|
    |mul_32s_32s_32_2_1_U100  |mul_32s_32s_32_2_1  |        0|   3|  165|   49|    0|
    |mul_32s_32s_32_2_1_U101  |mul_32s_32s_32_2_1  |        0|   3|  165|   49|    0|
    |mul_32s_32s_32_2_1_U102  |mul_32s_32s_32_2_1  |        0|   3|  165|   49|    0|
    |mul_32s_32s_32_2_1_U103  |mul_32s_32s_32_2_1  |        0|   3|  165|   49|    0|
    |mul_32s_32s_32_2_1_U104  |mul_32s_32s_32_2_1  |        0|   3|  165|   49|    0|
    |mul_32s_32s_32_2_1_U105  |mul_32s_32s_32_2_1  |        0|   3|  165|   49|    0|
    |mul_32s_32s_32_2_1_U106  |mul_32s_32s_32_2_1  |        0|   3|  165|   49|    0|
    |mul_32s_32s_32_2_1_U107  |mul_32s_32s_32_2_1  |        0|   3|  165|   49|    0|
    |mul_32s_32s_32_2_1_U108  |mul_32s_32s_32_2_1  |        0|   3|  165|   49|    0|
    |mul_32s_32s_32_2_1_U109  |mul_32s_32s_32_2_1  |        0|   3|  165|   49|    0|
    |mul_32s_32s_32_2_1_U110  |mul_32s_32s_32_2_1  |        0|   3|  165|   49|    0|
    |mul_32s_32s_32_2_1_U111  |mul_32s_32s_32_2_1  |        0|   3|  165|   49|    0|
    |mul_32s_32s_32_2_1_U112  |mul_32s_32s_32_2_1  |        0|   3|  165|   49|    0|
    |mul_32s_32s_32_2_1_U113  |mul_32s_32s_32_2_1  |        0|   3|  165|   49|    0|
    |mul_32s_32s_32_2_1_U114  |mul_32s_32s_32_2_1  |        0|   3|  165|   49|    0|
    |mul_32s_32s_32_2_1_U115  |mul_32s_32s_32_2_1  |        0|   3|  165|   49|    0|
    |mul_32s_32s_32_2_1_U116  |mul_32s_32s_32_2_1  |        0|   3|  165|   49|    0|
    |mul_32s_32s_32_2_1_U117  |mul_32s_32s_32_2_1  |        0|   3|  165|   49|    0|
    |mul_32s_32s_32_2_1_U118  |mul_32s_32s_32_2_1  |        0|   3|  165|   49|    0|
    |mul_32s_32s_32_2_1_U119  |mul_32s_32s_32_2_1  |        0|   3|  165|   49|    0|
    |mul_32s_32s_32_2_1_U120  |mul_32s_32s_32_2_1  |        0|   3|  165|   49|    0|
    |mul_32s_32s_32_2_1_U121  |mul_32s_32s_32_2_1  |        0|   3|  165|   49|    0|
    |mul_32s_32s_32_2_1_U122  |mul_32s_32s_32_2_1  |        0|   3|  165|   49|    0|
    |mul_32s_32s_32_2_1_U123  |mul_32s_32s_32_2_1  |        0|   3|  165|   49|    0|
    |mul_32s_32s_32_2_1_U124  |mul_32s_32s_32_2_1  |        0|   3|  165|   49|    0|
    |mul_32s_32s_32_2_1_U125  |mul_32s_32s_32_2_1  |        0|   3|  165|   49|    0|
    |mul_32s_32s_32_2_1_U126  |mul_32s_32s_32_2_1  |        0|   3|  165|   49|    0|
    |mul_32s_32s_32_2_1_U127  |mul_32s_32s_32_2_1  |        0|   3|  165|   49|    0|
    |mul_32s_32s_32_2_1_U128  |mul_32s_32s_32_2_1  |        0|   3|  165|   49|    0|
    |mul_32s_32s_32_2_1_U129  |mul_32s_32s_32_2_1  |        0|   3|  165|   49|    0|
    |mul_32s_32s_32_2_1_U130  |mul_32s_32s_32_2_1  |        0|   3|  165|   49|    0|
    |mul_32s_32s_32_2_1_U131  |mul_32s_32s_32_2_1  |        0|   3|  165|   49|    0|
    |mul_32s_32s_32_2_1_U132  |mul_32s_32s_32_2_1  |        0|   3|  165|   49|    0|
    |mul_32s_32s_32_2_1_U133  |mul_32s_32s_32_2_1  |        0|   3|  165|   49|    0|
    |mul_32s_32s_32_2_1_U134  |mul_32s_32s_32_2_1  |        0|   3|  165|   49|    0|
    |mul_32s_32s_32_2_1_U135  |mul_32s_32s_32_2_1  |        0|   3|  165|   49|    0|
    |mul_32s_32s_32_2_1_U136  |mul_32s_32s_32_2_1  |        0|   3|  165|   49|    0|
    |mul_32s_32s_32_2_1_U137  |mul_32s_32s_32_2_1  |        0|   3|  165|   49|    0|
    |mul_32s_32s_32_2_1_U138  |mul_32s_32s_32_2_1  |        0|   3|  165|   49|    0|
    |mul_32s_32s_32_2_1_U139  |mul_32s_32s_32_2_1  |        0|   3|  165|   49|    0|
    |mul_32s_32s_32_2_1_U140  |mul_32s_32s_32_2_1  |        0|   3|  165|   49|    0|
    |mul_32s_32s_32_2_1_U141  |mul_32s_32s_32_2_1  |        0|   3|  165|   49|    0|
    |mul_32s_32s_32_2_1_U142  |mul_32s_32s_32_2_1  |        0|   3|  165|   49|    0|
    |mul_32s_32s_32_2_1_U143  |mul_32s_32s_32_2_1  |        0|   3|  165|   49|    0|
    |mul_32s_32s_32_2_1_U144  |mul_32s_32s_32_2_1  |        0|   3|  165|   49|    0|
    |mul_32s_32s_32_2_1_U145  |mul_32s_32s_32_2_1  |        0|   3|  165|   49|    0|
    |mul_32s_32s_32_2_1_U146  |mul_32s_32s_32_2_1  |        0|   3|  165|   49|    0|
    |mul_32s_32s_32_2_1_U147  |mul_32s_32s_32_2_1  |        0|   3|  165|   49|    0|
    |mul_32s_32s_32_2_1_U148  |mul_32s_32s_32_2_1  |        0|   3|  165|   49|    0|
    |mul_32s_32s_32_2_1_U149  |mul_32s_32s_32_2_1  |        0|   3|  165|   49|    0|
    |mul_32s_32s_32_2_1_U150  |mul_32s_32s_32_2_1  |        0|   3|  165|   49|    0|
    |mul_32s_32s_32_2_1_U151  |mul_32s_32s_32_2_1  |        0|   3|  165|   49|    0|
    |mul_32s_32s_32_2_1_U152  |mul_32s_32s_32_2_1  |        0|   3|  165|   49|    0|
    |mul_32s_32s_32_2_1_U153  |mul_32s_32s_32_2_1  |        0|   3|  165|   49|    0|
    |mul_32s_32s_32_2_1_U154  |mul_32s_32s_32_2_1  |        0|   3|  165|   49|    0|
    |mul_32s_32s_32_2_1_U155  |mul_32s_32s_32_2_1  |        0|   3|  165|   49|    0|
    |mul_32s_32s_32_2_1_U156  |mul_32s_32s_32_2_1  |        0|   3|  165|   49|    0|
    |mul_32s_32s_32_2_1_U157  |mul_32s_32s_32_2_1  |        0|   3|  165|   49|    0|
    |mul_32s_32s_32_2_1_U158  |mul_32s_32s_32_2_1  |        0|   3|  165|   49|    0|
    |mul_32s_32s_32_2_1_U159  |mul_32s_32s_32_2_1  |        0|   3|  165|   49|    0|
    |mul_32s_32s_32_2_1_U160  |mul_32s_32s_32_2_1  |        0|   3|  165|   49|    0|
    |mul_32s_32s_32_2_1_U161  |mul_32s_32s_32_2_1  |        0|   3|  165|   49|    0|
    |mul_32s_32s_32_2_1_U162  |mul_32s_32s_32_2_1  |        0|   3|  165|   49|    0|
    |mul_32s_32s_32_2_1_U163  |mul_32s_32s_32_2_1  |        0|   3|  165|   49|    0|
    |mul_32s_32s_32_2_1_U164  |mul_32s_32s_32_2_1  |        0|   3|  165|   49|    0|
    |mul_32s_32s_32_2_1_U165  |mul_32s_32s_32_2_1  |        0|   3|  165|   49|    0|
    |mul_32s_32s_32_2_1_U166  |mul_32s_32s_32_2_1  |        0|   3|  165|   49|    0|
    |mul_32s_32s_32_2_1_U167  |mul_32s_32s_32_2_1  |        0|   3|  165|   49|    0|
    |mul_32s_32s_32_2_1_U168  |mul_32s_32s_32_2_1  |        0|   3|  165|   49|    0|
    |mul_32s_32s_32_2_1_U169  |mul_32s_32s_32_2_1  |        0|   3|  165|   49|    0|
    |mul_32s_32s_32_2_1_U170  |mul_32s_32s_32_2_1  |        0|   3|  165|   49|    0|
    |mul_32s_32s_32_2_1_U171  |mul_32s_32s_32_2_1  |        0|   3|  165|   49|    0|
    |mul_32s_32s_32_2_1_U172  |mul_32s_32s_32_2_1  |        0|   3|  165|   49|    0|
    |mul_32s_32s_32_2_1_U173  |mul_32s_32s_32_2_1  |        0|   3|  165|   49|    0|
    |mul_32s_32s_32_2_1_U174  |mul_32s_32s_32_2_1  |        0|   3|  165|   49|    0|
    |mul_32s_32s_32_2_1_U175  |mul_32s_32s_32_2_1  |        0|   3|  165|   49|    0|
    |mul_32s_32s_32_2_1_U176  |mul_32s_32s_32_2_1  |        0|   3|  165|   49|    0|
    |mul_32s_32s_32_2_1_U177  |mul_32s_32s_32_2_1  |        0|   3|  165|   49|    0|
    |mul_32s_32s_32_2_1_U178  |mul_32s_32s_32_2_1  |        0|   3|  165|   49|    0|
    |mul_32s_32s_32_2_1_U179  |mul_32s_32s_32_2_1  |        0|   3|  165|   49|    0|
    |mul_32s_32s_32_2_1_U180  |mul_32s_32s_32_2_1  |        0|   3|  165|   49|    0|
    |mul_32s_32s_32_2_1_U181  |mul_32s_32s_32_2_1  |        0|   3|  165|   49|    0|
    |mul_32s_32s_32_2_1_U182  |mul_32s_32s_32_2_1  |        0|   3|  165|   49|    0|
    |mul_32s_32s_32_2_1_U183  |mul_32s_32s_32_2_1  |        0|   3|  165|   49|    0|
    |mul_32s_32s_32_2_1_U184  |mul_32s_32s_32_2_1  |        0|   3|  165|   49|    0|
    |mul_32s_32s_32_2_1_U185  |mul_32s_32s_32_2_1  |        0|   3|  165|   49|    0|
    |mul_32s_32s_32_2_1_U186  |mul_32s_32s_32_2_1  |        0|   3|  165|   49|    0|
    |mul_32s_32s_32_2_1_U187  |mul_32s_32s_32_2_1  |        0|   3|  165|   49|    0|
    |mul_32s_32s_32_2_1_U188  |mul_32s_32s_32_2_1  |        0|   3|  165|   49|    0|
    |mul_32s_32s_32_2_1_U189  |mul_32s_32s_32_2_1  |        0|   3|  165|   49|    0|
    |mul_32s_32s_32_2_1_U190  |mul_32s_32s_32_2_1  |        0|   3|  165|   49|    0|
    |mul_32s_32s_32_2_1_U191  |mul_32s_32s_32_2_1  |        0|   3|  165|   49|    0|
    |mul_32s_32s_32_2_1_U192  |mul_32s_32s_32_2_1  |        0|   3|  165|   49|    0|
    |mul_32s_32s_32_2_1_U193  |mul_32s_32s_32_2_1  |        0|   3|  165|   49|    0|
    |mul_32s_32s_32_2_1_U194  |mul_32s_32s_32_2_1  |        0|   3|  165|   49|    0|
    |mul_32s_32s_32_2_1_U195  |mul_32s_32s_32_2_1  |        0|   3|  165|   49|    0|
    |mul_32s_32s_32_2_1_U196  |mul_32s_32s_32_2_1  |        0|   3|  165|   49|    0|
    |mul_32s_32s_32_2_1_U197  |mul_32s_32s_32_2_1  |        0|   3|  165|   49|    0|
    |mul_32s_32s_32_2_1_U198  |mul_32s_32s_32_2_1  |        0|   3|  165|   49|    0|
    |mul_32s_32s_32_2_1_U199  |mul_32s_32s_32_2_1  |        0|   3|  165|   49|    0|
    |mul_32s_32s_32_2_1_U200  |mul_32s_32s_32_2_1  |        0|   3|  165|   49|    0|
    |mul_32s_32s_32_2_1_U201  |mul_32s_32s_32_2_1  |        0|   3|  165|   49|    0|
    |mul_32s_32s_32_2_1_U202  |mul_32s_32s_32_2_1  |        0|   3|  165|   49|    0|
    |mul_32s_32s_32_2_1_U203  |mul_32s_32s_32_2_1  |        0|   3|  165|   49|    0|
    |mul_32s_32s_32_2_1_U204  |mul_32s_32s_32_2_1  |        0|   3|  165|   49|    0|
    |mul_32s_32s_32_2_1_U205  |mul_32s_32s_32_2_1  |        0|   3|  165|   49|    0|
    |mul_32s_32s_32_2_1_U206  |mul_32s_32s_32_2_1  |        0|   3|  165|   49|    0|
    |mul_32s_32s_32_2_1_U207  |mul_32s_32s_32_2_1  |        0|   3|  165|   49|    0|
    |mul_32s_32s_32_2_1_U208  |mul_32s_32s_32_2_1  |        0|   3|  165|   49|    0|
    |mul_32s_32s_32_2_1_U209  |mul_32s_32s_32_2_1  |        0|   3|  165|   49|    0|
    |mul_32s_32s_32_2_1_U210  |mul_32s_32s_32_2_1  |        0|   3|  165|   49|    0|
    |mul_32s_32s_32_2_1_U211  |mul_32s_32s_32_2_1  |        0|   3|  165|   49|    0|
    |mul_32s_32s_32_2_1_U212  |mul_32s_32s_32_2_1  |        0|   3|  165|   49|    0|
    |mul_32s_32s_32_2_1_U213  |mul_32s_32s_32_2_1  |        0|   3|  165|   49|    0|
    |mul_32s_32s_32_2_1_U214  |mul_32s_32s_32_2_1  |        0|   3|  165|   49|    0|
    |mul_32s_32s_32_2_1_U215  |mul_32s_32s_32_2_1  |        0|   3|  165|   49|    0|
    |mul_32s_32s_32_2_1_U216  |mul_32s_32s_32_2_1  |        0|   3|  165|   49|    0|
    |mul_32s_32s_32_2_1_U217  |mul_32s_32s_32_2_1  |        0|   3|  165|   49|    0|
    |mul_32s_32s_32_2_1_U218  |mul_32s_32s_32_2_1  |        0|   3|  165|   49|    0|
    |mul_32s_32s_32_2_1_U219  |mul_32s_32s_32_2_1  |        0|   3|  165|   49|    0|
    |mul_32s_32s_32_2_1_U220  |mul_32s_32s_32_2_1  |        0|   3|  165|   49|    0|
    |mul_32s_32s_32_2_1_U221  |mul_32s_32s_32_2_1  |        0|   3|  165|   49|    0|
    |mul_32s_32s_32_2_1_U222  |mul_32s_32s_32_2_1  |        0|   3|  165|   49|    0|
    |mul_32s_32s_32_2_1_U223  |mul_32s_32s_32_2_1  |        0|   3|  165|   49|    0|
    |mul_32s_32s_32_2_1_U224  |mul_32s_32s_32_2_1  |        0|   3|  165|   49|    0|
    |mul_32s_32s_32_2_1_U225  |mul_32s_32s_32_2_1  |        0|   3|  165|   49|    0|
    |mul_32s_32s_32_2_1_U226  |mul_32s_32s_32_2_1  |        0|   3|  165|   49|    0|
    |mul_32s_32s_32_2_1_U227  |mul_32s_32s_32_2_1  |        0|   3|  165|   49|    0|
    |mul_32s_32s_32_2_1_U228  |mul_32s_32s_32_2_1  |        0|   3|  165|   49|    0|
    |mul_32s_32s_32_2_1_U229  |mul_32s_32s_32_2_1  |        0|   3|  165|   49|    0|
    |mul_32s_32s_32_2_1_U230  |mul_32s_32s_32_2_1  |        0|   3|  165|   49|    0|
    |mul_32s_32s_32_2_1_U231  |mul_32s_32s_32_2_1  |        0|   3|  165|   49|    0|
    |mul_32s_32s_32_2_1_U232  |mul_32s_32s_32_2_1  |        0|   3|  165|   49|    0|
    |mul_32s_32s_32_2_1_U233  |mul_32s_32s_32_2_1  |        0|   3|  165|   49|    0|
    |mul_32s_32s_32_2_1_U234  |mul_32s_32s_32_2_1  |        0|   3|  165|   49|    0|
    |mul_32s_32s_32_2_1_U235  |mul_32s_32s_32_2_1  |        0|   3|  165|   49|    0|
    |mul_32s_32s_32_2_1_U236  |mul_32s_32s_32_2_1  |        0|   3|  165|   49|    0|
    |mul_32s_32s_32_2_1_U237  |mul_32s_32s_32_2_1  |        0|   3|  165|   49|    0|
    |mul_32s_32s_32_2_1_U238  |mul_32s_32s_32_2_1  |        0|   3|  165|   49|    0|
    |mul_32s_32s_32_2_1_U239  |mul_32s_32s_32_2_1  |        0|   3|  165|   49|    0|
    |mul_32s_32s_32_2_1_U240  |mul_32s_32s_32_2_1  |        0|   3|  165|   49|    0|
    |mul_32s_32s_32_2_1_U241  |mul_32s_32s_32_2_1  |        0|   3|  165|   49|    0|
    |mul_32s_32s_32_2_1_U242  |mul_32s_32s_32_2_1  |        0|   3|  165|   49|    0|
    |mul_32s_32s_32_2_1_U243  |mul_32s_32s_32_2_1  |        0|   3|  165|   49|    0|
    |mul_32s_32s_32_2_1_U244  |mul_32s_32s_32_2_1  |        0|   3|  165|   49|    0|
    |mul_32s_32s_32_2_1_U245  |mul_32s_32s_32_2_1  |        0|   3|  165|   49|    0|
    |mul_32s_32s_32_2_1_U246  |mul_32s_32s_32_2_1  |        0|   3|  165|   49|    0|
    |mul_32s_32s_32_2_1_U247  |mul_32s_32s_32_2_1  |        0|   3|  165|   49|    0|
    |mul_32s_32s_32_2_1_U248  |mul_32s_32s_32_2_1  |        0|   3|  165|   49|    0|
    |mul_32s_32s_32_2_1_U249  |mul_32s_32s_32_2_1  |        0|   3|  165|   49|    0|
    |mul_32s_32s_32_2_1_U250  |mul_32s_32s_32_2_1  |        0|   3|  165|   49|    0|
    |mul_32s_32s_32_2_1_U251  |mul_32s_32s_32_2_1  |        0|   3|  165|   49|    0|
    |mul_32s_32s_32_2_1_U252  |mul_32s_32s_32_2_1  |        0|   3|  165|   49|    0|
    |mul_32s_32s_32_2_1_U253  |mul_32s_32s_32_2_1  |        0|   3|  165|   49|    0|
    |mul_32s_32s_32_2_1_U254  |mul_32s_32s_32_2_1  |        0|   3|  165|   49|    0|
    |mul_32s_32s_32_2_1_U255  |mul_32s_32s_32_2_1  |        0|   3|  165|   49|    0|
    |mul_32s_32s_32_2_1_U256  |mul_32s_32s_32_2_1  |        0|   3|  165|   49|    0|
    |mul_32s_32s_32_2_1_U257  |mul_32s_32s_32_2_1  |        0|   3|  165|   49|    0|
    |mul_32s_32s_32_2_1_U258  |mul_32s_32s_32_2_1  |        0|   3|  165|   49|    0|
    |mul_32s_32s_32_2_1_U259  |mul_32s_32s_32_2_1  |        0|   3|  165|   49|    0|
    |mul_32s_32s_32_2_1_U260  |mul_32s_32s_32_2_1  |        0|   3|  165|   49|    0|
    |mul_32s_32s_32_2_1_U261  |mul_32s_32s_32_2_1  |        0|   3|  165|   49|    0|
    |mul_32s_32s_32_2_1_U262  |mul_32s_32s_32_2_1  |        0|   3|  165|   49|    0|
    |mul_32s_32s_32_2_1_U263  |mul_32s_32s_32_2_1  |        0|   3|  165|   49|    0|
    |mul_32s_32s_32_2_1_U264  |mul_32s_32s_32_2_1  |        0|   3|  165|   49|    0|
    |mul_32s_32s_32_2_1_U265  |mul_32s_32s_32_2_1  |        0|   3|  165|   49|    0|
    |mul_32s_32s_32_2_1_U266  |mul_32s_32s_32_2_1  |        0|   3|  165|   49|    0|
    |mul_32s_32s_32_2_1_U267  |mul_32s_32s_32_2_1  |        0|   3|  165|   49|    0|
    |mul_32s_32s_32_2_1_U268  |mul_32s_32s_32_2_1  |        0|   3|  165|   49|    0|
    |mul_32s_32s_32_2_1_U269  |mul_32s_32s_32_2_1  |        0|   3|  165|   49|    0|
    |mul_32s_32s_32_2_1_U270  |mul_32s_32s_32_2_1  |        0|   3|  165|   49|    0|
    |mul_32s_32s_32_2_1_U271  |mul_32s_32s_32_2_1  |        0|   3|  165|   49|    0|
    |mul_32s_32s_32_2_1_U272  |mul_32s_32s_32_2_1  |        0|   3|  165|   49|    0|
    |mul_32s_32s_32_2_1_U273  |mul_32s_32s_32_2_1  |        0|   3|  165|   49|    0|
    |mul_32s_32s_32_2_1_U274  |mul_32s_32s_32_2_1  |        0|   3|  165|   49|    0|
    |mul_32s_32s_32_2_1_U275  |mul_32s_32s_32_2_1  |        0|   3|  165|   49|    0|
    |mul_32s_32s_32_2_1_U276  |mul_32s_32s_32_2_1  |        0|   3|  165|   49|    0|
    |mul_32s_32s_32_2_1_U277  |mul_32s_32s_32_2_1  |        0|   3|  165|   49|    0|
    |mul_32s_32s_32_2_1_U278  |mul_32s_32s_32_2_1  |        0|   3|  165|   49|    0|
    |mul_32s_32s_32_2_1_U279  |mul_32s_32s_32_2_1  |        0|   3|  165|   49|    0|
    |mul_32s_32s_32_2_1_U280  |mul_32s_32s_32_2_1  |        0|   3|  165|   49|    0|
    |mul_32s_32s_32_2_1_U281  |mul_32s_32s_32_2_1  |        0|   3|  165|   49|    0|
    |mul_32s_32s_32_2_1_U282  |mul_32s_32s_32_2_1  |        0|   3|  165|   49|    0|
    |mul_32s_32s_32_2_1_U283  |mul_32s_32s_32_2_1  |        0|   3|  165|   49|    0|
    |mul_32s_32s_32_2_1_U284  |mul_32s_32s_32_2_1  |        0|   3|  165|   49|    0|
    |mul_32s_32s_32_2_1_U285  |mul_32s_32s_32_2_1  |        0|   3|  165|   49|    0|
    |mul_32s_32s_32_2_1_U286  |mul_32s_32s_32_2_1  |        0|   3|  165|   49|    0|
    |mul_32s_32s_32_2_1_U287  |mul_32s_32s_32_2_1  |        0|   3|  165|   49|    0|
    |mul_32s_32s_32_2_1_U288  |mul_32s_32s_32_2_1  |        0|   3|  165|   49|    0|
    |mul_32s_32s_32_2_1_U289  |mul_32s_32s_32_2_1  |        0|   3|  165|   49|    0|
    |mul_32s_32s_32_2_1_U290  |mul_32s_32s_32_2_1  |        0|   3|  165|   49|    0|
    |mul_32s_32s_32_2_1_U291  |mul_32s_32s_32_2_1  |        0|   3|  165|   49|    0|
    |mul_32s_32s_32_2_1_U292  |mul_32s_32s_32_2_1  |        0|   3|  165|   49|    0|
    +-------------------------+--------------------+---------+----+-----+-----+-----+
    |Total                    |                    |        0| 768|42240|12544|    0|
    +-------------------------+--------------------+---------+----+-----+-----+-----+

    * DSP: 
    N/A

    * Memory: 
    N/A

    * FIFO: 
    N/A

    * Expression: 
    +------------------------+----------+----+---+-----+------------+------------+
    |      Variable Name     | Operation| DSP| FF| LUT | Bitwidth P0| Bitwidth P1|
    +------------------------+----------+----+---+-----+------------+------------+
    |add_ln150_fu_5208_p2    |         +|   0|  0|   38|          31|           1|
    |result_100_fu_7460_p2   |         +|   0|  0|   39|          32|          32|
    |result_101_fu_7472_p2   |         +|   0|  0|   39|          32|          32|
    |result_102_fu_7484_p2   |         +|   0|  0|   39|          32|          32|
    |result_103_fu_7496_p2   |         +|   0|  0|   39|          32|          32|
    |result_104_fu_7508_p2   |         +|   0|  0|   39|          32|          32|
    |result_105_fu_7520_p2   |         +|   0|  0|   39|          32|          32|
    |result_106_fu_7532_p2   |         +|   0|  0|   39|          32|          32|
    |result_107_fu_7544_p2   |         +|   0|  0|   39|          32|          32|
    |result_108_fu_7556_p2   |         +|   0|  0|   39|          32|          32|
    |result_109_fu_7568_p2   |         +|   0|  0|   39|          32|          32|
    |result_10_fu_6380_p2    |         +|   0|  0|   39|          32|          32|
    |result_110_fu_7580_p2   |         +|   0|  0|   39|          32|          32|
    |result_111_fu_7592_p2   |         +|   0|  0|   39|          32|          32|
    |result_112_fu_7604_p2   |         +|   0|  0|   39|          32|          32|
    |result_113_fu_7616_p2   |         +|   0|  0|   39|          32|          32|
    |result_114_fu_7628_p2   |         +|   0|  0|   39|          32|          32|
    |result_115_fu_7640_p2   |         +|   0|  0|   39|          32|          32|
    |result_116_fu_7652_p2   |         +|   0|  0|   39|          32|          32|
    |result_117_fu_7664_p2   |         +|   0|  0|   39|          32|          32|
    |result_118_fu_7676_p2   |         +|   0|  0|   39|          32|          32|
    |result_119_fu_7688_p2   |         +|   0|  0|   39|          32|          32|
    |result_11_fu_6392_p2    |         +|   0|  0|   39|          32|          32|
    |result_120_fu_7700_p2   |         +|   0|  0|   39|          32|          32|
    |result_121_fu_7712_p2   |         +|   0|  0|   39|          32|          32|
    |result_122_fu_7724_p2   |         +|   0|  0|   39|          32|          32|
    |result_123_fu_7736_p2   |         +|   0|  0|   39|          32|          32|
    |result_124_fu_7748_p2   |         +|   0|  0|   39|          32|          32|
    |result_125_fu_7760_p2   |         +|   0|  0|   39|          32|          32|
    |result_126_fu_7772_p2   |         +|   0|  0|   39|          32|          32|
    |result_127_fu_7784_p2   |         +|   0|  0|   39|          32|          32|
    |result_128_fu_7796_p2   |         +|   0|  0|   39|          32|          32|
    |result_129_fu_7808_p2   |         +|   0|  0|   39|          32|          32|
    |result_12_fu_6404_p2    |         +|   0|  0|   39|          32|          32|
    |result_130_fu_7820_p2   |         +|   0|  0|   39|          32|          32|
    |result_131_fu_7832_p2   |         +|   0|  0|   39|          32|          32|
    |result_132_fu_7844_p2   |         +|   0|  0|   39|          32|          32|
    |result_133_fu_7856_p2   |         +|   0|  0|   39|          32|          32|
    |result_134_fu_7868_p2   |         +|   0|  0|   39|          32|          32|
    |result_135_fu_7880_p2   |         +|   0|  0|   39|          32|          32|
    |result_136_fu_7892_p2   |         +|   0|  0|   39|          32|          32|
    |result_137_fu_7904_p2   |         +|   0|  0|   39|          32|          32|
    |result_138_fu_7916_p2   |         +|   0|  0|   39|          32|          32|
    |result_139_fu_7928_p2   |         +|   0|  0|   39|          32|          32|
    |result_13_fu_6416_p2    |         +|   0|  0|   39|          32|          32|
    |result_140_fu_7940_p2   |         +|   0|  0|   39|          32|          32|
    |result_141_fu_7952_p2   |         +|   0|  0|   39|          32|          32|
    |result_142_fu_7964_p2   |         +|   0|  0|   39|          32|          32|
    |result_143_fu_7976_p2   |         +|   0|  0|   39|          32|          32|
    |result_144_fu_7988_p2   |         +|   0|  0|   39|          32|          32|
    |result_145_fu_8000_p2   |         +|   0|  0|   39|          32|          32|
    |result_146_fu_8012_p2   |         +|   0|  0|   39|          32|          32|
    |result_147_fu_8024_p2   |         +|   0|  0|   39|          32|          32|
    |result_148_fu_8036_p2   |         +|   0|  0|   39|          32|          32|
    |result_149_fu_8048_p2   |         +|   0|  0|   39|          32|          32|
    |result_14_fu_6428_p2    |         +|   0|  0|   39|          32|          32|
    |result_150_fu_8060_p2   |         +|   0|  0|   39|          32|          32|
    |result_151_fu_8072_p2   |         +|   0|  0|   39|          32|          32|
    |result_152_fu_8084_p2   |         +|   0|  0|   39|          32|          32|
    |result_153_fu_8096_p2   |         +|   0|  0|   39|          32|          32|
    |result_154_fu_8108_p2   |         +|   0|  0|   39|          32|          32|
    |result_155_fu_8120_p2   |         +|   0|  0|   39|          32|          32|
    |result_156_fu_8132_p2   |         +|   0|  0|   39|          32|          32|
    |result_157_fu_8144_p2   |         +|   0|  0|   39|          32|          32|
    |result_158_fu_8156_p2   |         +|   0|  0|   39|          32|          32|
    |result_159_fu_8168_p2   |         +|   0|  0|   39|          32|          32|
    |result_15_fu_6440_p2    |         +|   0|  0|   39|          32|          32|
    |result_160_fu_8180_p2   |         +|   0|  0|   39|          32|          32|
    |result_161_fu_8192_p2   |         +|   0|  0|   39|          32|          32|
    |result_162_fu_8204_p2   |         +|   0|  0|   39|          32|          32|
    |result_163_fu_8216_p2   |         +|   0|  0|   39|          32|          32|
    |result_164_fu_8228_p2   |         +|   0|  0|   39|          32|          32|
    |result_165_fu_8240_p2   |         +|   0|  0|   39|          32|          32|
    |result_166_fu_8252_p2   |         +|   0|  0|   39|          32|          32|
    |result_167_fu_8264_p2   |         +|   0|  0|   39|          32|          32|
    |result_168_fu_8276_p2   |         +|   0|  0|   39|          32|          32|
    |result_169_fu_8288_p2   |         +|   0|  0|   39|          32|          32|
    |result_16_fu_6452_p2    |         +|   0|  0|   39|          32|          32|
    |result_170_fu_8300_p2   |         +|   0|  0|   39|          32|          32|
    |result_171_fu_8312_p2   |         +|   0|  0|   39|          32|          32|
    |result_172_fu_8324_p2   |         +|   0|  0|   39|          32|          32|
    |result_173_fu_8336_p2   |         +|   0|  0|   39|          32|          32|
    |result_174_fu_8348_p2   |         +|   0|  0|   39|          32|          32|
    |result_175_fu_8360_p2   |         +|   0|  0|   39|          32|          32|
    |result_176_fu_8372_p2   |         +|   0|  0|   39|          32|          32|
    |result_177_fu_8384_p2   |         +|   0|  0|   39|          32|          32|
    |result_178_fu_8396_p2   |         +|   0|  0|   39|          32|          32|
    |result_179_fu_8408_p2   |         +|   0|  0|   39|          32|          32|
    |result_17_fu_6464_p2    |         +|   0|  0|   39|          32|          32|
    |result_180_fu_8420_p2   |         +|   0|  0|   39|          32|          32|
    |result_181_fu_8432_p2   |         +|   0|  0|   39|          32|          32|
    |result_182_fu_8444_p2   |         +|   0|  0|   39|          32|          32|
    |result_183_fu_8456_p2   |         +|   0|  0|   39|          32|          32|
    |result_184_fu_8468_p2   |         +|   0|  0|   39|          32|          32|
    |result_185_fu_8480_p2   |         +|   0|  0|   39|          32|          32|
    |result_186_fu_8492_p2   |         +|   0|  0|   39|          32|          32|
    |result_187_fu_8504_p2   |         +|   0|  0|   39|          32|          32|
    |result_188_fu_8516_p2   |         +|   0|  0|   39|          32|          32|
    |result_189_fu_8528_p2   |         +|   0|  0|   39|          32|          32|
    |result_18_fu_6476_p2    |         +|   0|  0|   39|          32|          32|
    |result_190_fu_8540_p2   |         +|   0|  0|   39|          32|          32|
    |result_191_fu_8552_p2   |         +|   0|  0|   39|          32|          32|
    |result_192_fu_8564_p2   |         +|   0|  0|   39|          32|          32|
    |result_193_fu_8576_p2   |         +|   0|  0|   39|          32|          32|
    |result_194_fu_8588_p2   |         +|   0|  0|   39|          32|          32|
    |result_195_fu_8600_p2   |         +|   0|  0|   39|          32|          32|
    |result_196_fu_8612_p2   |         +|   0|  0|   39|          32|          32|
    |result_197_fu_8624_p2   |         +|   0|  0|   39|          32|          32|
    |result_198_fu_8636_p2   |         +|   0|  0|   39|          32|          32|
    |result_199_fu_8648_p2   |         +|   0|  0|   39|          32|          32|
    |result_19_fu_6488_p2    |         +|   0|  0|   39|          32|          32|
    |result_1_fu_6272_p2     |         +|   0|  0|   39|          32|          32|
    |result_200_fu_8660_p2   |         +|   0|  0|   39|          32|          32|
    |result_201_fu_8672_p2   |         +|   0|  0|   39|          32|          32|
    |result_202_fu_8684_p2   |         +|   0|  0|   39|          32|          32|
    |result_203_fu_8696_p2   |         +|   0|  0|   39|          32|          32|
    |result_204_fu_8708_p2   |         +|   0|  0|   39|          32|          32|
    |result_205_fu_8720_p2   |         +|   0|  0|   39|          32|          32|
    |result_206_fu_8732_p2   |         +|   0|  0|   39|          32|          32|
    |result_207_fu_8744_p2   |         +|   0|  0|   39|          32|          32|
    |result_208_fu_8756_p2   |         +|   0|  0|   39|          32|          32|
    |result_209_fu_8768_p2   |         +|   0|  0|   39|          32|          32|
    |result_20_fu_6500_p2    |         +|   0|  0|   39|          32|          32|
    |result_210_fu_8780_p2   |         +|   0|  0|   39|          32|          32|
    |result_211_fu_8792_p2   |         +|   0|  0|   39|          32|          32|
    |result_212_fu_8804_p2   |         +|   0|  0|   39|          32|          32|
    |result_213_fu_8816_p2   |         +|   0|  0|   39|          32|          32|
    |result_214_fu_8828_p2   |         +|   0|  0|   39|          32|          32|
    |result_215_fu_8840_p2   |         +|   0|  0|   39|          32|          32|
    |result_216_fu_8852_p2   |         +|   0|  0|   39|          32|          32|
    |result_217_fu_8864_p2   |         +|   0|  0|   39|          32|          32|
    |result_218_fu_8876_p2   |         +|   0|  0|   39|          32|          32|
    |result_219_fu_8888_p2   |         +|   0|  0|   39|          32|          32|
    |result_21_fu_6512_p2    |         +|   0|  0|   39|          32|          32|
    |result_220_fu_8900_p2   |         +|   0|  0|   39|          32|          32|
    |result_221_fu_8912_p2   |         +|   0|  0|   39|          32|          32|
    |result_222_fu_8924_p2   |         +|   0|  0|   39|          32|          32|
    |result_223_fu_8936_p2   |         +|   0|  0|   39|          32|          32|
    |result_224_fu_8948_p2   |         +|   0|  0|   39|          32|          32|
    |result_225_fu_8960_p2   |         +|   0|  0|   39|          32|          32|
    |result_226_fu_8972_p2   |         +|   0|  0|   39|          32|          32|
    |result_227_fu_8984_p2   |         +|   0|  0|   39|          32|          32|
    |result_228_fu_8996_p2   |         +|   0|  0|   39|          32|          32|
    |result_229_fu_9008_p2   |         +|   0|  0|   39|          32|          32|
    |result_22_fu_6524_p2    |         +|   0|  0|   39|          32|          32|
    |result_230_fu_9020_p2   |         +|   0|  0|   39|          32|          32|
    |result_231_fu_9032_p2   |         +|   0|  0|   39|          32|          32|
    |result_232_fu_9044_p2   |         +|   0|  0|   39|          32|          32|
    |result_233_fu_9056_p2   |         +|   0|  0|   39|          32|          32|
    |result_234_fu_9068_p2   |         +|   0|  0|   39|          32|          32|
    |result_235_fu_9080_p2   |         +|   0|  0|   39|          32|          32|
    |result_236_fu_9092_p2   |         +|   0|  0|   39|          32|          32|
    |result_237_fu_9104_p2   |         +|   0|  0|   39|          32|          32|
    |result_238_fu_9116_p2   |         +|   0|  0|   39|          32|          32|
    |result_239_fu_9128_p2   |         +|   0|  0|   39|          32|          32|
    |result_23_fu_6536_p2    |         +|   0|  0|   39|          32|          32|
    |result_240_fu_9140_p2   |         +|   0|  0|   39|          32|          32|
    |result_241_fu_9152_p2   |         +|   0|  0|   39|          32|          32|
    |result_242_fu_9164_p2   |         +|   0|  0|   39|          32|          32|
    |result_243_fu_9176_p2   |         +|   0|  0|   39|          32|          32|
    |result_244_fu_9188_p2   |         +|   0|  0|   39|          32|          32|
    |result_245_fu_9200_p2   |         +|   0|  0|   39|          32|          32|
    |result_246_fu_9212_p2   |         +|   0|  0|   39|          32|          32|
    |result_247_fu_9224_p2   |         +|   0|  0|   39|          32|          32|
    |result_248_fu_9236_p2   |         +|   0|  0|   39|          32|          32|
    |result_249_fu_9248_p2   |         +|   0|  0|   39|          32|          32|
    |result_24_fu_6548_p2    |         +|   0|  0|   39|          32|          32|
    |result_250_fu_9260_p2   |         +|   0|  0|   39|          32|          32|
    |result_251_fu_9272_p2   |         +|   0|  0|   39|          32|          32|
    |result_252_fu_9284_p2   |         +|   0|  0|   39|          32|          32|
    |result_253_fu_9296_p2   |         +|   0|  0|   39|          32|          32|
    |result_254_fu_9308_p2   |         +|   0|  0|   39|          32|          32|
    |result_255_fu_9320_p2   |         +|   0|  0|   39|          32|          32|
    |result_25_fu_6560_p2    |         +|   0|  0|   39|          32|          32|
    |result_26_fu_6572_p2    |         +|   0|  0|   39|          32|          32|
    |result_27_fu_6584_p2    |         +|   0|  0|   39|          32|          32|
    |result_28_fu_6596_p2    |         +|   0|  0|   39|          32|          32|
    |result_29_fu_6608_p2    |         +|   0|  0|   39|          32|          32|
    |result_2_fu_6284_p2     |         +|   0|  0|   39|          32|          32|
    |result_30_fu_6620_p2    |         +|   0|  0|   39|          32|          32|
    |result_31_fu_6632_p2    |         +|   0|  0|   39|          32|          32|
    |result_32_fu_6644_p2    |         +|   0|  0|   39|          32|          32|
    |result_33_fu_6656_p2    |         +|   0|  0|   39|          32|          32|
    |result_34_fu_6668_p2    |         +|   0|  0|   39|          32|          32|
    |result_35_fu_6680_p2    |         +|   0|  0|   39|          32|          32|
    |result_36_fu_6692_p2    |         +|   0|  0|   39|          32|          32|
    |result_37_fu_6704_p2    |         +|   0|  0|   39|          32|          32|
    |result_38_fu_6716_p2    |         +|   0|  0|   39|          32|          32|
    |result_39_fu_6728_p2    |         +|   0|  0|   39|          32|          32|
    |result_3_fu_6296_p2     |         +|   0|  0|   39|          32|          32|
    |result_40_fu_6740_p2    |         +|   0|  0|   39|          32|          32|
    |result_41_fu_6752_p2    |         +|   0|  0|   39|          32|          32|
    |result_42_fu_6764_p2    |         +|   0|  0|   39|          32|          32|
    |result_43_fu_6776_p2    |         +|   0|  0|   39|          32|          32|
    |result_44_fu_6788_p2    |         +|   0|  0|   39|          32|          32|
    |result_45_fu_6800_p2    |         +|   0|  0|   39|          32|          32|
    |result_46_fu_6812_p2    |         +|   0|  0|   39|          32|          32|
    |result_47_fu_6824_p2    |         +|   0|  0|   39|          32|          32|
    |result_48_fu_6836_p2    |         +|   0|  0|   39|          32|          32|
    |result_49_fu_6848_p2    |         +|   0|  0|   39|          32|          32|
    |result_4_fu_6308_p2     |         +|   0|  0|   39|          32|          32|
    |result_50_fu_6860_p2    |         +|   0|  0|   39|          32|          32|
    |result_51_fu_6872_p2    |         +|   0|  0|   39|          32|          32|
    |result_52_fu_6884_p2    |         +|   0|  0|   39|          32|          32|
    |result_53_fu_6896_p2    |         +|   0|  0|   39|          32|          32|
    |result_54_fu_6908_p2    |         +|   0|  0|   39|          32|          32|
    |result_55_fu_6920_p2    |         +|   0|  0|   39|          32|          32|
    |result_56_fu_6932_p2    |         +|   0|  0|   39|          32|          32|
    |result_57_fu_6944_p2    |         +|   0|  0|   39|          32|          32|
    |result_58_fu_6956_p2    |         +|   0|  0|   39|          32|          32|
    |result_59_fu_6968_p2    |         +|   0|  0|   39|          32|          32|
    |result_5_fu_6320_p2     |         +|   0|  0|   39|          32|          32|
    |result_60_fu_6980_p2    |         +|   0|  0|   39|          32|          32|
    |result_61_fu_6992_p2    |         +|   0|  0|   39|          32|          32|
    |result_62_fu_7004_p2    |         +|   0|  0|   39|          32|          32|
    |result_63_fu_7016_p2    |         +|   0|  0|   39|          32|          32|
    |result_64_fu_7028_p2    |         +|   0|  0|   39|          32|          32|
    |result_65_fu_7040_p2    |         +|   0|  0|   39|          32|          32|
    |result_66_fu_7052_p2    |         +|   0|  0|   39|          32|          32|
    |result_67_fu_7064_p2    |         +|   0|  0|   39|          32|          32|
    |result_68_fu_7076_p2    |         +|   0|  0|   39|          32|          32|
    |result_69_fu_7088_p2    |         +|   0|  0|   39|          32|          32|
    |result_6_fu_6332_p2     |         +|   0|  0|   39|          32|          32|
    |result_70_fu_7100_p2    |         +|   0|  0|   39|          32|          32|
    |result_71_fu_7112_p2    |         +|   0|  0|   39|          32|          32|
    |result_72_fu_7124_p2    |         +|   0|  0|   39|          32|          32|
    |result_73_fu_7136_p2    |         +|   0|  0|   39|          32|          32|
    |result_74_fu_7148_p2    |         +|   0|  0|   39|          32|          32|
    |result_75_fu_7160_p2    |         +|   0|  0|   39|          32|          32|
    |result_76_fu_7172_p2    |         +|   0|  0|   39|          32|          32|
    |result_77_fu_7184_p2    |         +|   0|  0|   39|          32|          32|
    |result_78_fu_7196_p2    |         +|   0|  0|   39|          32|          32|
    |result_79_fu_7208_p2    |         +|   0|  0|   39|          32|          32|
    |result_7_fu_6344_p2     |         +|   0|  0|   39|          32|          32|
    |result_80_fu_7220_p2    |         +|   0|  0|   39|          32|          32|
    |result_81_fu_7232_p2    |         +|   0|  0|   39|          32|          32|
    |result_82_fu_7244_p2    |         +|   0|  0|   39|          32|          32|
    |result_83_fu_7256_p2    |         +|   0|  0|   39|          32|          32|
    |result_84_fu_7268_p2    |         +|   0|  0|   39|          32|          32|
    |result_85_fu_7280_p2    |         +|   0|  0|   39|          32|          32|
    |result_86_fu_7292_p2    |         +|   0|  0|   39|          32|          32|
    |result_87_fu_7304_p2    |         +|   0|  0|   39|          32|          32|
    |result_88_fu_7316_p2    |         +|   0|  0|   39|          32|          32|
    |result_89_fu_7328_p2    |         +|   0|  0|   39|          32|          32|
    |result_8_fu_6356_p2     |         +|   0|  0|   39|          32|          32|
    |result_90_fu_7340_p2    |         +|   0|  0|   39|          32|          32|
    |result_91_fu_7352_p2    |         +|   0|  0|   39|          32|          32|
    |result_92_fu_7364_p2    |         +|   0|  0|   39|          32|          32|
    |result_93_fu_7376_p2    |         +|   0|  0|   39|          32|          32|
    |result_94_fu_7388_p2    |         +|   0|  0|   39|          32|          32|
    |result_95_fu_7400_p2    |         +|   0|  0|   39|          32|          32|
    |result_96_fu_7412_p2    |         +|   0|  0|   39|          32|          32|
    |result_97_fu_7424_p2    |         +|   0|  0|   39|          32|          32|
    |result_98_fu_7436_p2    |         +|   0|  0|   39|          32|          32|
    |result_99_fu_7448_p2    |         +|   0|  0|   39|          32|          32|
    |result_9_fu_6368_p2     |         +|   0|  0|   39|          32|          32|
    |result_fu_6260_p2       |         +|   0|  0|   39|          32|          32|
    |cmp10_fu_5250_p2        |      icmp|   0|  0|   38|          31|           1|
    |cmp13_10_fu_5028_p2     |      icmp|   0|  0|   39|          32|           4|
    |cmp13_11_fu_5022_p2     |      icmp|   0|  0|   39|          32|           4|
    |cmp13_12_fu_5016_p2     |      icmp|   0|  0|   39|          32|           4|
    |cmp13_13_fu_5010_p2     |      icmp|   0|  0|   39|          32|           4|
    |cmp13_14_fu_5004_p2     |      icmp|   0|  0|   39|          32|           4|
    |cmp13_2_fu_5076_p2      |      icmp|   0|  0|   39|          32|           2|
    |cmp13_4_fu_5064_p2      |      icmp|   0|  0|   39|          32|           3|
    |cmp13_5_fu_5058_p2      |      icmp|   0|  0|   39|          32|           3|
    |cmp13_6_fu_5052_p2      |      icmp|   0|  0|   39|          32|           3|
    |cmp13_8_fu_5040_p2      |      icmp|   0|  0|   39|          32|           4|
    |cmp13_9_fu_5034_p2      |      icmp|   0|  0|   39|          32|           4|
    |cmp13_fu_5184_p2        |      icmp|   0|  0|   39|          32|           1|
    |cmp25_10206_fu_5118_p2  |      icmp|   0|  0|   39|          32|           4|
    |cmp25_11227_fu_5112_p2  |      icmp|   0|  0|   39|          32|           4|
    |cmp25_12248_fu_5106_p2  |      icmp|   0|  0|   39|          32|           4|
    |cmp25_13269_fu_5100_p2  |      icmp|   0|  0|   39|          32|           4|
    |cmp25_14290_fu_5094_p2  |      icmp|   0|  0|   39|          32|           4|
    |cmp25_238_fu_5166_p2    |      icmp|   0|  0|   39|          32|           2|
    |cmp25_480_fu_5154_p2    |      icmp|   0|  0|   39|          32|           3|
    |cmp25_5101_fu_5148_p2   |      icmp|   0|  0|   39|          32|           3|
    |cmp25_6122_fu_5142_p2   |      icmp|   0|  0|   39|          32|           3|
    |cmp25_8164_fu_5130_p2   |      icmp|   0|  0|   39|          32|           4|
    |cmp25_9185_fu_5124_p2   |      icmp|   0|  0|   39|          32|           4|
    |cmp25_fu_5178_p2        |      icmp|   0|  0|   39|          32|           1|
    |icmp10_fu_5088_p2       |      icmp|   0|  0|   35|          28|           1|
    |icmp13_fu_5082_p2       |      icmp|   0|  0|   38|          31|           1|
    |icmp16_fu_5070_p2       |      icmp|   0|  0|   37|          30|           1|
    |icmp19_fu_5046_p2       |      icmp|   0|  0|   36|          29|           1|
    |icmp22_fu_4998_p2       |      icmp|   0|  0|   35|          28|           1|
    |icmp4_fu_5160_p2        |      icmp|   0|  0|   37|          30|           1|
    |icmp7_fu_5136_p2        |      icmp|   0|  0|   36|          29|           1|
    |icmp_fu_5172_p2         |      icmp|   0|  0|   38|          31|           1|
    |icmp_ln150_fu_5202_p2   |      icmp|   0|  0|   39|          32|          32|
    |a_val_10_fu_5443_p3     |    select|   0|  0|   32|           1|           1|
    |a_val_11_fu_5450_p3     |    select|   0|  0|   32|           1|           1|
    |a_val_12_fu_5457_p3     |    select|   0|  0|   32|           1|           1|
    |a_val_13_fu_5464_p3     |    select|   0|  0|   32|           1|           1|
    |a_val_14_fu_5471_p3     |    select|   0|  0|   32|           1|           1|
    |a_val_15_fu_5478_p3     |    select|   0|  0|   32|           1|           1|
    |a_val_1_fu_5380_p3      |    select|   0|  0|   32|           1|           1|
    |a_val_2_fu_5387_p3      |    select|   0|  0|   32|           1|           1|
    |a_val_3_fu_5394_p3      |    select|   0|  0|   32|           1|           1|
    |a_val_4_fu_5401_p3      |    select|   0|  0|   32|           1|           1|
    |a_val_5_fu_5408_p3      |    select|   0|  0|   32|           1|           1|
    |a_val_6_fu_5415_p3      |    select|   0|  0|   32|           1|           1|
    |a_val_7_fu_5422_p3      |    select|   0|  0|   32|           1|           1|
    |a_val_8_fu_5429_p3      |    select|   0|  0|   32|           1|           1|
    |a_val_9_fu_5436_p3      |    select|   0|  0|   32|           1|           1|
    |a_val_fu_5261_p3        |    select|   0|  0|   32|           1|           1|
    |b_val_10_fu_5338_p3     |    select|   0|  0|   32|           1|          32|
    |b_val_11_fu_5345_p3     |    select|   0|  0|   32|           1|          32|
    |b_val_12_fu_5352_p3     |    select|   0|  0|   32|           1|          32|
    |b_val_13_fu_5359_p3     |    select|   0|  0|   32|           1|          32|
    |b_val_14_fu_5366_p3     |    select|   0|  0|   32|           1|          32|
    |b_val_15_fu_5373_p3     |    select|   0|  0|   32|           1|          32|
    |b_val_1_fu_5275_p3      |    select|   0|  0|   32|           1|          32|
    |b_val_2_fu_5282_p3      |    select|   0|  0|   32|           1|          32|
    |b_val_3_fu_5289_p3      |    select|   0|  0|   32|           1|          32|
    |b_val_4_fu_5296_p3      |    select|   0|  0|   32|           1|          32|
    |b_val_5_fu_5303_p3      |    select|   0|  0|   32|           1|          32|
    |b_val_6_fu_5310_p3      |    select|   0|  0|   32|           1|          32|
    |b_val_7_fu_5317_p3      |    select|   0|  0|   32|           1|          32|
    |b_val_8_fu_5324_p3      |    select|   0|  0|   32|           1|          32|
    |b_val_9_fu_5331_p3      |    select|   0|  0|   32|           1|          32|
    |b_val_fu_5268_p3        |    select|   0|  0|   32|           1|          32|
    |last_100_fu_7453_p3     |    select|   0|  0|   32|           1|           1|
    |last_101_fu_7465_p3     |    select|   0|  0|   32|           1|           1|
    |last_102_fu_7477_p3     |    select|   0|  0|   32|           1|           1|
    |last_103_fu_7489_p3     |    select|   0|  0|   32|           1|           1|
    |last_104_fu_7501_p3     |    select|   0|  0|   32|           1|           1|
    |last_105_fu_7513_p3     |    select|   0|  0|   32|           1|           1|
    |last_106_fu_7525_p3     |    select|   0|  0|   32|           1|           1|
    |last_107_fu_7537_p3     |    select|   0|  0|   32|           1|           1|
    |last_108_fu_7549_p3     |    select|   0|  0|   32|           1|           1|
    |last_109_fu_7561_p3     |    select|   0|  0|   32|           1|           1|
    |last_10_fu_6373_p3      |    select|   0|  0|   32|           1|           1|
    |last_110_fu_7573_p3     |    select|   0|  0|   32|           1|           1|
    |last_111_fu_7585_p3     |    select|   0|  0|   32|           1|           1|
    |last_112_fu_7597_p3     |    select|   0|  0|   32|           1|           1|
    |last_113_fu_7609_p3     |    select|   0|  0|   32|           1|           1|
    |last_114_fu_7621_p3     |    select|   0|  0|   32|           1|           1|
    |last_115_fu_7633_p3     |    select|   0|  0|   32|           1|           1|
    |last_116_fu_7645_p3     |    select|   0|  0|   32|           1|           1|
    |last_117_fu_7657_p3     |    select|   0|  0|   32|           1|           1|
    |last_118_fu_7669_p3     |    select|   0|  0|   32|           1|           1|
    |last_119_fu_7681_p3     |    select|   0|  0|   32|           1|           1|
    |last_11_fu_6385_p3      |    select|   0|  0|   32|           1|           1|
    |last_120_fu_7693_p3     |    select|   0|  0|   32|           1|           1|
    |last_121_fu_7705_p3     |    select|   0|  0|   32|           1|           1|
    |last_122_fu_7717_p3     |    select|   0|  0|   32|           1|           1|
    |last_123_fu_7729_p3     |    select|   0|  0|   32|           1|           1|
    |last_124_fu_7741_p3     |    select|   0|  0|   32|           1|           1|
    |last_125_fu_7753_p3     |    select|   0|  0|   32|           1|           1|
    |last_126_fu_7765_p3     |    select|   0|  0|   32|           1|           1|
    |last_127_fu_7777_p3     |    select|   0|  0|   32|           1|           1|
    |last_128_fu_7789_p3     |    select|   0|  0|   32|           1|           1|
    |last_129_fu_7801_p3     |    select|   0|  0|   32|           1|           1|
    |last_12_fu_6397_p3      |    select|   0|  0|   32|           1|           1|
    |last_130_fu_7813_p3     |    select|   0|  0|   32|           1|           1|
    |last_131_fu_7825_p3     |    select|   0|  0|   32|           1|           1|
    |last_132_fu_7837_p3     |    select|   0|  0|   32|           1|           1|
    |last_133_fu_7849_p3     |    select|   0|  0|   32|           1|           1|
    |last_134_fu_7861_p3     |    select|   0|  0|   32|           1|           1|
    |last_135_fu_7873_p3     |    select|   0|  0|   32|           1|           1|
    |last_136_fu_7885_p3     |    select|   0|  0|   32|           1|           1|
    |last_137_fu_7897_p3     |    select|   0|  0|   32|           1|           1|
    |last_138_fu_7909_p3     |    select|   0|  0|   32|           1|           1|
    |last_139_fu_7921_p3     |    select|   0|  0|   32|           1|           1|
    |last_13_fu_6409_p3      |    select|   0|  0|   32|           1|           1|
    |last_140_fu_7933_p3     |    select|   0|  0|   32|           1|           1|
    |last_141_fu_7945_p3     |    select|   0|  0|   32|           1|           1|
    |last_142_fu_7957_p3     |    select|   0|  0|   32|           1|           1|
    |last_143_fu_7969_p3     |    select|   0|  0|   32|           1|           1|
    |last_144_fu_7981_p3     |    select|   0|  0|   32|           1|           1|
    |last_145_fu_7993_p3     |    select|   0|  0|   32|           1|           1|
    |last_146_fu_8005_p3     |    select|   0|  0|   32|           1|           1|
    |last_147_fu_8017_p3     |    select|   0|  0|   32|           1|           1|
    |last_148_fu_8029_p3     |    select|   0|  0|   32|           1|           1|
    |last_149_fu_8041_p3     |    select|   0|  0|   32|           1|           1|
    |last_14_fu_6421_p3      |    select|   0|  0|   32|           1|           1|
    |last_150_fu_8053_p3     |    select|   0|  0|   32|           1|           1|
    |last_151_fu_8065_p3     |    select|   0|  0|   32|           1|           1|
    |last_152_fu_8077_p3     |    select|   0|  0|   32|           1|           1|
    |last_153_fu_8089_p3     |    select|   0|  0|   32|           1|           1|
    |last_154_fu_8101_p3     |    select|   0|  0|   32|           1|           1|
    |last_155_fu_8113_p3     |    select|   0|  0|   32|           1|           1|
    |last_156_fu_8125_p3     |    select|   0|  0|   32|           1|           1|
    |last_157_fu_8137_p3     |    select|   0|  0|   32|           1|           1|
    |last_158_fu_8149_p3     |    select|   0|  0|   32|           1|           1|
    |last_159_fu_8161_p3     |    select|   0|  0|   32|           1|           1|
    |last_15_fu_6433_p3      |    select|   0|  0|   32|           1|           1|
    |last_160_fu_8173_p3     |    select|   0|  0|   32|           1|           1|
    |last_161_fu_8185_p3     |    select|   0|  0|   32|           1|           1|
    |last_162_fu_8197_p3     |    select|   0|  0|   32|           1|           1|
    |last_163_fu_8209_p3     |    select|   0|  0|   32|           1|           1|
    |last_164_fu_8221_p3     |    select|   0|  0|   32|           1|           1|
    |last_165_fu_8233_p3     |    select|   0|  0|   32|           1|           1|
    |last_166_fu_8245_p3     |    select|   0|  0|   32|           1|           1|
    |last_167_fu_8257_p3     |    select|   0|  0|   32|           1|           1|
    |last_168_fu_8269_p3     |    select|   0|  0|   32|           1|           1|
    |last_169_fu_8281_p3     |    select|   0|  0|   32|           1|           1|
    |last_16_fu_6445_p3      |    select|   0|  0|   32|           1|           1|
    |last_170_fu_8293_p3     |    select|   0|  0|   32|           1|           1|
    |last_171_fu_8305_p3     |    select|   0|  0|   32|           1|           1|
    |last_172_fu_8317_p3     |    select|   0|  0|   32|           1|           1|
    |last_173_fu_8329_p3     |    select|   0|  0|   32|           1|           1|
    |last_174_fu_8341_p3     |    select|   0|  0|   32|           1|           1|
    |last_175_fu_8353_p3     |    select|   0|  0|   32|           1|           1|
    |last_176_fu_8365_p3     |    select|   0|  0|   32|           1|           1|
    |last_177_fu_8377_p3     |    select|   0|  0|   32|           1|           1|
    |last_178_fu_8389_p3     |    select|   0|  0|   32|           1|           1|
    |last_179_fu_8401_p3     |    select|   0|  0|   32|           1|           1|
    |last_17_fu_6457_p3      |    select|   0|  0|   32|           1|           1|
    |last_180_fu_8413_p3     |    select|   0|  0|   32|           1|           1|
    |last_181_fu_8425_p3     |    select|   0|  0|   32|           1|           1|
    |last_182_fu_8437_p3     |    select|   0|  0|   32|           1|           1|
    |last_183_fu_8449_p3     |    select|   0|  0|   32|           1|           1|
    |last_184_fu_8461_p3     |    select|   0|  0|   32|           1|           1|
    |last_185_fu_8473_p3     |    select|   0|  0|   32|           1|           1|
    |last_186_fu_8485_p3     |    select|   0|  0|   32|           1|           1|
    |last_187_fu_8497_p3     |    select|   0|  0|   32|           1|           1|
    |last_188_fu_8509_p3     |    select|   0|  0|   32|           1|           1|
    |last_189_fu_8521_p3     |    select|   0|  0|   32|           1|           1|
    |last_18_fu_6469_p3      |    select|   0|  0|   32|           1|           1|
    |last_190_fu_8533_p3     |    select|   0|  0|   32|           1|           1|
    |last_191_fu_8545_p3     |    select|   0|  0|   32|           1|           1|
    |last_192_fu_8557_p3     |    select|   0|  0|   32|           1|           1|
    |last_193_fu_8569_p3     |    select|   0|  0|   32|           1|           1|
    |last_194_fu_8581_p3     |    select|   0|  0|   32|           1|           1|
    |last_195_fu_8593_p3     |    select|   0|  0|   32|           1|           1|
    |last_196_fu_8605_p3     |    select|   0|  0|   32|           1|           1|
    |last_197_fu_8617_p3     |    select|   0|  0|   32|           1|           1|
    |last_198_fu_8629_p3     |    select|   0|  0|   32|           1|           1|
    |last_199_fu_8641_p3     |    select|   0|  0|   32|           1|           1|
    |last_19_fu_6481_p3      |    select|   0|  0|   32|           1|           1|
    |last_1_fu_6265_p3       |    select|   0|  0|   32|           1|           1|
    |last_200_fu_8653_p3     |    select|   0|  0|   32|           1|           1|
    |last_201_fu_8665_p3     |    select|   0|  0|   32|           1|           1|
    |last_202_fu_8677_p3     |    select|   0|  0|   32|           1|           1|
    |last_203_fu_8689_p3     |    select|   0|  0|   32|           1|           1|
    |last_204_fu_8701_p3     |    select|   0|  0|   32|           1|           1|
    |last_205_fu_8713_p3     |    select|   0|  0|   32|           1|           1|
    |last_206_fu_8725_p3     |    select|   0|  0|   32|           1|           1|
    |last_207_fu_8737_p3     |    select|   0|  0|   32|           1|           1|
    |last_208_fu_8749_p3     |    select|   0|  0|   32|           1|           1|
    |last_209_fu_8761_p3     |    select|   0|  0|   32|           1|           1|
    |last_20_fu_6493_p3      |    select|   0|  0|   32|           1|           1|
    |last_210_fu_8773_p3     |    select|   0|  0|   32|           1|           1|
    |last_211_fu_8785_p3     |    select|   0|  0|   32|           1|           1|
    |last_212_fu_8797_p3     |    select|   0|  0|   32|           1|           1|
    |last_213_fu_8809_p3     |    select|   0|  0|   32|           1|           1|
    |last_214_fu_8821_p3     |    select|   0|  0|   32|           1|           1|
    |last_215_fu_8833_p3     |    select|   0|  0|   32|           1|           1|
    |last_216_fu_8845_p3     |    select|   0|  0|   32|           1|           1|
    |last_217_fu_8857_p3     |    select|   0|  0|   32|           1|           1|
    |last_218_fu_8869_p3     |    select|   0|  0|   32|           1|           1|
    |last_219_fu_8881_p3     |    select|   0|  0|   32|           1|           1|
    |last_21_fu_6505_p3      |    select|   0|  0|   32|           1|           1|
    |last_220_fu_8893_p3     |    select|   0|  0|   32|           1|           1|
    |last_221_fu_8905_p3     |    select|   0|  0|   32|           1|           1|
    |last_222_fu_8917_p3     |    select|   0|  0|   32|           1|           1|
    |last_223_fu_8929_p3     |    select|   0|  0|   32|           1|           1|
    |last_224_fu_8941_p3     |    select|   0|  0|   32|           1|           1|
    |last_225_fu_8953_p3     |    select|   0|  0|   32|           1|           1|
    |last_226_fu_8965_p3     |    select|   0|  0|   32|           1|           1|
    |last_227_fu_8977_p3     |    select|   0|  0|   32|           1|           1|
    |last_228_fu_8989_p3     |    select|   0|  0|   32|           1|           1|
    |last_229_fu_9001_p3     |    select|   0|  0|   32|           1|           1|
    |last_22_fu_6517_p3      |    select|   0|  0|   32|           1|           1|
    |last_230_fu_9013_p3     |    select|   0|  0|   32|           1|           1|
    |last_231_fu_9025_p3     |    select|   0|  0|   32|           1|           1|
    |last_232_fu_9037_p3     |    select|   0|  0|   32|           1|           1|
    |last_233_fu_9049_p3     |    select|   0|  0|   32|           1|           1|
    |last_234_fu_9061_p3     |    select|   0|  0|   32|           1|           1|
    |last_235_fu_9073_p3     |    select|   0|  0|   32|           1|           1|
    |last_236_fu_9085_p3     |    select|   0|  0|   32|           1|           1|
    |last_237_fu_9097_p3     |    select|   0|  0|   32|           1|           1|
    |last_238_fu_9109_p3     |    select|   0|  0|   32|           1|           1|
    |last_239_fu_9121_p3     |    select|   0|  0|   32|           1|           1|
    |last_23_fu_6529_p3      |    select|   0|  0|   32|           1|           1|
    |last_240_fu_9133_p3     |    select|   0|  0|   32|           1|           1|
    |last_241_fu_9145_p3     |    select|   0|  0|   32|           1|           1|
    |last_242_fu_9157_p3     |    select|   0|  0|   32|           1|           1|
    |last_243_fu_9169_p3     |    select|   0|  0|   32|           1|           1|
    |last_244_fu_9181_p3     |    select|   0|  0|   32|           1|           1|
    |last_245_fu_9193_p3     |    select|   0|  0|   32|           1|           1|
    |last_246_fu_9205_p3     |    select|   0|  0|   32|           1|           1|
    |last_247_fu_9217_p3     |    select|   0|  0|   32|           1|           1|
    |last_248_fu_9229_p3     |    select|   0|  0|   32|           1|           1|
    |last_249_fu_9241_p3     |    select|   0|  0|   32|           1|           1|
    |last_24_fu_6541_p3      |    select|   0|  0|   32|           1|           1|
    |last_250_fu_9253_p3     |    select|   0|  0|   32|           1|           1|
    |last_251_fu_9265_p3     |    select|   0|  0|   32|           1|           1|
    |last_252_fu_9277_p3     |    select|   0|  0|   32|           1|           1|
    |last_253_fu_9289_p3     |    select|   0|  0|   32|           1|           1|
    |last_254_fu_9301_p3     |    select|   0|  0|   32|           1|           1|
    |last_255_fu_9313_p3     |    select|   0|  0|   32|           1|           1|
    |last_25_fu_6553_p3      |    select|   0|  0|   32|           1|           1|
    |last_26_fu_6565_p3      |    select|   0|  0|   32|           1|           1|
    |last_27_fu_6577_p3      |    select|   0|  0|   32|           1|           1|
    |last_28_fu_6589_p3      |    select|   0|  0|   32|           1|           1|
    |last_29_fu_6601_p3      |    select|   0|  0|   32|           1|           1|
    |last_2_fu_6277_p3       |    select|   0|  0|   32|           1|           1|
    |last_30_fu_6613_p3      |    select|   0|  0|   32|           1|           1|
    |last_31_fu_6625_p3      |    select|   0|  0|   32|           1|           1|
    |last_32_fu_6637_p3      |    select|   0|  0|   32|           1|           1|
    |last_33_fu_6649_p3      |    select|   0|  0|   32|           1|           1|
    |last_34_fu_6661_p3      |    select|   0|  0|   32|           1|           1|
    |last_35_fu_6673_p3      |    select|   0|  0|   32|           1|           1|
    |last_36_fu_6685_p3      |    select|   0|  0|   32|           1|           1|
    |last_37_fu_6697_p3      |    select|   0|  0|   32|           1|           1|
    |last_38_fu_6709_p3      |    select|   0|  0|   32|           1|           1|
    |last_39_fu_6721_p3      |    select|   0|  0|   32|           1|           1|
    |last_3_fu_6289_p3       |    select|   0|  0|   32|           1|           1|
    |last_40_fu_6733_p3      |    select|   0|  0|   32|           1|           1|
    |last_41_fu_6745_p3      |    select|   0|  0|   32|           1|           1|
    |last_42_fu_6757_p3      |    select|   0|  0|   32|           1|           1|
    |last_43_fu_6769_p3      |    select|   0|  0|   32|           1|           1|
    |last_44_fu_6781_p3      |    select|   0|  0|   32|           1|           1|
    |last_45_fu_6793_p3      |    select|   0|  0|   32|           1|           1|
    |last_46_fu_6805_p3      |    select|   0|  0|   32|           1|           1|
    |last_47_fu_6817_p3      |    select|   0|  0|   32|           1|           1|
    |last_48_fu_6829_p3      |    select|   0|  0|   32|           1|           1|
    |last_49_fu_6841_p3      |    select|   0|  0|   32|           1|           1|
    |last_4_fu_6301_p3       |    select|   0|  0|   32|           1|           1|
    |last_50_fu_6853_p3      |    select|   0|  0|   32|           1|           1|
    |last_51_fu_6865_p3      |    select|   0|  0|   32|           1|           1|
    |last_52_fu_6877_p3      |    select|   0|  0|   32|           1|           1|
    |last_53_fu_6889_p3      |    select|   0|  0|   32|           1|           1|
    |last_54_fu_6901_p3      |    select|   0|  0|   32|           1|           1|
    |last_55_fu_6913_p3      |    select|   0|  0|   32|           1|           1|
    |last_56_fu_6925_p3      |    select|   0|  0|   32|           1|           1|
    |last_57_fu_6937_p3      |    select|   0|  0|   32|           1|           1|
    |last_58_fu_6949_p3      |    select|   0|  0|   32|           1|           1|
    |last_59_fu_6961_p3      |    select|   0|  0|   32|           1|           1|
    |last_5_fu_6313_p3       |    select|   0|  0|   32|           1|           1|
    |last_60_fu_6973_p3      |    select|   0|  0|   32|           1|           1|
    |last_61_fu_6985_p3      |    select|   0|  0|   32|           1|           1|
    |last_62_fu_6997_p3      |    select|   0|  0|   32|           1|           1|
    |last_63_fu_7009_p3      |    select|   0|  0|   32|           1|           1|
    |last_64_fu_7021_p3      |    select|   0|  0|   32|           1|           1|
    |last_65_fu_7033_p3      |    select|   0|  0|   32|           1|           1|
    |last_66_fu_7045_p3      |    select|   0|  0|   32|           1|           1|
    |last_67_fu_7057_p3      |    select|   0|  0|   32|           1|           1|
    |last_68_fu_7069_p3      |    select|   0|  0|   32|           1|           1|
    |last_69_fu_7081_p3      |    select|   0|  0|   32|           1|           1|
    |last_6_fu_6325_p3       |    select|   0|  0|   32|           1|           1|
    |last_70_fu_7093_p3      |    select|   0|  0|   32|           1|           1|
    |last_71_fu_7105_p3      |    select|   0|  0|   32|           1|           1|
    |last_72_fu_7117_p3      |    select|   0|  0|   32|           1|           1|
    |last_73_fu_7129_p3      |    select|   0|  0|   32|           1|           1|
    |last_74_fu_7141_p3      |    select|   0|  0|   32|           1|           1|
    |last_75_fu_7153_p3      |    select|   0|  0|   32|           1|           1|
    |last_76_fu_7165_p3      |    select|   0|  0|   32|           1|           1|
    |last_77_fu_7177_p3      |    select|   0|  0|   32|           1|           1|
    |last_78_fu_7189_p3      |    select|   0|  0|   32|           1|           1|
    |last_79_fu_7201_p3      |    select|   0|  0|   32|           1|           1|
    |last_7_fu_6337_p3       |    select|   0|  0|   32|           1|           1|
    |last_80_fu_7213_p3      |    select|   0|  0|   32|           1|           1|
    |last_81_fu_7225_p3      |    select|   0|  0|   32|           1|           1|
    |last_82_fu_7237_p3      |    select|   0|  0|   32|           1|           1|
    |last_83_fu_7249_p3      |    select|   0|  0|   32|           1|           1|
    |last_84_fu_7261_p3      |    select|   0|  0|   32|           1|           1|
    |last_85_fu_7273_p3      |    select|   0|  0|   32|           1|           1|
    |last_86_fu_7285_p3      |    select|   0|  0|   32|           1|           1|
    |last_87_fu_7297_p3      |    select|   0|  0|   32|           1|           1|
    |last_88_fu_7309_p3      |    select|   0|  0|   32|           1|           1|
    |last_89_fu_7321_p3      |    select|   0|  0|   32|           1|           1|
    |last_8_fu_6349_p3       |    select|   0|  0|   32|           1|           1|
    |last_90_fu_7333_p3      |    select|   0|  0|   32|           1|           1|
    |last_91_fu_7345_p3      |    select|   0|  0|   32|           1|           1|
    |last_92_fu_7357_p3      |    select|   0|  0|   32|           1|           1|
    |last_93_fu_7369_p3      |    select|   0|  0|   32|           1|           1|
    |last_94_fu_7381_p3      |    select|   0|  0|   32|           1|           1|
    |last_95_fu_7393_p3      |    select|   0|  0|   32|           1|           1|
    |last_96_fu_7405_p3      |    select|   0|  0|   32|           1|           1|
    |last_97_fu_7417_p3      |    select|   0|  0|   32|           1|           1|
    |last_98_fu_7429_p3      |    select|   0|  0|   32|           1|           1|
    |last_99_fu_7441_p3      |    select|   0|  0|   32|           1|           1|
    |last_9_fu_6361_p3       |    select|   0|  0|   32|           1|           1|
    |last_fu_6253_p3         |    select|   0|  0|   32|           1|           1|
    |ap_enable_pp0           |       xor|   0|  0|    2|           1|           2|
    +------------------------+----------+----+---+-----+------------+------------+
    |Total                   |          |   0|  0|20545|        9579|        9100|
    +------------------------+----------+----+---+-----+------------+------------+

    * Multiplexer: 
    +-------------------------+----+-----------+-----+-----------+
    |           Name          | LUT| Input Size| Bits| Total Bits|
    +-------------------------+----+-----------+-----+-----------+
    |ap_done_int              |   9|          2|    1|          2|
    |ap_enable_reg_pp0_iter1  |   9|          2|    1|          2|
    |ap_sig_allocacmp_k_1     |   9|          2|   31|         62|
    |k_fu_1696                |   9|          2|   31|         62|
    +-------------------------+----+-----------+-----+-----------+
    |Total                    |  36|          8|   64|        128|
    +-------------------------+----+-----------+-----+-----------+

    * Register: 
    +----------------------------------+-----+----+-----+-----------+
    |               Name               |  FF | LUT| Bits| Const Bits|
    +----------------------------------+-----+----+-----+-----------+
    |a_val_10_reg_14532                |   32|   0|   32|          0|
    |a_val_11_reg_14552                |   32|   0|   32|          0|
    |a_val_12_reg_14572                |   32|   0|   32|          0|
    |a_val_13_reg_14592                |   32|   0|   32|          0|
    |a_val_14_reg_14612                |   32|   0|   32|          0|
    |a_val_15_reg_14632                |   32|   0|   32|          0|
    |a_val_1_reg_14352                 |   32|   0|   32|          0|
    |a_val_2_reg_14372                 |   32|   0|   32|          0|
    |a_val_3_reg_14392                 |   32|   0|   32|          0|
    |a_val_4_reg_14412                 |   32|   0|   32|          0|
    |a_val_5_reg_14432                 |   32|   0|   32|          0|
    |a_val_6_reg_14452                 |   32|   0|   32|          0|
    |a_val_7_reg_14472                 |   32|   0|   32|          0|
    |a_val_8_reg_14492                 |   32|   0|   32|          0|
    |a_val_9_reg_14512                 |   32|   0|   32|          0|
    |a_val_reg_14012                   |   32|   0|   32|          0|
    |ap_CS_fsm                         |    1|   0|    1|          0|
    |ap_done_reg                       |    1|   0|    1|          0|
    |ap_enable_reg_pp0_iter1           |    1|   0|    1|          0|
    |ap_enable_reg_pp0_iter2           |    1|   0|    1|          0|
    |ap_enable_reg_pp0_iter3           |    1|   0|    1|          0|
    |ap_enable_reg_pp0_iter4           |    1|   0|    1|          0|
    |ap_loop_exit_ready_pp0_iter1_reg  |    1|   0|    1|          0|
    |ap_loop_exit_ready_pp0_iter2_reg  |    1|   0|    1|          0|
    |ap_loop_exit_ready_pp0_iter3_reg  |    1|   0|    1|          0|
    |b_val_10_reg_14232                |   32|   0|   32|          0|
    |b_val_11_reg_14252                |   32|   0|   32|          0|
    |b_val_12_reg_14272                |   32|   0|   32|          0|
    |b_val_13_reg_14292                |   32|   0|   32|          0|
    |b_val_14_reg_14312                |   32|   0|   32|          0|
    |b_val_15_reg_14332                |   32|   0|   32|          0|
    |b_val_1_reg_14052                 |   32|   0|   32|          0|
    |b_val_2_reg_14072                 |   32|   0|   32|          0|
    |b_val_3_reg_14092                 |   32|   0|   32|          0|
    |b_val_4_reg_14112                 |   32|   0|   32|          0|
    |b_val_5_reg_14132                 |   32|   0|   32|          0|
    |b_val_6_reg_14152                 |   32|   0|   32|          0|
    |b_val_7_reg_14172                 |   32|   0|   32|          0|
    |b_val_8_reg_14192                 |   32|   0|   32|          0|
    |b_val_9_reg_14212                 |   32|   0|   32|          0|
    |b_val_reg_14032                   |   32|   0|   32|          0|
    |cmp10_reg_13592                   |    1|   0|    1|          0|
    |cmp13_10_reg_13453                |    1|   0|    1|          0|
    |cmp13_11_reg_13448                |    1|   0|    1|          0|
    |cmp13_12_reg_13443                |    1|   0|    1|          0|
    |cmp13_13_reg_13438                |    1|   0|    1|          0|
    |cmp13_14_reg_13433                |    1|   0|    1|          0|
    |cmp13_2_reg_13493                 |    1|   0|    1|          0|
    |cmp13_4_reg_13483                 |    1|   0|    1|          0|
    |cmp13_5_reg_13478                 |    1|   0|    1|          0|
    |cmp13_6_reg_13473                 |    1|   0|    1|          0|
    |cmp13_8_reg_13463                 |    1|   0|    1|          0|
    |cmp13_9_reg_13458                 |    1|   0|    1|          0|
    |cmp13_reg_13583                   |    1|   0|    1|          0|
    |cmp25_10206_reg_13528             |    1|   0|    1|          0|
    |cmp25_11227_reg_13523             |    1|   0|    1|          0|
    |cmp25_12248_reg_13518             |    1|   0|    1|          0|
    |cmp25_13269_reg_13513             |    1|   0|    1|          0|
    |cmp25_14290_reg_13508             |    1|   0|    1|          0|
    |cmp25_238_reg_13568               |    1|   0|    1|          0|
    |cmp25_480_reg_13558               |    1|   0|    1|          0|
    |cmp25_5101_reg_13553              |    1|   0|    1|          0|
    |cmp25_6122_reg_13548              |    1|   0|    1|          0|
    |cmp25_8164_reg_13538              |    1|   0|    1|          0|
    |cmp25_9185_reg_13533              |    1|   0|    1|          0|
    |cmp25_reg_13578                   |    1|   0|    1|          0|
    |icmp10_reg_13503                  |    1|   0|    1|          0|
    |icmp13_reg_13498                  |    1|   0|    1|          0|
    |icmp16_reg_13488                  |    1|   0|    1|          0|
    |icmp19_reg_13468                  |    1|   0|    1|          0|
    |icmp22_reg_13428                  |    1|   0|    1|          0|
    |icmp4_reg_13563                   |    1|   0|    1|          0|
    |icmp7_reg_13543                   |    1|   0|    1|          0|
    |icmp_ln150_reg_13588              |    1|   0|    1|          0|
    |icmp_reg_13573                    |    1|   0|    1|          0|
    |k_fu_1696                         |   31|   0|   31|          0|
    |localC_100_fu_1072                |   32|   0|   32|          0|
    |localC_101_fu_1076                |   32|   0|   32|          0|
    |localC_102_fu_1080                |   32|   0|   32|          0|
    |localC_103_fu_1084                |   32|   0|   32|          0|
    |localC_104_fu_1088                |   32|   0|   32|          0|
    |localC_105_fu_1092                |   32|   0|   32|          0|
    |localC_106_fu_1096                |   32|   0|   32|          0|
    |localC_107_fu_1100                |   32|   0|   32|          0|
    |localC_108_fu_1104                |   32|   0|   32|          0|
    |localC_109_fu_1108                |   32|   0|   32|          0|
    |localC_10_fu_712                  |   32|   0|   32|          0|
    |localC_110_fu_1112                |   32|   0|   32|          0|
    |localC_111_fu_1116                |   32|   0|   32|          0|
    |localC_112_fu_1120                |   32|   0|   32|          0|
    |localC_113_fu_1124                |   32|   0|   32|          0|
    |localC_114_fu_1128                |   32|   0|   32|          0|
    |localC_115_fu_1132                |   32|   0|   32|          0|
    |localC_116_fu_1136                |   32|   0|   32|          0|
    |localC_117_fu_1140                |   32|   0|   32|          0|
    |localC_118_fu_1144                |   32|   0|   32|          0|
    |localC_119_fu_1148                |   32|   0|   32|          0|
    |localC_11_fu_716                  |   32|   0|   32|          0|
    |localC_120_fu_1152                |   32|   0|   32|          0|
    |localC_121_fu_1156                |   32|   0|   32|          0|
    |localC_122_fu_1160                |   32|   0|   32|          0|
    |localC_123_fu_1164                |   32|   0|   32|          0|
    |localC_124_fu_1168                |   32|   0|   32|          0|
    |localC_125_fu_1172                |   32|   0|   32|          0|
    |localC_126_fu_1176                |   32|   0|   32|          0|
    |localC_127_fu_1180                |   32|   0|   32|          0|
    |localC_128_fu_1184                |   32|   0|   32|          0|
    |localC_129_fu_1188                |   32|   0|   32|          0|
    |localC_12_fu_720                  |   32|   0|   32|          0|
    |localC_130_fu_1192                |   32|   0|   32|          0|
    |localC_131_fu_1196                |   32|   0|   32|          0|
    |localC_132_fu_1200                |   32|   0|   32|          0|
    |localC_133_fu_1204                |   32|   0|   32|          0|
    |localC_134_fu_1208                |   32|   0|   32|          0|
    |localC_135_fu_1212                |   32|   0|   32|          0|
    |localC_136_fu_1216                |   32|   0|   32|          0|
    |localC_137_fu_1220                |   32|   0|   32|          0|
    |localC_138_fu_1224                |   32|   0|   32|          0|
    |localC_139_fu_1228                |   32|   0|   32|          0|
    |localC_13_fu_724                  |   32|   0|   32|          0|
    |localC_140_fu_1232                |   32|   0|   32|          0|
    |localC_141_fu_1236                |   32|   0|   32|          0|
    |localC_142_fu_1240                |   32|   0|   32|          0|
    |localC_143_fu_1244                |   32|   0|   32|          0|
    |localC_144_fu_1248                |   32|   0|   32|          0|
    |localC_145_fu_1252                |   32|   0|   32|          0|
    |localC_146_fu_1256                |   32|   0|   32|          0|
    |localC_147_fu_1260                |   32|   0|   32|          0|
    |localC_148_fu_1264                |   32|   0|   32|          0|
    |localC_149_fu_1268                |   32|   0|   32|          0|
    |localC_14_fu_728                  |   32|   0|   32|          0|
    |localC_150_fu_1272                |   32|   0|   32|          0|
    |localC_151_fu_1276                |   32|   0|   32|          0|
    |localC_152_fu_1280                |   32|   0|   32|          0|
    |localC_153_fu_1284                |   32|   0|   32|          0|
    |localC_154_fu_1288                |   32|   0|   32|          0|
    |localC_155_fu_1292                |   32|   0|   32|          0|
    |localC_156_fu_1296                |   32|   0|   32|          0|
    |localC_157_fu_1300                |   32|   0|   32|          0|
    |localC_158_fu_1304                |   32|   0|   32|          0|
    |localC_159_fu_1308                |   32|   0|   32|          0|
    |localC_15_fu_732                  |   32|   0|   32|          0|
    |localC_160_fu_1312                |   32|   0|   32|          0|
    |localC_161_fu_1316                |   32|   0|   32|          0|
    |localC_162_fu_1320                |   32|   0|   32|          0|
    |localC_163_fu_1324                |   32|   0|   32|          0|
    |localC_164_fu_1328                |   32|   0|   32|          0|
    |localC_165_fu_1332                |   32|   0|   32|          0|
    |localC_166_fu_1336                |   32|   0|   32|          0|
    |localC_167_fu_1340                |   32|   0|   32|          0|
    |localC_168_fu_1344                |   32|   0|   32|          0|
    |localC_169_fu_1348                |   32|   0|   32|          0|
    |localC_16_fu_736                  |   32|   0|   32|          0|
    |localC_170_fu_1352                |   32|   0|   32|          0|
    |localC_171_fu_1356                |   32|   0|   32|          0|
    |localC_172_fu_1360                |   32|   0|   32|          0|
    |localC_173_fu_1364                |   32|   0|   32|          0|
    |localC_174_fu_1368                |   32|   0|   32|          0|
    |localC_175_fu_1372                |   32|   0|   32|          0|
    |localC_176_fu_1376                |   32|   0|   32|          0|
    |localC_177_fu_1380                |   32|   0|   32|          0|
    |localC_178_fu_1384                |   32|   0|   32|          0|
    |localC_179_fu_1388                |   32|   0|   32|          0|
    |localC_17_fu_740                  |   32|   0|   32|          0|
    |localC_180_fu_1392                |   32|   0|   32|          0|
    |localC_181_fu_1396                |   32|   0|   32|          0|
    |localC_182_fu_1400                |   32|   0|   32|          0|
    |localC_183_fu_1404                |   32|   0|   32|          0|
    |localC_184_fu_1408                |   32|   0|   32|          0|
    |localC_185_fu_1412                |   32|   0|   32|          0|
    |localC_186_fu_1416                |   32|   0|   32|          0|
    |localC_187_fu_1420                |   32|   0|   32|          0|
    |localC_188_fu_1424                |   32|   0|   32|          0|
    |localC_189_fu_1428                |   32|   0|   32|          0|
    |localC_18_fu_744                  |   32|   0|   32|          0|
    |localC_190_fu_1432                |   32|   0|   32|          0|
    |localC_191_fu_1436                |   32|   0|   32|          0|
    |localC_192_fu_1440                |   32|   0|   32|          0|
    |localC_193_fu_1444                |   32|   0|   32|          0|
    |localC_194_fu_1448                |   32|   0|   32|          0|
    |localC_195_fu_1452                |   32|   0|   32|          0|
    |localC_196_fu_1456                |   32|   0|   32|          0|
    |localC_197_fu_1460                |   32|   0|   32|          0|
    |localC_198_fu_1464                |   32|   0|   32|          0|
    |localC_199_fu_1468                |   32|   0|   32|          0|
    |localC_19_fu_748                  |   32|   0|   32|          0|
    |localC_1_fu_676                   |   32|   0|   32|          0|
    |localC_200_fu_1472                |   32|   0|   32|          0|
    |localC_201_fu_1476                |   32|   0|   32|          0|
    |localC_202_fu_1480                |   32|   0|   32|          0|
    |localC_203_fu_1484                |   32|   0|   32|          0|
    |localC_204_fu_1488                |   32|   0|   32|          0|
    |localC_205_fu_1492                |   32|   0|   32|          0|
    |localC_206_fu_1496                |   32|   0|   32|          0|
    |localC_207_fu_1500                |   32|   0|   32|          0|
    |localC_208_fu_1504                |   32|   0|   32|          0|
    |localC_209_fu_1508                |   32|   0|   32|          0|
    |localC_20_fu_752                  |   32|   0|   32|          0|
    |localC_210_fu_1512                |   32|   0|   32|          0|
    |localC_211_fu_1516                |   32|   0|   32|          0|
    |localC_212_fu_1520                |   32|   0|   32|          0|
    |localC_213_fu_1524                |   32|   0|   32|          0|
    |localC_214_fu_1528                |   32|   0|   32|          0|
    |localC_215_fu_1532                |   32|   0|   32|          0|
    |localC_216_fu_1536                |   32|   0|   32|          0|
    |localC_217_fu_1540                |   32|   0|   32|          0|
    |localC_218_fu_1544                |   32|   0|   32|          0|
    |localC_219_fu_1548                |   32|   0|   32|          0|
    |localC_21_fu_756                  |   32|   0|   32|          0|
    |localC_220_fu_1552                |   32|   0|   32|          0|
    |localC_221_fu_1556                |   32|   0|   32|          0|
    |localC_222_fu_1560                |   32|   0|   32|          0|
    |localC_223_fu_1564                |   32|   0|   32|          0|
    |localC_224_fu_1568                |   32|   0|   32|          0|
    |localC_225_fu_1572                |   32|   0|   32|          0|
    |localC_226_fu_1576                |   32|   0|   32|          0|
    |localC_227_fu_1580                |   32|   0|   32|          0|
    |localC_228_fu_1584                |   32|   0|   32|          0|
    |localC_229_fu_1588                |   32|   0|   32|          0|
    |localC_22_fu_760                  |   32|   0|   32|          0|
    |localC_230_fu_1592                |   32|   0|   32|          0|
    |localC_231_fu_1596                |   32|   0|   32|          0|
    |localC_232_fu_1600                |   32|   0|   32|          0|
    |localC_233_fu_1604                |   32|   0|   32|          0|
    |localC_234_fu_1608                |   32|   0|   32|          0|
    |localC_235_fu_1612                |   32|   0|   32|          0|
    |localC_236_fu_1616                |   32|   0|   32|          0|
    |localC_237_fu_1620                |   32|   0|   32|          0|
    |localC_238_fu_1624                |   32|   0|   32|          0|
    |localC_239_fu_1628                |   32|   0|   32|          0|
    |localC_23_fu_764                  |   32|   0|   32|          0|
    |localC_240_fu_1632                |   32|   0|   32|          0|
    |localC_241_fu_1636                |   32|   0|   32|          0|
    |localC_242_fu_1640                |   32|   0|   32|          0|
    |localC_243_fu_1644                |   32|   0|   32|          0|
    |localC_244_fu_1648                |   32|   0|   32|          0|
    |localC_245_fu_1652                |   32|   0|   32|          0|
    |localC_246_fu_1656                |   32|   0|   32|          0|
    |localC_247_fu_1660                |   32|   0|   32|          0|
    |localC_248_fu_1664                |   32|   0|   32|          0|
    |localC_249_fu_1668                |   32|   0|   32|          0|
    |localC_24_fu_768                  |   32|   0|   32|          0|
    |localC_250_fu_1672                |   32|   0|   32|          0|
    |localC_251_fu_1676                |   32|   0|   32|          0|
    |localC_252_fu_1680                |   32|   0|   32|          0|
    |localC_253_fu_1684                |   32|   0|   32|          0|
    |localC_254_fu_1688                |   32|   0|   32|          0|
    |localC_255_fu_1692                |   32|   0|   32|          0|
    |localC_25_fu_772                  |   32|   0|   32|          0|
    |localC_26_fu_776                  |   32|   0|   32|          0|
    |localC_27_fu_780                  |   32|   0|   32|          0|
    |localC_28_fu_784                  |   32|   0|   32|          0|
    |localC_29_fu_788                  |   32|   0|   32|          0|
    |localC_2_fu_680                   |   32|   0|   32|          0|
    |localC_30_fu_792                  |   32|   0|   32|          0|
    |localC_31_fu_796                  |   32|   0|   32|          0|
    |localC_32_fu_800                  |   32|   0|   32|          0|
    |localC_33_fu_804                  |   32|   0|   32|          0|
    |localC_34_fu_808                  |   32|   0|   32|          0|
    |localC_35_fu_812                  |   32|   0|   32|          0|
    |localC_36_fu_816                  |   32|   0|   32|          0|
    |localC_37_fu_820                  |   32|   0|   32|          0|
    |localC_38_fu_824                  |   32|   0|   32|          0|
    |localC_39_fu_828                  |   32|   0|   32|          0|
    |localC_3_fu_684                   |   32|   0|   32|          0|
    |localC_40_fu_832                  |   32|   0|   32|          0|
    |localC_41_fu_836                  |   32|   0|   32|          0|
    |localC_42_fu_840                  |   32|   0|   32|          0|
    |localC_43_fu_844                  |   32|   0|   32|          0|
    |localC_44_fu_848                  |   32|   0|   32|          0|
    |localC_45_fu_852                  |   32|   0|   32|          0|
    |localC_46_fu_856                  |   32|   0|   32|          0|
    |localC_47_fu_860                  |   32|   0|   32|          0|
    |localC_48_fu_864                  |   32|   0|   32|          0|
    |localC_49_fu_868                  |   32|   0|   32|          0|
    |localC_4_fu_688                   |   32|   0|   32|          0|
    |localC_50_fu_872                  |   32|   0|   32|          0|
    |localC_51_fu_876                  |   32|   0|   32|          0|
    |localC_52_fu_880                  |   32|   0|   32|          0|
    |localC_53_fu_884                  |   32|   0|   32|          0|
    |localC_54_fu_888                  |   32|   0|   32|          0|
    |localC_55_fu_892                  |   32|   0|   32|          0|
    |localC_56_fu_896                  |   32|   0|   32|          0|
    |localC_57_fu_900                  |   32|   0|   32|          0|
    |localC_58_fu_904                  |   32|   0|   32|          0|
    |localC_59_fu_908                  |   32|   0|   32|          0|
    |localC_5_fu_692                   |   32|   0|   32|          0|
    |localC_60_fu_912                  |   32|   0|   32|          0|
    |localC_61_fu_916                  |   32|   0|   32|          0|
    |localC_62_fu_920                  |   32|   0|   32|          0|
    |localC_63_fu_924                  |   32|   0|   32|          0|
    |localC_64_fu_928                  |   32|   0|   32|          0|
    |localC_65_fu_932                  |   32|   0|   32|          0|
    |localC_66_fu_936                  |   32|   0|   32|          0|
    |localC_67_fu_940                  |   32|   0|   32|          0|
    |localC_68_fu_944                  |   32|   0|   32|          0|
    |localC_69_fu_948                  |   32|   0|   32|          0|
    |localC_6_fu_696                   |   32|   0|   32|          0|
    |localC_70_fu_952                  |   32|   0|   32|          0|
    |localC_71_fu_956                  |   32|   0|   32|          0|
    |localC_72_fu_960                  |   32|   0|   32|          0|
    |localC_73_fu_964                  |   32|   0|   32|          0|
    |localC_74_fu_968                  |   32|   0|   32|          0|
    |localC_75_fu_972                  |   32|   0|   32|          0|
    |localC_76_fu_976                  |   32|   0|   32|          0|
    |localC_77_fu_980                  |   32|   0|   32|          0|
    |localC_78_fu_984                  |   32|   0|   32|          0|
    |localC_79_fu_988                  |   32|   0|   32|          0|
    |localC_7_fu_700                   |   32|   0|   32|          0|
    |localC_80_fu_992                  |   32|   0|   32|          0|
    |localC_81_fu_996                  |   32|   0|   32|          0|
    |localC_82_fu_1000                 |   32|   0|   32|          0|
    |localC_83_fu_1004                 |   32|   0|   32|          0|
    |localC_84_fu_1008                 |   32|   0|   32|          0|
    |localC_85_fu_1012                 |   32|   0|   32|          0|
    |localC_86_fu_1016                 |   32|   0|   32|          0|
    |localC_87_fu_1020                 |   32|   0|   32|          0|
    |localC_88_fu_1024                 |   32|   0|   32|          0|
    |localC_89_fu_1028                 |   32|   0|   32|          0|
    |localC_8_fu_704                   |   32|   0|   32|          0|
    |localC_90_fu_1032                 |   32|   0|   32|          0|
    |localC_91_fu_1036                 |   32|   0|   32|          0|
    |localC_92_fu_1040                 |   32|   0|   32|          0|
    |localC_93_fu_1044                 |   32|   0|   32|          0|
    |localC_94_fu_1048                 |   32|   0|   32|          0|
    |localC_95_fu_1052                 |   32|   0|   32|          0|
    |localC_96_fu_1056                 |   32|   0|   32|          0|
    |localC_97_fu_1060                 |   32|   0|   32|          0|
    |localC_98_fu_1064                 |   32|   0|   32|          0|
    |localC_99_fu_1068                 |   32|   0|   32|          0|
    |localC_9_fu_708                   |   32|   0|   32|          0|
    |localC_fu_672                     |   32|   0|   32|          0|
    |mul_ln165_100_reg_15152           |   32|   0|   32|          0|
    |mul_ln165_101_reg_15157           |   32|   0|   32|          0|
    |mul_ln165_102_reg_15162           |   32|   0|   32|          0|
    |mul_ln165_103_reg_15167           |   32|   0|   32|          0|
    |mul_ln165_104_reg_15172           |   32|   0|   32|          0|
    |mul_ln165_105_reg_15177           |   32|   0|   32|          0|
    |mul_ln165_106_reg_15182           |   32|   0|   32|          0|
    |mul_ln165_107_reg_15187           |   32|   0|   32|          0|
    |mul_ln165_108_reg_15192           |   32|   0|   32|          0|
    |mul_ln165_109_reg_15197           |   32|   0|   32|          0|
    |mul_ln165_10_reg_14702            |   32|   0|   32|          0|
    |mul_ln165_110_reg_15202           |   32|   0|   32|          0|
    |mul_ln165_111_reg_15207           |   32|   0|   32|          0|
    |mul_ln165_112_reg_15212           |   32|   0|   32|          0|
    |mul_ln165_113_reg_15217           |   32|   0|   32|          0|
    |mul_ln165_114_reg_15222           |   32|   0|   32|          0|
    |mul_ln165_115_reg_15227           |   32|   0|   32|          0|
    |mul_ln165_116_reg_15232           |   32|   0|   32|          0|
    |mul_ln165_117_reg_15237           |   32|   0|   32|          0|
    |mul_ln165_118_reg_15242           |   32|   0|   32|          0|
    |mul_ln165_119_reg_15247           |   32|   0|   32|          0|
    |mul_ln165_11_reg_14707            |   32|   0|   32|          0|
    |mul_ln165_120_reg_15252           |   32|   0|   32|          0|
    |mul_ln165_121_reg_15257           |   32|   0|   32|          0|
    |mul_ln165_122_reg_15262           |   32|   0|   32|          0|
    |mul_ln165_123_reg_15267           |   32|   0|   32|          0|
    |mul_ln165_124_reg_15272           |   32|   0|   32|          0|
    |mul_ln165_125_reg_15277           |   32|   0|   32|          0|
    |mul_ln165_126_reg_15282           |   32|   0|   32|          0|
    |mul_ln165_127_reg_15287           |   32|   0|   32|          0|
    |mul_ln165_128_reg_15292           |   32|   0|   32|          0|
    |mul_ln165_129_reg_15297           |   32|   0|   32|          0|
    |mul_ln165_12_reg_14712            |   32|   0|   32|          0|
    |mul_ln165_130_reg_15302           |   32|   0|   32|          0|
    |mul_ln165_131_reg_15307           |   32|   0|   32|          0|
    |mul_ln165_132_reg_15312           |   32|   0|   32|          0|
    |mul_ln165_133_reg_15317           |   32|   0|   32|          0|
    |mul_ln165_134_reg_15322           |   32|   0|   32|          0|
    |mul_ln165_135_reg_15327           |   32|   0|   32|          0|
    |mul_ln165_136_reg_15332           |   32|   0|   32|          0|
    |mul_ln165_137_reg_15337           |   32|   0|   32|          0|
    |mul_ln165_138_reg_15342           |   32|   0|   32|          0|
    |mul_ln165_139_reg_15347           |   32|   0|   32|          0|
    |mul_ln165_13_reg_14717            |   32|   0|   32|          0|
    |mul_ln165_140_reg_15352           |   32|   0|   32|          0|
    |mul_ln165_141_reg_15357           |   32|   0|   32|          0|
    |mul_ln165_142_reg_15362           |   32|   0|   32|          0|
    |mul_ln165_143_reg_15367           |   32|   0|   32|          0|
    |mul_ln165_144_reg_15372           |   32|   0|   32|          0|
    |mul_ln165_145_reg_15377           |   32|   0|   32|          0|
    |mul_ln165_146_reg_15382           |   32|   0|   32|          0|
    |mul_ln165_147_reg_15387           |   32|   0|   32|          0|
    |mul_ln165_148_reg_15392           |   32|   0|   32|          0|
    |mul_ln165_149_reg_15397           |   32|   0|   32|          0|
    |mul_ln165_14_reg_14722            |   32|   0|   32|          0|
    |mul_ln165_150_reg_15402           |   32|   0|   32|          0|
    |mul_ln165_151_reg_15407           |   32|   0|   32|          0|
    |mul_ln165_152_reg_15412           |   32|   0|   32|          0|
    |mul_ln165_153_reg_15417           |   32|   0|   32|          0|
    |mul_ln165_154_reg_15422           |   32|   0|   32|          0|
    |mul_ln165_155_reg_15427           |   32|   0|   32|          0|
    |mul_ln165_156_reg_15432           |   32|   0|   32|          0|
    |mul_ln165_157_reg_15437           |   32|   0|   32|          0|
    |mul_ln165_158_reg_15442           |   32|   0|   32|          0|
    |mul_ln165_159_reg_15447           |   32|   0|   32|          0|
    |mul_ln165_15_reg_14727            |   32|   0|   32|          0|
    |mul_ln165_160_reg_15452           |   32|   0|   32|          0|
    |mul_ln165_161_reg_15457           |   32|   0|   32|          0|
    |mul_ln165_162_reg_15462           |   32|   0|   32|          0|
    |mul_ln165_163_reg_15467           |   32|   0|   32|          0|
    |mul_ln165_164_reg_15472           |   32|   0|   32|          0|
    |mul_ln165_165_reg_15477           |   32|   0|   32|          0|
    |mul_ln165_166_reg_15482           |   32|   0|   32|          0|
    |mul_ln165_167_reg_15487           |   32|   0|   32|          0|
    |mul_ln165_168_reg_15492           |   32|   0|   32|          0|
    |mul_ln165_169_reg_15497           |   32|   0|   32|          0|
    |mul_ln165_16_reg_14732            |   32|   0|   32|          0|
    |mul_ln165_170_reg_15502           |   32|   0|   32|          0|
    |mul_ln165_171_reg_15507           |   32|   0|   32|          0|
    |mul_ln165_172_reg_15512           |   32|   0|   32|          0|
    |mul_ln165_173_reg_15517           |   32|   0|   32|          0|
    |mul_ln165_174_reg_15522           |   32|   0|   32|          0|
    |mul_ln165_175_reg_15527           |   32|   0|   32|          0|
    |mul_ln165_176_reg_15532           |   32|   0|   32|          0|
    |mul_ln165_177_reg_15537           |   32|   0|   32|          0|
    |mul_ln165_178_reg_15542           |   32|   0|   32|          0|
    |mul_ln165_179_reg_15547           |   32|   0|   32|          0|
    |mul_ln165_17_reg_14737            |   32|   0|   32|          0|
    |mul_ln165_180_reg_15552           |   32|   0|   32|          0|
    |mul_ln165_181_reg_15557           |   32|   0|   32|          0|
    |mul_ln165_182_reg_15562           |   32|   0|   32|          0|
    |mul_ln165_183_reg_15567           |   32|   0|   32|          0|
    |mul_ln165_184_reg_15572           |   32|   0|   32|          0|
    |mul_ln165_185_reg_15577           |   32|   0|   32|          0|
    |mul_ln165_186_reg_15582           |   32|   0|   32|          0|
    |mul_ln165_187_reg_15587           |   32|   0|   32|          0|
    |mul_ln165_188_reg_15592           |   32|   0|   32|          0|
    |mul_ln165_189_reg_15597           |   32|   0|   32|          0|
    |mul_ln165_18_reg_14742            |   32|   0|   32|          0|
    |mul_ln165_190_reg_15602           |   32|   0|   32|          0|
    |mul_ln165_191_reg_15607           |   32|   0|   32|          0|
    |mul_ln165_192_reg_15612           |   32|   0|   32|          0|
    |mul_ln165_193_reg_15617           |   32|   0|   32|          0|
    |mul_ln165_194_reg_15622           |   32|   0|   32|          0|
    |mul_ln165_195_reg_15627           |   32|   0|   32|          0|
    |mul_ln165_196_reg_15632           |   32|   0|   32|          0|
    |mul_ln165_197_reg_15637           |   32|   0|   32|          0|
    |mul_ln165_198_reg_15642           |   32|   0|   32|          0|
    |mul_ln165_199_reg_15647           |   32|   0|   32|          0|
    |mul_ln165_19_reg_14747            |   32|   0|   32|          0|
    |mul_ln165_1_reg_14657             |   32|   0|   32|          0|
    |mul_ln165_200_reg_15652           |   32|   0|   32|          0|
    |mul_ln165_201_reg_15657           |   32|   0|   32|          0|
    |mul_ln165_202_reg_15662           |   32|   0|   32|          0|
    |mul_ln165_203_reg_15667           |   32|   0|   32|          0|
    |mul_ln165_204_reg_15672           |   32|   0|   32|          0|
    |mul_ln165_205_reg_15677           |   32|   0|   32|          0|
    |mul_ln165_206_reg_15682           |   32|   0|   32|          0|
    |mul_ln165_207_reg_15687           |   32|   0|   32|          0|
    |mul_ln165_208_reg_15692           |   32|   0|   32|          0|
    |mul_ln165_209_reg_15697           |   32|   0|   32|          0|
    |mul_ln165_20_reg_14752            |   32|   0|   32|          0|
    |mul_ln165_210_reg_15702           |   32|   0|   32|          0|
    |mul_ln165_211_reg_15707           |   32|   0|   32|          0|
    |mul_ln165_212_reg_15712           |   32|   0|   32|          0|
    |mul_ln165_213_reg_15717           |   32|   0|   32|          0|
    |mul_ln165_214_reg_15722           |   32|   0|   32|          0|
    |mul_ln165_215_reg_15727           |   32|   0|   32|          0|
    |mul_ln165_216_reg_15732           |   32|   0|   32|          0|
    |mul_ln165_217_reg_15737           |   32|   0|   32|          0|
    |mul_ln165_218_reg_15742           |   32|   0|   32|          0|
    |mul_ln165_219_reg_15747           |   32|   0|   32|          0|
    |mul_ln165_21_reg_14757            |   32|   0|   32|          0|
    |mul_ln165_220_reg_15752           |   32|   0|   32|          0|
    |mul_ln165_221_reg_15757           |   32|   0|   32|          0|
    |mul_ln165_222_reg_15762           |   32|   0|   32|          0|
    |mul_ln165_223_reg_15767           |   32|   0|   32|          0|
    |mul_ln165_224_reg_15772           |   32|   0|   32|          0|
    |mul_ln165_225_reg_15777           |   32|   0|   32|          0|
    |mul_ln165_226_reg_15782           |   32|   0|   32|          0|
    |mul_ln165_227_reg_15787           |   32|   0|   32|          0|
    |mul_ln165_228_reg_15792           |   32|   0|   32|          0|
    |mul_ln165_229_reg_15797           |   32|   0|   32|          0|
    |mul_ln165_22_reg_14762            |   32|   0|   32|          0|
    |mul_ln165_230_reg_15802           |   32|   0|   32|          0|
    |mul_ln165_231_reg_15807           |   32|   0|   32|          0|
    |mul_ln165_232_reg_15812           |   32|   0|   32|          0|
    |mul_ln165_233_reg_15817           |   32|   0|   32|          0|
    |mul_ln165_234_reg_15822           |   32|   0|   32|          0|
    |mul_ln165_235_reg_15827           |   32|   0|   32|          0|
    |mul_ln165_236_reg_15832           |   32|   0|   32|          0|
    |mul_ln165_237_reg_15837           |   32|   0|   32|          0|
    |mul_ln165_238_reg_15842           |   32|   0|   32|          0|
    |mul_ln165_239_reg_15847           |   32|   0|   32|          0|
    |mul_ln165_23_reg_14767            |   32|   0|   32|          0|
    |mul_ln165_240_reg_15852           |   32|   0|   32|          0|
    |mul_ln165_241_reg_15857           |   32|   0|   32|          0|
    |mul_ln165_242_reg_15862           |   32|   0|   32|          0|
    |mul_ln165_243_reg_15867           |   32|   0|   32|          0|
    |mul_ln165_244_reg_15872           |   32|   0|   32|          0|
    |mul_ln165_245_reg_15877           |   32|   0|   32|          0|
    |mul_ln165_246_reg_15882           |   32|   0|   32|          0|
    |mul_ln165_247_reg_15887           |   32|   0|   32|          0|
    |mul_ln165_248_reg_15892           |   32|   0|   32|          0|
    |mul_ln165_249_reg_15897           |   32|   0|   32|          0|
    |mul_ln165_24_reg_14772            |   32|   0|   32|          0|
    |mul_ln165_250_reg_15902           |   32|   0|   32|          0|
    |mul_ln165_251_reg_15907           |   32|   0|   32|          0|
    |mul_ln165_252_reg_15912           |   32|   0|   32|          0|
    |mul_ln165_253_reg_15917           |   32|   0|   32|          0|
    |mul_ln165_254_reg_15922           |   32|   0|   32|          0|
    |mul_ln165_255_reg_15927           |   32|   0|   32|          0|
    |mul_ln165_25_reg_14777            |   32|   0|   32|          0|
    |mul_ln165_26_reg_14782            |   32|   0|   32|          0|
    |mul_ln165_27_reg_14787            |   32|   0|   32|          0|
    |mul_ln165_28_reg_14792            |   32|   0|   32|          0|
    |mul_ln165_29_reg_14797            |   32|   0|   32|          0|
    |mul_ln165_2_reg_14662             |   32|   0|   32|          0|
    |mul_ln165_30_reg_14802            |   32|   0|   32|          0|
    |mul_ln165_31_reg_14807            |   32|   0|   32|          0|
    |mul_ln165_32_reg_14812            |   32|   0|   32|          0|
    |mul_ln165_33_reg_14817            |   32|   0|   32|          0|
    |mul_ln165_34_reg_14822            |   32|   0|   32|          0|
    |mul_ln165_35_reg_14827            |   32|   0|   32|          0|
    |mul_ln165_36_reg_14832            |   32|   0|   32|          0|
    |mul_ln165_37_reg_14837            |   32|   0|   32|          0|
    |mul_ln165_38_reg_14842            |   32|   0|   32|          0|
    |mul_ln165_39_reg_14847            |   32|   0|   32|          0|
    |mul_ln165_3_reg_14667             |   32|   0|   32|          0|
    |mul_ln165_40_reg_14852            |   32|   0|   32|          0|
    |mul_ln165_41_reg_14857            |   32|   0|   32|          0|
    |mul_ln165_42_reg_14862            |   32|   0|   32|          0|
    |mul_ln165_43_reg_14867            |   32|   0|   32|          0|
    |mul_ln165_44_reg_14872            |   32|   0|   32|          0|
    |mul_ln165_45_reg_14877            |   32|   0|   32|          0|
    |mul_ln165_46_reg_14882            |   32|   0|   32|          0|
    |mul_ln165_47_reg_14887            |   32|   0|   32|          0|
    |mul_ln165_48_reg_14892            |   32|   0|   32|          0|
    |mul_ln165_49_reg_14897            |   32|   0|   32|          0|
    |mul_ln165_4_reg_14672             |   32|   0|   32|          0|
    |mul_ln165_50_reg_14902            |   32|   0|   32|          0|
    |mul_ln165_51_reg_14907            |   32|   0|   32|          0|
    |mul_ln165_52_reg_14912            |   32|   0|   32|          0|
    |mul_ln165_53_reg_14917            |   32|   0|   32|          0|
    |mul_ln165_54_reg_14922            |   32|   0|   32|          0|
    |mul_ln165_55_reg_14927            |   32|   0|   32|          0|
    |mul_ln165_56_reg_14932            |   32|   0|   32|          0|
    |mul_ln165_57_reg_14937            |   32|   0|   32|          0|
    |mul_ln165_58_reg_14942            |   32|   0|   32|          0|
    |mul_ln165_59_reg_14947            |   32|   0|   32|          0|
    |mul_ln165_5_reg_14677             |   32|   0|   32|          0|
    |mul_ln165_60_reg_14952            |   32|   0|   32|          0|
    |mul_ln165_61_reg_14957            |   32|   0|   32|          0|
    |mul_ln165_62_reg_14962            |   32|   0|   32|          0|
    |mul_ln165_63_reg_14967            |   32|   0|   32|          0|
    |mul_ln165_64_reg_14972            |   32|   0|   32|          0|
    |mul_ln165_65_reg_14977            |   32|   0|   32|          0|
    |mul_ln165_66_reg_14982            |   32|   0|   32|          0|
    |mul_ln165_67_reg_14987            |   32|   0|   32|          0|
    |mul_ln165_68_reg_14992            |   32|   0|   32|          0|
    |mul_ln165_69_reg_14997            |   32|   0|   32|          0|
    |mul_ln165_6_reg_14682             |   32|   0|   32|          0|
    |mul_ln165_70_reg_15002            |   32|   0|   32|          0|
    |mul_ln165_71_reg_15007            |   32|   0|   32|          0|
    |mul_ln165_72_reg_15012            |   32|   0|   32|          0|
    |mul_ln165_73_reg_15017            |   32|   0|   32|          0|
    |mul_ln165_74_reg_15022            |   32|   0|   32|          0|
    |mul_ln165_75_reg_15027            |   32|   0|   32|          0|
    |mul_ln165_76_reg_15032            |   32|   0|   32|          0|
    |mul_ln165_77_reg_15037            |   32|   0|   32|          0|
    |mul_ln165_78_reg_15042            |   32|   0|   32|          0|
    |mul_ln165_79_reg_15047            |   32|   0|   32|          0|
    |mul_ln165_7_reg_14687             |   32|   0|   32|          0|
    |mul_ln165_80_reg_15052            |   32|   0|   32|          0|
    |mul_ln165_81_reg_15057            |   32|   0|   32|          0|
    |mul_ln165_82_reg_15062            |   32|   0|   32|          0|
    |mul_ln165_83_reg_15067            |   32|   0|   32|          0|
    |mul_ln165_84_reg_15072            |   32|   0|   32|          0|
    |mul_ln165_85_reg_15077            |   32|   0|   32|          0|
    |mul_ln165_86_reg_15082            |   32|   0|   32|          0|
    |mul_ln165_87_reg_15087            |   32|   0|   32|          0|
    |mul_ln165_88_reg_15092            |   32|   0|   32|          0|
    |mul_ln165_89_reg_15097            |   32|   0|   32|          0|
    |mul_ln165_8_reg_14692             |   32|   0|   32|          0|
    |mul_ln165_90_reg_15102            |   32|   0|   32|          0|
    |mul_ln165_91_reg_15107            |   32|   0|   32|          0|
    |mul_ln165_92_reg_15112            |   32|   0|   32|          0|
    |mul_ln165_93_reg_15117            |   32|   0|   32|          0|
    |mul_ln165_94_reg_15122            |   32|   0|   32|          0|
    |mul_ln165_95_reg_15127            |   32|   0|   32|          0|
    |mul_ln165_96_reg_15132            |   32|   0|   32|          0|
    |mul_ln165_97_reg_15137            |   32|   0|   32|          0|
    |mul_ln165_98_reg_15142            |   32|   0|   32|          0|
    |mul_ln165_99_reg_15147            |   32|   0|   32|          0|
    |mul_ln165_9_reg_14697             |   32|   0|   32|          0|
    |mul_ln165_reg_14652               |   32|   0|   32|          0|
    |cmp10_reg_13592                   |   64|  32|    1|          0|
    |icmp_ln150_reg_13588              |   64|  32|    1|          0|
    +----------------------------------+-----+----+-----+-----------+
    |Total                             |17610|  64|17484|          0|
    +----------------------------------+-----+----+-----+-----------+



================================================================
== Interface
================================================================
* Summary: 
+-----------------------+-----+-----+------------+--------------------------+--------------+
|       RTL Ports       | Dir | Bits|  Protocol  |       Source Object      |    C Type    |
+-----------------------+-----+-----+------------+--------------------------+--------------+
|ap_clk                 |   in|    1|  ap_ctrl_hs|  mmult_Pipeline_systolic1|  return value|
|ap_rst                 |   in|    1|  ap_ctrl_hs|  mmult_Pipeline_systolic1|  return value|
|ap_start               |   in|    1|  ap_ctrl_hs|  mmult_Pipeline_systolic1|  return value|
|ap_done                |  out|    1|  ap_ctrl_hs|  mmult_Pipeline_systolic1|  return value|
|ap_idle                |  out|    1|  ap_ctrl_hs|  mmult_Pipeline_systolic1|  return value|
|ap_ready               |  out|    1|  ap_ctrl_hs|  mmult_Pipeline_systolic1|  return value|
|a_col                  |   in|   32|     ap_none|                     a_col|        scalar|
|localA_address0        |  out|    4|   ap_memory|                    localA|         array|
|localA_ce0             |  out|    1|   ap_memory|                    localA|         array|
|localA_q0              |   in|   32|   ap_memory|                    localA|         array|
|localB_address0        |  out|    4|   ap_memory|                    localB|         array|
|localB_ce0             |  out|    1|   ap_memory|                    localB|         array|
|localB_q0              |   in|   32|   ap_memory|                    localB|         array|
|localB_1_address0      |  out|    4|   ap_memory|                  localB_1|         array|
|localB_1_ce0           |  out|    1|   ap_memory|                  localB_1|         array|
|localB_1_q0            |   in|   32|   ap_memory|                  localB_1|         array|
|localB_2_address0      |  out|    4|   ap_memory|                  localB_2|         array|
|localB_2_ce0           |  out|    1|   ap_memory|                  localB_2|         array|
|localB_2_q0            |   in|   32|   ap_memory|                  localB_2|         array|
|localB_3_address0      |  out|    4|   ap_memory|                  localB_3|         array|
|localB_3_ce0           |  out|    1|   ap_memory|                  localB_3|         array|
|localB_3_q0            |   in|   32|   ap_memory|                  localB_3|         array|
|localB_4_address0      |  out|    4|   ap_memory|                  localB_4|         array|
|localB_4_ce0           |  out|    1|   ap_memory|                  localB_4|         array|
|localB_4_q0            |   in|   32|   ap_memory|                  localB_4|         array|
|localB_5_address0      |  out|    4|   ap_memory|                  localB_5|         array|
|localB_5_ce0           |  out|    1|   ap_memory|                  localB_5|         array|
|localB_5_q0            |   in|   32|   ap_memory|                  localB_5|         array|
|localB_6_address0      |  out|    4|   ap_memory|                  localB_6|         array|
|localB_6_ce0           |  out|    1|   ap_memory|                  localB_6|         array|
|localB_6_q0            |   in|   32|   ap_memory|                  localB_6|         array|
|localB_7_address0      |  out|    4|   ap_memory|                  localB_7|         array|
|localB_7_ce0           |  out|    1|   ap_memory|                  localB_7|         array|
|localB_7_q0            |   in|   32|   ap_memory|                  localB_7|         array|
|localB_8_address0      |  out|    4|   ap_memory|                  localB_8|         array|
|localB_8_ce0           |  out|    1|   ap_memory|                  localB_8|         array|
|localB_8_q0            |   in|   32|   ap_memory|                  localB_8|         array|
|localB_9_address0      |  out|    4|   ap_memory|                  localB_9|         array|
|localB_9_ce0           |  out|    1|   ap_memory|                  localB_9|         array|
|localB_9_q0            |   in|   32|   ap_memory|                  localB_9|         array|
|localB_10_address0     |  out|    4|   ap_memory|                 localB_10|         array|
|localB_10_ce0          |  out|    1|   ap_memory|                 localB_10|         array|
|localB_10_q0           |   in|   32|   ap_memory|                 localB_10|         array|
|localB_11_address0     |  out|    4|   ap_memory|                 localB_11|         array|
|localB_11_ce0          |  out|    1|   ap_memory|                 localB_11|         array|
|localB_11_q0           |   in|   32|   ap_memory|                 localB_11|         array|
|localB_12_address0     |  out|    4|   ap_memory|                 localB_12|         array|
|localB_12_ce0          |  out|    1|   ap_memory|                 localB_12|         array|
|localB_12_q0           |   in|   32|   ap_memory|                 localB_12|         array|
|localB_13_address0     |  out|    4|   ap_memory|                 localB_13|         array|
|localB_13_ce0          |  out|    1|   ap_memory|                 localB_13|         array|
|localB_13_q0           |   in|   32|   ap_memory|                 localB_13|         array|
|localB_14_address0     |  out|    4|   ap_memory|                 localB_14|         array|
|localB_14_ce0          |  out|    1|   ap_memory|                 localB_14|         array|
|localB_14_q0           |   in|   32|   ap_memory|                 localB_14|         array|
|localB_15_address0     |  out|    4|   ap_memory|                 localB_15|         array|
|localB_15_ce0          |  out|    1|   ap_memory|                 localB_15|         array|
|localB_15_q0           |   in|   32|   ap_memory|                 localB_15|         array|
|localA_1_address0      |  out|    4|   ap_memory|                  localA_1|         array|
|localA_1_ce0           |  out|    1|   ap_memory|                  localA_1|         array|
|localA_1_q0            |   in|   32|   ap_memory|                  localA_1|         array|
|localA_2_address0      |  out|    4|   ap_memory|                  localA_2|         array|
|localA_2_ce0           |  out|    1|   ap_memory|                  localA_2|         array|
|localA_2_q0            |   in|   32|   ap_memory|                  localA_2|         array|
|localA_3_address0      |  out|    4|   ap_memory|                  localA_3|         array|
|localA_3_ce0           |  out|    1|   ap_memory|                  localA_3|         array|
|localA_3_q0            |   in|   32|   ap_memory|                  localA_3|         array|
|localA_4_address0      |  out|    4|   ap_memory|                  localA_4|         array|
|localA_4_ce0           |  out|    1|   ap_memory|                  localA_4|         array|
|localA_4_q0            |   in|   32|   ap_memory|                  localA_4|         array|
|localA_5_address0      |  out|    4|   ap_memory|                  localA_5|         array|
|localA_5_ce0           |  out|    1|   ap_memory|                  localA_5|         array|
|localA_5_q0            |   in|   32|   ap_memory|                  localA_5|         array|
|localA_6_address0      |  out|    4|   ap_memory|                  localA_6|         array|
|localA_6_ce0           |  out|    1|   ap_memory|                  localA_6|         array|
|localA_6_q0            |   in|   32|   ap_memory|                  localA_6|         array|
|localA_7_address0      |  out|    4|   ap_memory|                  localA_7|         array|
|localA_7_ce0           |  out|    1|   ap_memory|                  localA_7|         array|
|localA_7_q0            |   in|   32|   ap_memory|                  localA_7|         array|
|localA_8_address0      |  out|    4|   ap_memory|                  localA_8|         array|
|localA_8_ce0           |  out|    1|   ap_memory|                  localA_8|         array|
|localA_8_q0            |   in|   32|   ap_memory|                  localA_8|         array|
|localA_9_address0      |  out|    4|   ap_memory|                  localA_9|         array|
|localA_9_ce0           |  out|    1|   ap_memory|                  localA_9|         array|
|localA_9_q0            |   in|   32|   ap_memory|                  localA_9|         array|
|localA_10_address0     |  out|    4|   ap_memory|                 localA_10|         array|
|localA_10_ce0          |  out|    1|   ap_memory|                 localA_10|         array|
|localA_10_q0           |   in|   32|   ap_memory|                 localA_10|         array|
|localA_11_address0     |  out|    4|   ap_memory|                 localA_11|         array|
|localA_11_ce0          |  out|    1|   ap_memory|                 localA_11|         array|
|localA_11_q0           |   in|   32|   ap_memory|                 localA_11|         array|
|localA_12_address0     |  out|    4|   ap_memory|                 localA_12|         array|
|localA_12_ce0          |  out|    1|   ap_memory|                 localA_12|         array|
|localA_12_q0           |   in|   32|   ap_memory|                 localA_12|         array|
|localA_13_address0     |  out|    4|   ap_memory|                 localA_13|         array|
|localA_13_ce0          |  out|    1|   ap_memory|                 localA_13|         array|
|localA_13_q0           |   in|   32|   ap_memory|                 localA_13|         array|
|localA_14_address0     |  out|    4|   ap_memory|                 localA_14|         array|
|localA_14_ce0          |  out|    1|   ap_memory|                 localA_14|         array|
|localA_14_q0           |   in|   32|   ap_memory|                 localA_14|         array|
|localA_15_address0     |  out|    4|   ap_memory|                 localA_15|         array|
|localA_15_ce0          |  out|    1|   ap_memory|                 localA_15|         array|
|localA_15_q0           |   in|   32|   ap_memory|                 localA_15|         array|
|empty_10               |   in|   28|     ap_none|                  empty_10|        scalar|
|a_row                  |   in|   32|     ap_none|                     a_row|        scalar|
|empty_11               |   in|   29|     ap_none|                  empty_11|        scalar|
|empty_12               |   in|   30|     ap_none|                  empty_12|        scalar|
|empty_13               |   in|   31|     ap_none|                  empty_13|        scalar|
|empty_14               |   in|   28|     ap_none|                  empty_14|        scalar|
|b_col                  |   in|   32|     ap_none|                     b_col|        scalar|
|empty_15               |   in|   29|     ap_none|                  empty_15|        scalar|
|empty_16               |   in|   30|     ap_none|                  empty_16|        scalar|
|empty                  |   in|   31|     ap_none|                     empty|        scalar|
|localC_255_out         |  out|   32|      ap_vld|            localC_255_out|       pointer|
|localC_255_out_ap_vld  |  out|    1|      ap_vld|            localC_255_out|       pointer|
|localC_254_out         |  out|   32|      ap_vld|            localC_254_out|       pointer|
|localC_254_out_ap_vld  |  out|    1|      ap_vld|            localC_254_out|       pointer|
|localC_253_out         |  out|   32|      ap_vld|            localC_253_out|       pointer|
|localC_253_out_ap_vld  |  out|    1|      ap_vld|            localC_253_out|       pointer|
|localC_252_out         |  out|   32|      ap_vld|            localC_252_out|       pointer|
|localC_252_out_ap_vld  |  out|    1|      ap_vld|            localC_252_out|       pointer|
|localC_251_out         |  out|   32|      ap_vld|            localC_251_out|       pointer|
|localC_251_out_ap_vld  |  out|    1|      ap_vld|            localC_251_out|       pointer|
|localC_250_out         |  out|   32|      ap_vld|            localC_250_out|       pointer|
|localC_250_out_ap_vld  |  out|    1|      ap_vld|            localC_250_out|       pointer|
|localC_249_out         |  out|   32|      ap_vld|            localC_249_out|       pointer|
|localC_249_out_ap_vld  |  out|    1|      ap_vld|            localC_249_out|       pointer|
|localC_248_out         |  out|   32|      ap_vld|            localC_248_out|       pointer|
|localC_248_out_ap_vld  |  out|    1|      ap_vld|            localC_248_out|       pointer|
|localC_247_out         |  out|   32|      ap_vld|            localC_247_out|       pointer|
|localC_247_out_ap_vld  |  out|    1|      ap_vld|            localC_247_out|       pointer|
|localC_246_out         |  out|   32|      ap_vld|            localC_246_out|       pointer|
|localC_246_out_ap_vld  |  out|    1|      ap_vld|            localC_246_out|       pointer|
|localC_245_out         |  out|   32|      ap_vld|            localC_245_out|       pointer|
|localC_245_out_ap_vld  |  out|    1|      ap_vld|            localC_245_out|       pointer|
|localC_244_out         |  out|   32|      ap_vld|            localC_244_out|       pointer|
|localC_244_out_ap_vld  |  out|    1|      ap_vld|            localC_244_out|       pointer|
|localC_243_out         |  out|   32|      ap_vld|            localC_243_out|       pointer|
|localC_243_out_ap_vld  |  out|    1|      ap_vld|            localC_243_out|       pointer|
|localC_242_out         |  out|   32|      ap_vld|            localC_242_out|       pointer|
|localC_242_out_ap_vld  |  out|    1|      ap_vld|            localC_242_out|       pointer|
|localC_241_out         |  out|   32|      ap_vld|            localC_241_out|       pointer|
|localC_241_out_ap_vld  |  out|    1|      ap_vld|            localC_241_out|       pointer|
|localC_240_out         |  out|   32|      ap_vld|            localC_240_out|       pointer|
|localC_240_out_ap_vld  |  out|    1|      ap_vld|            localC_240_out|       pointer|
|localC_239_out         |  out|   32|      ap_vld|            localC_239_out|       pointer|
|localC_239_out_ap_vld  |  out|    1|      ap_vld|            localC_239_out|       pointer|
|localC_238_out         |  out|   32|      ap_vld|            localC_238_out|       pointer|
|localC_238_out_ap_vld  |  out|    1|      ap_vld|            localC_238_out|       pointer|
|localC_237_out         |  out|   32|      ap_vld|            localC_237_out|       pointer|
|localC_237_out_ap_vld  |  out|    1|      ap_vld|            localC_237_out|       pointer|
|localC_236_out         |  out|   32|      ap_vld|            localC_236_out|       pointer|
|localC_236_out_ap_vld  |  out|    1|      ap_vld|            localC_236_out|       pointer|
|localC_235_out         |  out|   32|      ap_vld|            localC_235_out|       pointer|
|localC_235_out_ap_vld  |  out|    1|      ap_vld|            localC_235_out|       pointer|
|localC_234_out         |  out|   32|      ap_vld|            localC_234_out|       pointer|
|localC_234_out_ap_vld  |  out|    1|      ap_vld|            localC_234_out|       pointer|
|localC_233_out         |  out|   32|      ap_vld|            localC_233_out|       pointer|
|localC_233_out_ap_vld  |  out|    1|      ap_vld|            localC_233_out|       pointer|
|localC_232_out         |  out|   32|      ap_vld|            localC_232_out|       pointer|
|localC_232_out_ap_vld  |  out|    1|      ap_vld|            localC_232_out|       pointer|
|localC_231_out         |  out|   32|      ap_vld|            localC_231_out|       pointer|
|localC_231_out_ap_vld  |  out|    1|      ap_vld|            localC_231_out|       pointer|
|localC_230_out         |  out|   32|      ap_vld|            localC_230_out|       pointer|
|localC_230_out_ap_vld  |  out|    1|      ap_vld|            localC_230_out|       pointer|
|localC_229_out         |  out|   32|      ap_vld|            localC_229_out|       pointer|
|localC_229_out_ap_vld  |  out|    1|      ap_vld|            localC_229_out|       pointer|
|localC_228_out         |  out|   32|      ap_vld|            localC_228_out|       pointer|
|localC_228_out_ap_vld  |  out|    1|      ap_vld|            localC_228_out|       pointer|
|localC_227_out         |  out|   32|      ap_vld|            localC_227_out|       pointer|
|localC_227_out_ap_vld  |  out|    1|      ap_vld|            localC_227_out|       pointer|
|localC_226_out         |  out|   32|      ap_vld|            localC_226_out|       pointer|
|localC_226_out_ap_vld  |  out|    1|      ap_vld|            localC_226_out|       pointer|
|localC_225_out         |  out|   32|      ap_vld|            localC_225_out|       pointer|
|localC_225_out_ap_vld  |  out|    1|      ap_vld|            localC_225_out|       pointer|
|localC_224_out         |  out|   32|      ap_vld|            localC_224_out|       pointer|
|localC_224_out_ap_vld  |  out|    1|      ap_vld|            localC_224_out|       pointer|
|localC_223_out         |  out|   32|      ap_vld|            localC_223_out|       pointer|
|localC_223_out_ap_vld  |  out|    1|      ap_vld|            localC_223_out|       pointer|
|localC_222_out         |  out|   32|      ap_vld|            localC_222_out|       pointer|
|localC_222_out_ap_vld  |  out|    1|      ap_vld|            localC_222_out|       pointer|
|localC_221_out         |  out|   32|      ap_vld|            localC_221_out|       pointer|
|localC_221_out_ap_vld  |  out|    1|      ap_vld|            localC_221_out|       pointer|
|localC_220_out         |  out|   32|      ap_vld|            localC_220_out|       pointer|
|localC_220_out_ap_vld  |  out|    1|      ap_vld|            localC_220_out|       pointer|
|localC_219_out         |  out|   32|      ap_vld|            localC_219_out|       pointer|
|localC_219_out_ap_vld  |  out|    1|      ap_vld|            localC_219_out|       pointer|
|localC_218_out         |  out|   32|      ap_vld|            localC_218_out|       pointer|
|localC_218_out_ap_vld  |  out|    1|      ap_vld|            localC_218_out|       pointer|
|localC_217_out         |  out|   32|      ap_vld|            localC_217_out|       pointer|
|localC_217_out_ap_vld  |  out|    1|      ap_vld|            localC_217_out|       pointer|
|localC_216_out         |  out|   32|      ap_vld|            localC_216_out|       pointer|
|localC_216_out_ap_vld  |  out|    1|      ap_vld|            localC_216_out|       pointer|
|localC_215_out         |  out|   32|      ap_vld|            localC_215_out|       pointer|
|localC_215_out_ap_vld  |  out|    1|      ap_vld|            localC_215_out|       pointer|
|localC_214_out         |  out|   32|      ap_vld|            localC_214_out|       pointer|
|localC_214_out_ap_vld  |  out|    1|      ap_vld|            localC_214_out|       pointer|
|localC_213_out         |  out|   32|      ap_vld|            localC_213_out|       pointer|
|localC_213_out_ap_vld  |  out|    1|      ap_vld|            localC_213_out|       pointer|
|localC_212_out         |  out|   32|      ap_vld|            localC_212_out|       pointer|
|localC_212_out_ap_vld  |  out|    1|      ap_vld|            localC_212_out|       pointer|
|localC_211_out         |  out|   32|      ap_vld|            localC_211_out|       pointer|
|localC_211_out_ap_vld  |  out|    1|      ap_vld|            localC_211_out|       pointer|
|localC_210_out         |  out|   32|      ap_vld|            localC_210_out|       pointer|
|localC_210_out_ap_vld  |  out|    1|      ap_vld|            localC_210_out|       pointer|
|localC_209_out         |  out|   32|      ap_vld|            localC_209_out|       pointer|
|localC_209_out_ap_vld  |  out|    1|      ap_vld|            localC_209_out|       pointer|
|localC_208_out         |  out|   32|      ap_vld|            localC_208_out|       pointer|
|localC_208_out_ap_vld  |  out|    1|      ap_vld|            localC_208_out|       pointer|
|localC_207_out         |  out|   32|      ap_vld|            localC_207_out|       pointer|
|localC_207_out_ap_vld  |  out|    1|      ap_vld|            localC_207_out|       pointer|
|localC_206_out         |  out|   32|      ap_vld|            localC_206_out|       pointer|
|localC_206_out_ap_vld  |  out|    1|      ap_vld|            localC_206_out|       pointer|
|localC_205_out         |  out|   32|      ap_vld|            localC_205_out|       pointer|
|localC_205_out_ap_vld  |  out|    1|      ap_vld|            localC_205_out|       pointer|
|localC_204_out         |  out|   32|      ap_vld|            localC_204_out|       pointer|
|localC_204_out_ap_vld  |  out|    1|      ap_vld|            localC_204_out|       pointer|
|localC_203_out         |  out|   32|      ap_vld|            localC_203_out|       pointer|
|localC_203_out_ap_vld  |  out|    1|      ap_vld|            localC_203_out|       pointer|
|localC_202_out         |  out|   32|      ap_vld|            localC_202_out|       pointer|
|localC_202_out_ap_vld  |  out|    1|      ap_vld|            localC_202_out|       pointer|
|localC_201_out         |  out|   32|      ap_vld|            localC_201_out|       pointer|
|localC_201_out_ap_vld  |  out|    1|      ap_vld|            localC_201_out|       pointer|
|localC_200_out         |  out|   32|      ap_vld|            localC_200_out|       pointer|
|localC_200_out_ap_vld  |  out|    1|      ap_vld|            localC_200_out|       pointer|
|localC_199_out         |  out|   32|      ap_vld|            localC_199_out|       pointer|
|localC_199_out_ap_vld  |  out|    1|      ap_vld|            localC_199_out|       pointer|
|localC_198_out         |  out|   32|      ap_vld|            localC_198_out|       pointer|
|localC_198_out_ap_vld  |  out|    1|      ap_vld|            localC_198_out|       pointer|
|localC_197_out         |  out|   32|      ap_vld|            localC_197_out|       pointer|
|localC_197_out_ap_vld  |  out|    1|      ap_vld|            localC_197_out|       pointer|
|localC_196_out         |  out|   32|      ap_vld|            localC_196_out|       pointer|
|localC_196_out_ap_vld  |  out|    1|      ap_vld|            localC_196_out|       pointer|
|localC_195_out         |  out|   32|      ap_vld|            localC_195_out|       pointer|
|localC_195_out_ap_vld  |  out|    1|      ap_vld|            localC_195_out|       pointer|
|localC_194_out         |  out|   32|      ap_vld|            localC_194_out|       pointer|
|localC_194_out_ap_vld  |  out|    1|      ap_vld|            localC_194_out|       pointer|
|localC_193_out         |  out|   32|      ap_vld|            localC_193_out|       pointer|
|localC_193_out_ap_vld  |  out|    1|      ap_vld|            localC_193_out|       pointer|
|localC_192_out         |  out|   32|      ap_vld|            localC_192_out|       pointer|
|localC_192_out_ap_vld  |  out|    1|      ap_vld|            localC_192_out|       pointer|
|localC_191_out         |  out|   32|      ap_vld|            localC_191_out|       pointer|
|localC_191_out_ap_vld  |  out|    1|      ap_vld|            localC_191_out|       pointer|
|localC_190_out         |  out|   32|      ap_vld|            localC_190_out|       pointer|
|localC_190_out_ap_vld  |  out|    1|      ap_vld|            localC_190_out|       pointer|
|localC_189_out         |  out|   32|      ap_vld|            localC_189_out|       pointer|
|localC_189_out_ap_vld  |  out|    1|      ap_vld|            localC_189_out|       pointer|
|localC_188_out         |  out|   32|      ap_vld|            localC_188_out|       pointer|
|localC_188_out_ap_vld  |  out|    1|      ap_vld|            localC_188_out|       pointer|
|localC_187_out         |  out|   32|      ap_vld|            localC_187_out|       pointer|
|localC_187_out_ap_vld  |  out|    1|      ap_vld|            localC_187_out|       pointer|
|localC_186_out         |  out|   32|      ap_vld|            localC_186_out|       pointer|
|localC_186_out_ap_vld  |  out|    1|      ap_vld|            localC_186_out|       pointer|
|localC_185_out         |  out|   32|      ap_vld|            localC_185_out|       pointer|
|localC_185_out_ap_vld  |  out|    1|      ap_vld|            localC_185_out|       pointer|
|localC_184_out         |  out|   32|      ap_vld|            localC_184_out|       pointer|
|localC_184_out_ap_vld  |  out|    1|      ap_vld|            localC_184_out|       pointer|
|localC_183_out         |  out|   32|      ap_vld|            localC_183_out|       pointer|
|localC_183_out_ap_vld  |  out|    1|      ap_vld|            localC_183_out|       pointer|
|localC_182_out         |  out|   32|      ap_vld|            localC_182_out|       pointer|
|localC_182_out_ap_vld  |  out|    1|      ap_vld|            localC_182_out|       pointer|
|localC_181_out         |  out|   32|      ap_vld|            localC_181_out|       pointer|
|localC_181_out_ap_vld  |  out|    1|      ap_vld|            localC_181_out|       pointer|
|localC_180_out         |  out|   32|      ap_vld|            localC_180_out|       pointer|
|localC_180_out_ap_vld  |  out|    1|      ap_vld|            localC_180_out|       pointer|
|localC_179_out         |  out|   32|      ap_vld|            localC_179_out|       pointer|
|localC_179_out_ap_vld  |  out|    1|      ap_vld|            localC_179_out|       pointer|
|localC_178_out         |  out|   32|      ap_vld|            localC_178_out|       pointer|
|localC_178_out_ap_vld  |  out|    1|      ap_vld|            localC_178_out|       pointer|
|localC_177_out         |  out|   32|      ap_vld|            localC_177_out|       pointer|
|localC_177_out_ap_vld  |  out|    1|      ap_vld|            localC_177_out|       pointer|
|localC_176_out         |  out|   32|      ap_vld|            localC_176_out|       pointer|
|localC_176_out_ap_vld  |  out|    1|      ap_vld|            localC_176_out|       pointer|
|localC_175_out         |  out|   32|      ap_vld|            localC_175_out|       pointer|
|localC_175_out_ap_vld  |  out|    1|      ap_vld|            localC_175_out|       pointer|
|localC_174_out         |  out|   32|      ap_vld|            localC_174_out|       pointer|
|localC_174_out_ap_vld  |  out|    1|      ap_vld|            localC_174_out|       pointer|
|localC_173_out         |  out|   32|      ap_vld|            localC_173_out|       pointer|
|localC_173_out_ap_vld  |  out|    1|      ap_vld|            localC_173_out|       pointer|
|localC_172_out         |  out|   32|      ap_vld|            localC_172_out|       pointer|
|localC_172_out_ap_vld  |  out|    1|      ap_vld|            localC_172_out|       pointer|
|localC_171_out         |  out|   32|      ap_vld|            localC_171_out|       pointer|
|localC_171_out_ap_vld  |  out|    1|      ap_vld|            localC_171_out|       pointer|
|localC_170_out         |  out|   32|      ap_vld|            localC_170_out|       pointer|
|localC_170_out_ap_vld  |  out|    1|      ap_vld|            localC_170_out|       pointer|
|localC_169_out         |  out|   32|      ap_vld|            localC_169_out|       pointer|
|localC_169_out_ap_vld  |  out|    1|      ap_vld|            localC_169_out|       pointer|
|localC_168_out         |  out|   32|      ap_vld|            localC_168_out|       pointer|
|localC_168_out_ap_vld  |  out|    1|      ap_vld|            localC_168_out|       pointer|
|localC_167_out         |  out|   32|      ap_vld|            localC_167_out|       pointer|
|localC_167_out_ap_vld  |  out|    1|      ap_vld|            localC_167_out|       pointer|
|localC_166_out         |  out|   32|      ap_vld|            localC_166_out|       pointer|
|localC_166_out_ap_vld  |  out|    1|      ap_vld|            localC_166_out|       pointer|
|localC_165_out         |  out|   32|      ap_vld|            localC_165_out|       pointer|
|localC_165_out_ap_vld  |  out|    1|      ap_vld|            localC_165_out|       pointer|
|localC_164_out         |  out|   32|      ap_vld|            localC_164_out|       pointer|
|localC_164_out_ap_vld  |  out|    1|      ap_vld|            localC_164_out|       pointer|
|localC_163_out         |  out|   32|      ap_vld|            localC_163_out|       pointer|
|localC_163_out_ap_vld  |  out|    1|      ap_vld|            localC_163_out|       pointer|
|localC_162_out         |  out|   32|      ap_vld|            localC_162_out|       pointer|
|localC_162_out_ap_vld  |  out|    1|      ap_vld|            localC_162_out|       pointer|
|localC_161_out         |  out|   32|      ap_vld|            localC_161_out|       pointer|
|localC_161_out_ap_vld  |  out|    1|      ap_vld|            localC_161_out|       pointer|
|localC_160_out         |  out|   32|      ap_vld|            localC_160_out|       pointer|
|localC_160_out_ap_vld  |  out|    1|      ap_vld|            localC_160_out|       pointer|
|localC_159_out         |  out|   32|      ap_vld|            localC_159_out|       pointer|
|localC_159_out_ap_vld  |  out|    1|      ap_vld|            localC_159_out|       pointer|
|localC_158_out         |  out|   32|      ap_vld|            localC_158_out|       pointer|
|localC_158_out_ap_vld  |  out|    1|      ap_vld|            localC_158_out|       pointer|
|localC_157_out         |  out|   32|      ap_vld|            localC_157_out|       pointer|
|localC_157_out_ap_vld  |  out|    1|      ap_vld|            localC_157_out|       pointer|
|localC_156_out         |  out|   32|      ap_vld|            localC_156_out|       pointer|
|localC_156_out_ap_vld  |  out|    1|      ap_vld|            localC_156_out|       pointer|
|localC_155_out         |  out|   32|      ap_vld|            localC_155_out|       pointer|
|localC_155_out_ap_vld  |  out|    1|      ap_vld|            localC_155_out|       pointer|
|localC_154_out         |  out|   32|      ap_vld|            localC_154_out|       pointer|
|localC_154_out_ap_vld  |  out|    1|      ap_vld|            localC_154_out|       pointer|
|localC_153_out         |  out|   32|      ap_vld|            localC_153_out|       pointer|
|localC_153_out_ap_vld  |  out|    1|      ap_vld|            localC_153_out|       pointer|
|localC_152_out         |  out|   32|      ap_vld|            localC_152_out|       pointer|
|localC_152_out_ap_vld  |  out|    1|      ap_vld|            localC_152_out|       pointer|
|localC_151_out         |  out|   32|      ap_vld|            localC_151_out|       pointer|
|localC_151_out_ap_vld  |  out|    1|      ap_vld|            localC_151_out|       pointer|
|localC_150_out         |  out|   32|      ap_vld|            localC_150_out|       pointer|
|localC_150_out_ap_vld  |  out|    1|      ap_vld|            localC_150_out|       pointer|
|localC_149_out         |  out|   32|      ap_vld|            localC_149_out|       pointer|
|localC_149_out_ap_vld  |  out|    1|      ap_vld|            localC_149_out|       pointer|
|localC_148_out         |  out|   32|      ap_vld|            localC_148_out|       pointer|
|localC_148_out_ap_vld  |  out|    1|      ap_vld|            localC_148_out|       pointer|
|localC_147_out         |  out|   32|      ap_vld|            localC_147_out|       pointer|
|localC_147_out_ap_vld  |  out|    1|      ap_vld|            localC_147_out|       pointer|
|localC_146_out         |  out|   32|      ap_vld|            localC_146_out|       pointer|
|localC_146_out_ap_vld  |  out|    1|      ap_vld|            localC_146_out|       pointer|
|localC_145_out         |  out|   32|      ap_vld|            localC_145_out|       pointer|
|localC_145_out_ap_vld  |  out|    1|      ap_vld|            localC_145_out|       pointer|
|localC_144_out         |  out|   32|      ap_vld|            localC_144_out|       pointer|
|localC_144_out_ap_vld  |  out|    1|      ap_vld|            localC_144_out|       pointer|
|localC_143_out         |  out|   32|      ap_vld|            localC_143_out|       pointer|
|localC_143_out_ap_vld  |  out|    1|      ap_vld|            localC_143_out|       pointer|
|localC_142_out         |  out|   32|      ap_vld|            localC_142_out|       pointer|
|localC_142_out_ap_vld  |  out|    1|      ap_vld|            localC_142_out|       pointer|
|localC_141_out         |  out|   32|      ap_vld|            localC_141_out|       pointer|
|localC_141_out_ap_vld  |  out|    1|      ap_vld|            localC_141_out|       pointer|
|localC_140_out         |  out|   32|      ap_vld|            localC_140_out|       pointer|
|localC_140_out_ap_vld  |  out|    1|      ap_vld|            localC_140_out|       pointer|
|localC_139_out         |  out|   32|      ap_vld|            localC_139_out|       pointer|
|localC_139_out_ap_vld  |  out|    1|      ap_vld|            localC_139_out|       pointer|
|localC_138_out         |  out|   32|      ap_vld|            localC_138_out|       pointer|
|localC_138_out_ap_vld  |  out|    1|      ap_vld|            localC_138_out|       pointer|
|localC_137_out         |  out|   32|      ap_vld|            localC_137_out|       pointer|
|localC_137_out_ap_vld  |  out|    1|      ap_vld|            localC_137_out|       pointer|
|localC_136_out         |  out|   32|      ap_vld|            localC_136_out|       pointer|
|localC_136_out_ap_vld  |  out|    1|      ap_vld|            localC_136_out|       pointer|
|localC_135_out         |  out|   32|      ap_vld|            localC_135_out|       pointer|
|localC_135_out_ap_vld  |  out|    1|      ap_vld|            localC_135_out|       pointer|
|localC_134_out         |  out|   32|      ap_vld|            localC_134_out|       pointer|
|localC_134_out_ap_vld  |  out|    1|      ap_vld|            localC_134_out|       pointer|
|localC_133_out         |  out|   32|      ap_vld|            localC_133_out|       pointer|
|localC_133_out_ap_vld  |  out|    1|      ap_vld|            localC_133_out|       pointer|
|localC_132_out         |  out|   32|      ap_vld|            localC_132_out|       pointer|
|localC_132_out_ap_vld  |  out|    1|      ap_vld|            localC_132_out|       pointer|
|localC_131_out         |  out|   32|      ap_vld|            localC_131_out|       pointer|
|localC_131_out_ap_vld  |  out|    1|      ap_vld|            localC_131_out|       pointer|
|localC_130_out         |  out|   32|      ap_vld|            localC_130_out|       pointer|
|localC_130_out_ap_vld  |  out|    1|      ap_vld|            localC_130_out|       pointer|
|localC_129_out         |  out|   32|      ap_vld|            localC_129_out|       pointer|
|localC_129_out_ap_vld  |  out|    1|      ap_vld|            localC_129_out|       pointer|
|localC_128_out         |  out|   32|      ap_vld|            localC_128_out|       pointer|
|localC_128_out_ap_vld  |  out|    1|      ap_vld|            localC_128_out|       pointer|
|localC_127_out         |  out|   32|      ap_vld|            localC_127_out|       pointer|
|localC_127_out_ap_vld  |  out|    1|      ap_vld|            localC_127_out|       pointer|
|localC_126_out         |  out|   32|      ap_vld|            localC_126_out|       pointer|
|localC_126_out_ap_vld  |  out|    1|      ap_vld|            localC_126_out|       pointer|
|localC_125_out         |  out|   32|      ap_vld|            localC_125_out|       pointer|
|localC_125_out_ap_vld  |  out|    1|      ap_vld|            localC_125_out|       pointer|
|localC_124_out         |  out|   32|      ap_vld|            localC_124_out|       pointer|
|localC_124_out_ap_vld  |  out|    1|      ap_vld|            localC_124_out|       pointer|
|localC_123_out         |  out|   32|      ap_vld|            localC_123_out|       pointer|
|localC_123_out_ap_vld  |  out|    1|      ap_vld|            localC_123_out|       pointer|
|localC_122_out         |  out|   32|      ap_vld|            localC_122_out|       pointer|
|localC_122_out_ap_vld  |  out|    1|      ap_vld|            localC_122_out|       pointer|
|localC_121_out         |  out|   32|      ap_vld|            localC_121_out|       pointer|
|localC_121_out_ap_vld  |  out|    1|      ap_vld|            localC_121_out|       pointer|
|localC_120_out         |  out|   32|      ap_vld|            localC_120_out|       pointer|
|localC_120_out_ap_vld  |  out|    1|      ap_vld|            localC_120_out|       pointer|
|localC_119_out         |  out|   32|      ap_vld|            localC_119_out|       pointer|
|localC_119_out_ap_vld  |  out|    1|      ap_vld|            localC_119_out|       pointer|
|localC_118_out         |  out|   32|      ap_vld|            localC_118_out|       pointer|
|localC_118_out_ap_vld  |  out|    1|      ap_vld|            localC_118_out|       pointer|
|localC_117_out         |  out|   32|      ap_vld|            localC_117_out|       pointer|
|localC_117_out_ap_vld  |  out|    1|      ap_vld|            localC_117_out|       pointer|
|localC_116_out         |  out|   32|      ap_vld|            localC_116_out|       pointer|
|localC_116_out_ap_vld  |  out|    1|      ap_vld|            localC_116_out|       pointer|
|localC_115_out         |  out|   32|      ap_vld|            localC_115_out|       pointer|
|localC_115_out_ap_vld  |  out|    1|      ap_vld|            localC_115_out|       pointer|
|localC_114_out         |  out|   32|      ap_vld|            localC_114_out|       pointer|
|localC_114_out_ap_vld  |  out|    1|      ap_vld|            localC_114_out|       pointer|
|localC_113_out         |  out|   32|      ap_vld|            localC_113_out|       pointer|
|localC_113_out_ap_vld  |  out|    1|      ap_vld|            localC_113_out|       pointer|
|localC_112_out         |  out|   32|      ap_vld|            localC_112_out|       pointer|
|localC_112_out_ap_vld  |  out|    1|      ap_vld|            localC_112_out|       pointer|
|localC_111_out         |  out|   32|      ap_vld|            localC_111_out|       pointer|
|localC_111_out_ap_vld  |  out|    1|      ap_vld|            localC_111_out|       pointer|
|localC_110_out         |  out|   32|      ap_vld|            localC_110_out|       pointer|
|localC_110_out_ap_vld  |  out|    1|      ap_vld|            localC_110_out|       pointer|
|localC_109_out         |  out|   32|      ap_vld|            localC_109_out|       pointer|
|localC_109_out_ap_vld  |  out|    1|      ap_vld|            localC_109_out|       pointer|
|localC_108_out         |  out|   32|      ap_vld|            localC_108_out|       pointer|
|localC_108_out_ap_vld  |  out|    1|      ap_vld|            localC_108_out|       pointer|
|localC_107_out         |  out|   32|      ap_vld|            localC_107_out|       pointer|
|localC_107_out_ap_vld  |  out|    1|      ap_vld|            localC_107_out|       pointer|
|localC_106_out         |  out|   32|      ap_vld|            localC_106_out|       pointer|
|localC_106_out_ap_vld  |  out|    1|      ap_vld|            localC_106_out|       pointer|
|localC_105_out         |  out|   32|      ap_vld|            localC_105_out|       pointer|
|localC_105_out_ap_vld  |  out|    1|      ap_vld|            localC_105_out|       pointer|
|localC_104_out         |  out|   32|      ap_vld|            localC_104_out|       pointer|
|localC_104_out_ap_vld  |  out|    1|      ap_vld|            localC_104_out|       pointer|
|localC_103_out         |  out|   32|      ap_vld|            localC_103_out|       pointer|
|localC_103_out_ap_vld  |  out|    1|      ap_vld|            localC_103_out|       pointer|
|localC_102_out         |  out|   32|      ap_vld|            localC_102_out|       pointer|
|localC_102_out_ap_vld  |  out|    1|      ap_vld|            localC_102_out|       pointer|
|localC_101_out         |  out|   32|      ap_vld|            localC_101_out|       pointer|
|localC_101_out_ap_vld  |  out|    1|      ap_vld|            localC_101_out|       pointer|
|localC_100_out         |  out|   32|      ap_vld|            localC_100_out|       pointer|
|localC_100_out_ap_vld  |  out|    1|      ap_vld|            localC_100_out|       pointer|
|localC_99_out          |  out|   32|      ap_vld|             localC_99_out|       pointer|
|localC_99_out_ap_vld   |  out|    1|      ap_vld|             localC_99_out|       pointer|
|localC_98_out          |  out|   32|      ap_vld|             localC_98_out|       pointer|
|localC_98_out_ap_vld   |  out|    1|      ap_vld|             localC_98_out|       pointer|
|localC_97_out          |  out|   32|      ap_vld|             localC_97_out|       pointer|
|localC_97_out_ap_vld   |  out|    1|      ap_vld|             localC_97_out|       pointer|
|localC_96_out          |  out|   32|      ap_vld|             localC_96_out|       pointer|
|localC_96_out_ap_vld   |  out|    1|      ap_vld|             localC_96_out|       pointer|
|localC_95_out          |  out|   32|      ap_vld|             localC_95_out|       pointer|
|localC_95_out_ap_vld   |  out|    1|      ap_vld|             localC_95_out|       pointer|
|localC_94_out          |  out|   32|      ap_vld|             localC_94_out|       pointer|
|localC_94_out_ap_vld   |  out|    1|      ap_vld|             localC_94_out|       pointer|
|localC_93_out          |  out|   32|      ap_vld|             localC_93_out|       pointer|
|localC_93_out_ap_vld   |  out|    1|      ap_vld|             localC_93_out|       pointer|
|localC_92_out          |  out|   32|      ap_vld|             localC_92_out|       pointer|
|localC_92_out_ap_vld   |  out|    1|      ap_vld|             localC_92_out|       pointer|
|localC_91_out          |  out|   32|      ap_vld|             localC_91_out|       pointer|
|localC_91_out_ap_vld   |  out|    1|      ap_vld|             localC_91_out|       pointer|
|localC_90_out          |  out|   32|      ap_vld|             localC_90_out|       pointer|
|localC_90_out_ap_vld   |  out|    1|      ap_vld|             localC_90_out|       pointer|
|localC_89_out          |  out|   32|      ap_vld|             localC_89_out|       pointer|
|localC_89_out_ap_vld   |  out|    1|      ap_vld|             localC_89_out|       pointer|
|localC_88_out          |  out|   32|      ap_vld|             localC_88_out|       pointer|
|localC_88_out_ap_vld   |  out|    1|      ap_vld|             localC_88_out|       pointer|
|localC_87_out          |  out|   32|      ap_vld|             localC_87_out|       pointer|
|localC_87_out_ap_vld   |  out|    1|      ap_vld|             localC_87_out|       pointer|
|localC_86_out          |  out|   32|      ap_vld|             localC_86_out|       pointer|
|localC_86_out_ap_vld   |  out|    1|      ap_vld|             localC_86_out|       pointer|
|localC_85_out          |  out|   32|      ap_vld|             localC_85_out|       pointer|
|localC_85_out_ap_vld   |  out|    1|      ap_vld|             localC_85_out|       pointer|
|localC_84_out          |  out|   32|      ap_vld|             localC_84_out|       pointer|
|localC_84_out_ap_vld   |  out|    1|      ap_vld|             localC_84_out|       pointer|
|localC_83_out          |  out|   32|      ap_vld|             localC_83_out|       pointer|
|localC_83_out_ap_vld   |  out|    1|      ap_vld|             localC_83_out|       pointer|
|localC_82_out          |  out|   32|      ap_vld|             localC_82_out|       pointer|
|localC_82_out_ap_vld   |  out|    1|      ap_vld|             localC_82_out|       pointer|
|localC_81_out          |  out|   32|      ap_vld|             localC_81_out|       pointer|
|localC_81_out_ap_vld   |  out|    1|      ap_vld|             localC_81_out|       pointer|
|localC_80_out          |  out|   32|      ap_vld|             localC_80_out|       pointer|
|localC_80_out_ap_vld   |  out|    1|      ap_vld|             localC_80_out|       pointer|
|localC_79_out          |  out|   32|      ap_vld|             localC_79_out|       pointer|
|localC_79_out_ap_vld   |  out|    1|      ap_vld|             localC_79_out|       pointer|
|localC_78_out          |  out|   32|      ap_vld|             localC_78_out|       pointer|
|localC_78_out_ap_vld   |  out|    1|      ap_vld|             localC_78_out|       pointer|
|localC_77_out          |  out|   32|      ap_vld|             localC_77_out|       pointer|
|localC_77_out_ap_vld   |  out|    1|      ap_vld|             localC_77_out|       pointer|
|localC_76_out          |  out|   32|      ap_vld|             localC_76_out|       pointer|
|localC_76_out_ap_vld   |  out|    1|      ap_vld|             localC_76_out|       pointer|
|localC_75_out          |  out|   32|      ap_vld|             localC_75_out|       pointer|
|localC_75_out_ap_vld   |  out|    1|      ap_vld|             localC_75_out|       pointer|
|localC_74_out          |  out|   32|      ap_vld|             localC_74_out|       pointer|
|localC_74_out_ap_vld   |  out|    1|      ap_vld|             localC_74_out|       pointer|
|localC_73_out          |  out|   32|      ap_vld|             localC_73_out|       pointer|
|localC_73_out_ap_vld   |  out|    1|      ap_vld|             localC_73_out|       pointer|
|localC_72_out          |  out|   32|      ap_vld|             localC_72_out|       pointer|
|localC_72_out_ap_vld   |  out|    1|      ap_vld|             localC_72_out|       pointer|
|localC_71_out          |  out|   32|      ap_vld|             localC_71_out|       pointer|
|localC_71_out_ap_vld   |  out|    1|      ap_vld|             localC_71_out|       pointer|
|localC_70_out          |  out|   32|      ap_vld|             localC_70_out|       pointer|
|localC_70_out_ap_vld   |  out|    1|      ap_vld|             localC_70_out|       pointer|
|localC_69_out          |  out|   32|      ap_vld|             localC_69_out|       pointer|
|localC_69_out_ap_vld   |  out|    1|      ap_vld|             localC_69_out|       pointer|
|localC_68_out          |  out|   32|      ap_vld|             localC_68_out|       pointer|
|localC_68_out_ap_vld   |  out|    1|      ap_vld|             localC_68_out|       pointer|
|localC_67_out          |  out|   32|      ap_vld|             localC_67_out|       pointer|
|localC_67_out_ap_vld   |  out|    1|      ap_vld|             localC_67_out|       pointer|
|localC_66_out          |  out|   32|      ap_vld|             localC_66_out|       pointer|
|localC_66_out_ap_vld   |  out|    1|      ap_vld|             localC_66_out|       pointer|
|localC_65_out          |  out|   32|      ap_vld|             localC_65_out|       pointer|
|localC_65_out_ap_vld   |  out|    1|      ap_vld|             localC_65_out|       pointer|
|localC_64_out          |  out|   32|      ap_vld|             localC_64_out|       pointer|
|localC_64_out_ap_vld   |  out|    1|      ap_vld|             localC_64_out|       pointer|
|localC_63_out          |  out|   32|      ap_vld|             localC_63_out|       pointer|
|localC_63_out_ap_vld   |  out|    1|      ap_vld|             localC_63_out|       pointer|
|localC_62_out          |  out|   32|      ap_vld|             localC_62_out|       pointer|
|localC_62_out_ap_vld   |  out|    1|      ap_vld|             localC_62_out|       pointer|
|localC_61_out          |  out|   32|      ap_vld|             localC_61_out|       pointer|
|localC_61_out_ap_vld   |  out|    1|      ap_vld|             localC_61_out|       pointer|
|localC_60_out          |  out|   32|      ap_vld|             localC_60_out|       pointer|
|localC_60_out_ap_vld   |  out|    1|      ap_vld|             localC_60_out|       pointer|
|localC_59_out          |  out|   32|      ap_vld|             localC_59_out|       pointer|
|localC_59_out_ap_vld   |  out|    1|      ap_vld|             localC_59_out|       pointer|
|localC_58_out          |  out|   32|      ap_vld|             localC_58_out|       pointer|
|localC_58_out_ap_vld   |  out|    1|      ap_vld|             localC_58_out|       pointer|
|localC_57_out          |  out|   32|      ap_vld|             localC_57_out|       pointer|
|localC_57_out_ap_vld   |  out|    1|      ap_vld|             localC_57_out|       pointer|
|localC_56_out          |  out|   32|      ap_vld|             localC_56_out|       pointer|
|localC_56_out_ap_vld   |  out|    1|      ap_vld|             localC_56_out|       pointer|
|localC_55_out          |  out|   32|      ap_vld|             localC_55_out|       pointer|
|localC_55_out_ap_vld   |  out|    1|      ap_vld|             localC_55_out|       pointer|
|localC_54_out          |  out|   32|      ap_vld|             localC_54_out|       pointer|
|localC_54_out_ap_vld   |  out|    1|      ap_vld|             localC_54_out|       pointer|
|localC_53_out          |  out|   32|      ap_vld|             localC_53_out|       pointer|
|localC_53_out_ap_vld   |  out|    1|      ap_vld|             localC_53_out|       pointer|
|localC_52_out          |  out|   32|      ap_vld|             localC_52_out|       pointer|
|localC_52_out_ap_vld   |  out|    1|      ap_vld|             localC_52_out|       pointer|
|localC_51_out          |  out|   32|      ap_vld|             localC_51_out|       pointer|
|localC_51_out_ap_vld   |  out|    1|      ap_vld|             localC_51_out|       pointer|
|localC_50_out          |  out|   32|      ap_vld|             localC_50_out|       pointer|
|localC_50_out_ap_vld   |  out|    1|      ap_vld|             localC_50_out|       pointer|
|localC_49_out          |  out|   32|      ap_vld|             localC_49_out|       pointer|
|localC_49_out_ap_vld   |  out|    1|      ap_vld|             localC_49_out|       pointer|
|localC_48_out          |  out|   32|      ap_vld|             localC_48_out|       pointer|
|localC_48_out_ap_vld   |  out|    1|      ap_vld|             localC_48_out|       pointer|
|localC_47_out          |  out|   32|      ap_vld|             localC_47_out|       pointer|
|localC_47_out_ap_vld   |  out|    1|      ap_vld|             localC_47_out|       pointer|
|localC_46_out          |  out|   32|      ap_vld|             localC_46_out|       pointer|
|localC_46_out_ap_vld   |  out|    1|      ap_vld|             localC_46_out|       pointer|
|localC_45_out          |  out|   32|      ap_vld|             localC_45_out|       pointer|
|localC_45_out_ap_vld   |  out|    1|      ap_vld|             localC_45_out|       pointer|
|localC_44_out          |  out|   32|      ap_vld|             localC_44_out|       pointer|
|localC_44_out_ap_vld   |  out|    1|      ap_vld|             localC_44_out|       pointer|
|localC_43_out          |  out|   32|      ap_vld|             localC_43_out|       pointer|
|localC_43_out_ap_vld   |  out|    1|      ap_vld|             localC_43_out|       pointer|
|localC_42_out          |  out|   32|      ap_vld|             localC_42_out|       pointer|
|localC_42_out_ap_vld   |  out|    1|      ap_vld|             localC_42_out|       pointer|
|localC_41_out          |  out|   32|      ap_vld|             localC_41_out|       pointer|
|localC_41_out_ap_vld   |  out|    1|      ap_vld|             localC_41_out|       pointer|
|localC_40_out          |  out|   32|      ap_vld|             localC_40_out|       pointer|
|localC_40_out_ap_vld   |  out|    1|      ap_vld|             localC_40_out|       pointer|
|localC_39_out          |  out|   32|      ap_vld|             localC_39_out|       pointer|
|localC_39_out_ap_vld   |  out|    1|      ap_vld|             localC_39_out|       pointer|
|localC_38_out          |  out|   32|      ap_vld|             localC_38_out|       pointer|
|localC_38_out_ap_vld   |  out|    1|      ap_vld|             localC_38_out|       pointer|
|localC_37_out          |  out|   32|      ap_vld|             localC_37_out|       pointer|
|localC_37_out_ap_vld   |  out|    1|      ap_vld|             localC_37_out|       pointer|
|localC_36_out          |  out|   32|      ap_vld|             localC_36_out|       pointer|
|localC_36_out_ap_vld   |  out|    1|      ap_vld|             localC_36_out|       pointer|
|localC_35_out          |  out|   32|      ap_vld|             localC_35_out|       pointer|
|localC_35_out_ap_vld   |  out|    1|      ap_vld|             localC_35_out|       pointer|
|localC_34_out          |  out|   32|      ap_vld|             localC_34_out|       pointer|
|localC_34_out_ap_vld   |  out|    1|      ap_vld|             localC_34_out|       pointer|
|localC_33_out          |  out|   32|      ap_vld|             localC_33_out|       pointer|
|localC_33_out_ap_vld   |  out|    1|      ap_vld|             localC_33_out|       pointer|
|localC_32_out          |  out|   32|      ap_vld|             localC_32_out|       pointer|
|localC_32_out_ap_vld   |  out|    1|      ap_vld|             localC_32_out|       pointer|
|localC_31_out          |  out|   32|      ap_vld|             localC_31_out|       pointer|
|localC_31_out_ap_vld   |  out|    1|      ap_vld|             localC_31_out|       pointer|
|localC_30_out          |  out|   32|      ap_vld|             localC_30_out|       pointer|
|localC_30_out_ap_vld   |  out|    1|      ap_vld|             localC_30_out|       pointer|
|localC_29_out          |  out|   32|      ap_vld|             localC_29_out|       pointer|
|localC_29_out_ap_vld   |  out|    1|      ap_vld|             localC_29_out|       pointer|
|localC_28_out          |  out|   32|      ap_vld|             localC_28_out|       pointer|
|localC_28_out_ap_vld   |  out|    1|      ap_vld|             localC_28_out|       pointer|
|localC_27_out          |  out|   32|      ap_vld|             localC_27_out|       pointer|
|localC_27_out_ap_vld   |  out|    1|      ap_vld|             localC_27_out|       pointer|
|localC_26_out          |  out|   32|      ap_vld|             localC_26_out|       pointer|
|localC_26_out_ap_vld   |  out|    1|      ap_vld|             localC_26_out|       pointer|
|localC_25_out          |  out|   32|      ap_vld|             localC_25_out|       pointer|
|localC_25_out_ap_vld   |  out|    1|      ap_vld|             localC_25_out|       pointer|
|localC_24_out          |  out|   32|      ap_vld|             localC_24_out|       pointer|
|localC_24_out_ap_vld   |  out|    1|      ap_vld|             localC_24_out|       pointer|
|localC_23_out          |  out|   32|      ap_vld|             localC_23_out|       pointer|
|localC_23_out_ap_vld   |  out|    1|      ap_vld|             localC_23_out|       pointer|
|localC_22_out          |  out|   32|      ap_vld|             localC_22_out|       pointer|
|localC_22_out_ap_vld   |  out|    1|      ap_vld|             localC_22_out|       pointer|
|localC_21_out          |  out|   32|      ap_vld|             localC_21_out|       pointer|
|localC_21_out_ap_vld   |  out|    1|      ap_vld|             localC_21_out|       pointer|
|localC_20_out          |  out|   32|      ap_vld|             localC_20_out|       pointer|
|localC_20_out_ap_vld   |  out|    1|      ap_vld|             localC_20_out|       pointer|
|localC_19_out          |  out|   32|      ap_vld|             localC_19_out|       pointer|
|localC_19_out_ap_vld   |  out|    1|      ap_vld|             localC_19_out|       pointer|
|localC_18_out          |  out|   32|      ap_vld|             localC_18_out|       pointer|
|localC_18_out_ap_vld   |  out|    1|      ap_vld|             localC_18_out|       pointer|
|localC_17_out          |  out|   32|      ap_vld|             localC_17_out|       pointer|
|localC_17_out_ap_vld   |  out|    1|      ap_vld|             localC_17_out|       pointer|
|localC_16_out          |  out|   32|      ap_vld|             localC_16_out|       pointer|
|localC_16_out_ap_vld   |  out|    1|      ap_vld|             localC_16_out|       pointer|
|localC_15_out          |  out|   32|      ap_vld|             localC_15_out|       pointer|
|localC_15_out_ap_vld   |  out|    1|      ap_vld|             localC_15_out|       pointer|
|localC_14_out          |  out|   32|      ap_vld|             localC_14_out|       pointer|
|localC_14_out_ap_vld   |  out|    1|      ap_vld|             localC_14_out|       pointer|
|localC_13_out          |  out|   32|      ap_vld|             localC_13_out|       pointer|
|localC_13_out_ap_vld   |  out|    1|      ap_vld|             localC_13_out|       pointer|
|localC_12_out          |  out|   32|      ap_vld|             localC_12_out|       pointer|
|localC_12_out_ap_vld   |  out|    1|      ap_vld|             localC_12_out|       pointer|
|localC_11_out          |  out|   32|      ap_vld|             localC_11_out|       pointer|
|localC_11_out_ap_vld   |  out|    1|      ap_vld|             localC_11_out|       pointer|
|localC_10_out          |  out|   32|      ap_vld|             localC_10_out|       pointer|
|localC_10_out_ap_vld   |  out|    1|      ap_vld|             localC_10_out|       pointer|
|localC_9_out           |  out|   32|      ap_vld|              localC_9_out|       pointer|
|localC_9_out_ap_vld    |  out|    1|      ap_vld|              localC_9_out|       pointer|
|localC_8_out           |  out|   32|      ap_vld|              localC_8_out|       pointer|
|localC_8_out_ap_vld    |  out|    1|      ap_vld|              localC_8_out|       pointer|
|localC_7_out           |  out|   32|      ap_vld|              localC_7_out|       pointer|
|localC_7_out_ap_vld    |  out|    1|      ap_vld|              localC_7_out|       pointer|
|localC_6_out           |  out|   32|      ap_vld|              localC_6_out|       pointer|
|localC_6_out_ap_vld    |  out|    1|      ap_vld|              localC_6_out|       pointer|
|localC_5_out           |  out|   32|      ap_vld|              localC_5_out|       pointer|
|localC_5_out_ap_vld    |  out|    1|      ap_vld|              localC_5_out|       pointer|
|localC_4_out           |  out|   32|      ap_vld|              localC_4_out|       pointer|
|localC_4_out_ap_vld    |  out|    1|      ap_vld|              localC_4_out|       pointer|
|localC_3_out           |  out|   32|      ap_vld|              localC_3_out|       pointer|
|localC_3_out_ap_vld    |  out|    1|      ap_vld|              localC_3_out|       pointer|
|localC_2_out           |  out|   32|      ap_vld|              localC_2_out|       pointer|
|localC_2_out_ap_vld    |  out|    1|      ap_vld|              localC_2_out|       pointer|
|localC_1_out           |  out|   32|      ap_vld|              localC_1_out|       pointer|
|localC_1_out_ap_vld    |  out|    1|      ap_vld|              localC_1_out|       pointer|
|localC_out             |  out|   32|      ap_vld|                localC_out|       pointer|
|localC_out_ap_vld      |  out|    1|      ap_vld|                localC_out|       pointer|
+-----------------------+-----+-----+------------+--------------------------+--------------+

