INFO-FLOW: Workspace /work/amotta/RecoNIC/shell/compute/lookside/mmult/solution1 opened at Fri Nov 21 17:57:07 CET 2025
Execute       send_msg_by_id INFO @200-1505@%s%s  vivado 
INFO: [HLS 200-1505] Using flow_target 'vivado'
Execute     set_part xcvu9p-flga2104-2L-e 
INFO: [HLS 200-1510] Running: set_part xcvu9p-flga2104-2L-e 
Execute       create_platform xcvu9p-flga2104-2L-e -board  
DBG:HLSDevice: Trying to load device library: /work/tools/Xilinx/Vitis/2024.2/lib/lnx64.o/libxv_hlsvwrap.so
DBG:HLSDevice: first parts/arch.xml in RDI_DATADIR: /work/tools/Xilinx/Vivado/2024.2/data/parts/arch.xml
DBG:HLSDevice: init success
INFO: [HLS 200-1611] Setting target device to 'xcvu9p-flga2104-2L-e'
Command       create_platform done; 0.12 sec.
Execute       source /work/tools/Xilinx/Vitis/2024.2/common/technology/xilinx/common/xilinx.gen 
Execute         source /work/tools/Xilinx/Vitis/2024.2/common/technology/xilinx/interface/plb46.gen 
Execute         source /work/tools/Xilinx/Vitis/2024.2/common/technology/xilinx/interface/axi4.gen 
Execute         source /work/tools/Xilinx/Vitis/2024.2/common/technology/xilinx/interface/nativeAXI4.gen 
Execute           source /work/tools/Xilinx/Vitis/2024.2/common/technology/xilinx/interface/saxilite.gen 
Execute         source /work/tools/Xilinx/Vitis/2024.2/common/technology/xilinx/scripts/xilinxcoregen.gen 
Execute         source /work/tools/Xilinx/Vitis/2024.2/common/technology/xilinx/interface/XilEDKCoreGen.gen 
Execute         source /work/tools/Xilinx/Vitis/2024.2/common/technology/xilinx/ip/xfft.gen 
Execute         source /work/tools/Xilinx/Vitis/2024.2/common/technology/xilinx/ip/util.gen 
Execute         source /work/tools/Xilinx/Vitis/2024.2/common/technology/xilinx/ip/xfir.gen 
Execute         source /work/tools/Xilinx/Vitis/2024.2/common/technology/xilinx/ip/dds_compiler.gen 
Execute         source /work/tools/Xilinx/Vitis/2024.2/common/technology/xilinx/DSP48/dsp48.gen 
Execute       ap_part_info -name xcvu9p-flga2104-2L-e -data info 
Execute       config_compile -quiet -complex-mul-dsp=0 
Command     set_part done; 0.18 sec.
Execute     create_clock -period 4 -name default 
INFO: [HLS 200-1510] Running: create_clock -period 4 -name default 
Execute       ap_set_clock -name default -period 4 -unit ns -default=false 
INFO: [SYN 201-201] Setting up clock 'default' with a period of 4ns.
Execute     config_interface -m_axi_alignment_byte_size 64 -m_axi_max_widen_bitwidth 512 
INFO: [HLS 200-1510] Running: config_interface -m_axi_alignment_byte_size 64 -m_axi_max_widen_bitwidth 512 
Execute     csim_design 
INFO: [HLS 200-1510] Running: csim_design 
Execute       ::AP::init_summary_file csim 
INFO-FLOW: Running SLX 'csim' proc: ::SLX::run_csim
INFO: [SIM 211-2] *************** CSIM start ***************
INFO: [SIM 211-4] CSIM will launch CLANG as the compiler.
Execute       send_msg_by_id INFO @200-2036@%s debug 
INFO: [HLS 200-2036] Building debug C Simulation binaries
Execute       source /work/tools/Xilinx/Vitis/2024.2/tps/tcl/tcllib1.11.1/yaml/huddle.tcl 
Execute       source /work/tools/Xilinx/Vitis/2024.2/tps/tcl/tcllib1.11.1/yaml/json2huddle.tcl 
Execute         source /work/tools/Xilinx/Vitis/2024.2/tps/tcl/tcllib1.11.1/try/try.tcl 
Execute       ap_part_info -name xcvu9p-flga2104-2L-e -data info 
Execute       source run_sim.tcl 
INFO: [SIM 211-1] CSim done with 0 errors.
INFO: [SIM 211-3] *************** CSIM finish ***************
Command     csim_design done; 0.97 sec.
INFO: [HLS 200-2161] Finished Command csim_design Elapsed time: 00:00:00; Allocated memory: 0.270 MB.
Execute     csynth_design 
INFO: [HLS 200-1510] Running: csynth_design 
Execute       ::AP::init_summary_file csynth 
INFO-FLOW: Running SLX 'csynth' proc: ::SLX::run_csynth
Execute       elaborate -effort=medium -skip_syncheck=0 -keep_printf=0 -skip_cdt=0 -skip_transform=0 -ng=0 -g=0 -opt_fp=0 -from_csynth_design=1 
INFO: [HLS 200-111] Finished File checks and directory preparation: CPU user time: 0.03 seconds. CPU system time: 0.01 seconds. Elapsed time: 0.04 seconds; current allocated memory: 196.836 MB.
Execute         set_directive_top mmult -name=mmult 
INFO: [HLS 200-10] Analyzing design file 'mmult.cpp' ... 
INFO-FLOW: Compiling one TU...
INFO-FLOW: Handling mmult.cpp as C++
Execute         ap_part_info -name xcvu9p-flga2104-2L-e -data info 
INFO-FLOW: Running: GCC PP 39
INFO-FLOW: Source preprocessing
INFO-FLOW: run_clang exec: /work/tools/Xilinx/Vitis/2024.2/lnx64/tools/clang-3.9-csynth/bin/clang mmult.cpp -foptimization-record-file=/work/amotta/RecoNIC/shell/compute/lookside/mmult/solution1/.autopilot/db/mmult.cpp.clang.diag.yml -mllvm -pass-remarks-missed=reflow|pasta|unroll|inline -mllvm -pass-remarks=reflow|pasta|unroll|inline -fno-limit-debug-info --gcc-toolchain=/work/tools/Xilinx/Vivado/2024.2/tps/lnx64/gcc-8.3.0 -fhls -fno-exceptions -insert-hls-directive=/work/amotta/RecoNIC/shell/compute/lookside/mmult/solution1/.autopilot/db/all.directive.json -E -fno-math-errno -c -emit-llvm -mllvm -disable-llvm-optzns -Werror=implicit-function-declaration -Werror=implicit-hls-streams -Werror=return-type -Wpragmas -Wunused-parameter -Wdump-hls-pragmas -Wno-error=dump-hls-pragmas -hls-clock-period=4 -fno-threadsafe-statics -fno-use-cxa-atexit -std=gnu++14 -target fpga64-xilinx-linux-gnu -fno-threadsafe-statics -fno-use-cxa-atexit -D__VITIS_HLS__ -DAESL_SYN -D__SYNTHESIS__ -D__HLS_SYN__ -I /work/tools/Xilinx/Vitis/2024.2/common/technology/autopilot -I /work/tools/Xilinx/Vitis/2024.2/common/technology/autopilot/ap_sysc -include etc/autopilot_ssdm_op.h -D__DSP48E2__ -I /usr/include/x86_64-linux-gnu -o /work/amotta/RecoNIC/shell/compute/lookside/mmult/solution1/.autopilot/db/mmult.pp.0.cpp -hls-platform-db-name=/work/tools/Xilinx/Vitis/2024.2/common/technology/xilinx/common/platform.db -hls-platform-name=virtexuplus_medium -device-resource-info=BRAM_4320.000000_DSP_6840.000000_FF_2364480.000000_LUT_1182240.000000_SLICE_147780.000000_SLR_3.000000_URAM_960.000000 -device-name-info=xcvu9p-flga2104-2L-e > /work/amotta/RecoNIC/shell/compute/lookside/mmult/solution1/.autopilot/db/mmult.cpp.clang.out.log 2> /work/amotta/RecoNIC/shell/compute/lookside/mmult/solution1/.autopilot/db/mmult.cpp.clang.err.log
INFO-FLOW: Done: GCC PP 39 time: 0.1 seconds per iteration
INFO-FLOW: Source syntax check for synthesis
INFO-FLOW: run_clang exec: /work/tools/Xilinx/Vitis/2024.2/lnx64/tools/clang-3.9-csynth/bin/clang -foptimization-record-file=/work/amotta/RecoNIC/shell/compute/lookside/mmult/solution1/.autopilot/db/clang.diag.yml -mllvm -pass-remarks-missed=reflow|pasta|unroll|inline -mllvm -pass-remarks=reflow|pasta|unroll|inline -fsyntax-only -fhls -target fpga64-xilinx-linux-gnu /work/amotta/RecoNIC/shell/compute/lookside/mmult/solution1/.autopilot/db/mmult.pp.0.cpp -hls-platform-db-name=/work/tools/Xilinx/Vitis/2024.2/common/technology/xilinx/common/platform.db -hls-platform-name=virtexuplus_medium -device-resource-info=BRAM_4320.000000_DSP_6840.000000_FF_2364480.000000_LUT_1182240.000000_SLICE_147780.000000_SLR_3.000000_URAM_960.000000 -device-name-info=xcvu9p-flga2104-2L-e > /work/amotta/RecoNIC/shell/compute/lookside/mmult/solution1/.autopilot/db/clang.out.log 2> /work/amotta/RecoNIC/shell/compute/lookside/mmult/solution1/.autopilot/db/clang.err.log
Execute         clang_tidy xilinx-systemc-detector -desc systemc-detector /work/amotta/RecoNIC/shell/compute/lookside/mmult/solution1/.autopilot/db/mmult.pp.0.cpp std=gnu++14 -target fpga  -directive=/work/amotta/RecoNIC/shell/compute/lookside/mmult/solution1/.autopilot/db/.systemc_flag 
INFO-FLOW: exec /work/tools/Xilinx/Vitis/2024.2/lnx64/tools/clang-3.9-csynth/bin/clang-tidy -header-filter=.* --checks=-*,xilinx-systemc-detector -import-directive=/work/amotta/RecoNIC/shell/compute/lookside/mmult/solution1/.autopilot/db/.systemc_flag -fix-errors /work/amotta/RecoNIC/shell/compute/lookside/mmult/solution1/.autopilot/db/mmult.pp.0.cpp -- -std=gnu++14 -target fpga -fhls -ferror-limit=0
INFO-FLOW: Running: clang-tidy CDT preprocess 39
Execute         clang_tidy xilinx-directive2pragma -desc directive2pragma /work/amotta/RecoNIC/shell/compute/lookside/mmult/solution1/.autopilot/db/mmult.pp.0.cpp std=gnu++14 -target fpga  -directive=/work/amotta/RecoNIC/shell/compute/lookside/mmult/solution1/.autopilot/db/all.directive.json 
INFO-FLOW: exec /work/tools/Xilinx/Vitis/2024.2/lnx64/tools/clang-3.9-csynth/bin/clang-tidy -header-filter=.* --checks=-*,xilinx-directive2pragma -import-directive=/work/amotta/RecoNIC/shell/compute/lookside/mmult/solution1/.autopilot/db/all.directive.json -fix-errors /work/amotta/RecoNIC/shell/compute/lookside/mmult/solution1/.autopilot/db/mmult.pp.0.cpp -- -std=gnu++14 -target fpga -fhls -ferror-limit=0
INFO-FLOW: Done: clang-tidy CDT preprocess 39 time: 0 seconds per iteration
INFO-FLOW: Calling xilinx-label-all-loops ... 
INFO-FLOW: Calling xilinx-aggregate-on-hls-vector ... 
Execute         clang_tidy -errorcheck -desc loop-label xilinx-label-all-loops,xilinx-aggregate-on-hls-vector,,xilinx-warn-mayneed-no-ctor-attribute /work/amotta/RecoNIC/shell/compute/lookside/mmult/solution1/.autopilot/db/mmult.pp.0.cpp std=gnu++14 -target fpga  
INFO-FLOW: run_clang exec: /work/tools/Xilinx/Vitis/2024.2/lnx64/tools/clang-3.9-csynth/bin/clang-tidy -export-fixes=/work/amotta/RecoNIC/shell/compute/lookside/mmult/solution1/.autopilot/db/mmult.pp.0.cpp.clang-tidy.loop-label.diag.yml -header-filter=.* --checks=-*,xilinx-label-all-loops,xilinx-aggregate-on-hls-vector,,xilinx-warn-mayneed-no-ctor-attribute -fix-errors /work/amotta/RecoNIC/shell/compute/lookside/mmult/solution1/.autopilot/db/mmult.pp.0.cpp -- -std=gnu++14 -target fpga -fhls -ferror-limit=0 > /work/amotta/RecoNIC/shell/compute/lookside/mmult/solution1/.autopilot/db/mmult.pp.0.cpp.clang-tidy.loop-label.out.log 2> /work/amotta/RecoNIC/shell/compute/lookside/mmult/solution1/.autopilot/db/mmult.pp.0.cpp.clang-tidy.loop-label.err.log
INFO-FLOW: run_clang exec: /work/tools/Xilinx/Vitis/2024.2/lnx64/tools/clang-3.9-csynth/bin/xilinx-dataflow-lawyer -export-fixes=/work/amotta/RecoNIC/shell/compute/lookside/mmult/solution1/.autopilot/db/mmult.pp.0.cpp.xilinx-dataflow-lawyer.diag.yml /work/amotta/RecoNIC/shell/compute/lookside/mmult/solution1/.autopilot/db/mmult.pp.0.cpp -- -std=gnu++14 -target fpga -fhls -ferror-limit=0 -fstrict-dataflow > /work/amotta/RecoNIC/shell/compute/lookside/mmult/solution1/.autopilot/db/mmult.pp.0.cpp.xilinx-dataflow-lawyer.out.log 2> /work/amotta/RecoNIC/shell/compute/lookside/mmult/solution1/.autopilot/db/mmult.pp.0.cpp.xilinx-dataflow-lawyer.err.log
Execute         ap_part_info -name xcvu9p-flga2104-2L-e -data info 
INFO-FLOW: compiling source code to llvm bc
INFO-FLOW: run_clang exec: /work/tools/Xilinx/Vitis/2024.2/lnx64/tools/clang-3.9-csynth/bin/clang -foptimization-record-file=/work/amotta/RecoNIC/shell/compute/lookside/mmult/solution1/.autopilot/db/mmult.pp.0.cpp.clang.diag.yml -mllvm -pass-remarks-missed=reflow|pasta|unroll|inline -mllvm -pass-remarks=reflow|pasta|unroll|inline -fno-limit-debug-info -fhls -flto -fno-exceptions -Wno-error=c++11-narrowing -hls-emit-hint-scope /work/amotta/RecoNIC/shell/compute/lookside/mmult/solution1/.autopilot/db/mmult.pp.0.cpp -fno-math-errno -c -emit-llvm -mllvm -disable-llvm-optzns -Werror=implicit-function-declaration -Werror=implicit-hls-streams -Werror=return-type -Wpragmas -Wunused-parameter -Wdump-hls-pragmas -Wno-error=dump-hls-pragmas -hls-clock-period=4 -fno-threadsafe-statics -fno-use-cxa-atexit -std=gnu++14 -target fpga64-xilinx-linux-gnu -D__VITIS_HLS__ -DAESL_SYN -D__SYNTHESIS__ -D__HLS_SYN__ -I /work/tools/Xilinx/Vitis/2024.2/common/technology/autopilot -I /work/tools/Xilinx/Vitis/2024.2/common/technology/autopilot/ap_sysc -include etc/autopilot_ssdm_op.h -D__DSP48E2__ -g -o /work/amotta/RecoNIC/shell/compute/lookside/mmult/solution1/.autopilot/db/mmult.bc -hls-platform-db-name=/work/tools/Xilinx/Vitis/2024.2/common/technology/xilinx/common/platform.db -hls-platform-name=virtexuplus_medium -device-resource-info=BRAM_4320.000000_DSP_6840.000000_FF_2364480.000000_LUT_1182240.000000_SLICE_147780.000000_SLR_3.000000_URAM_960.000000 -device-name-info=xcvu9p-flga2104-2L-e > /work/amotta/RecoNIC/shell/compute/lookside/mmult/solution1/.autopilot/db/mmult.pp.0.cpp.clang.out.log 2> /work/amotta/RecoNIC/shell/compute/lookside/mmult/solution1/.autopilot/db/mmult.pp.0.cpp.clang.err.log
INFO: [HLS 200-111] Finished Source Code Analysis and Preprocessing: CPU user time: 0.13 seconds. CPU system time: 0.11 seconds. Elapsed time: 0.29 seconds; current allocated memory: 198.543 MB.
INFO-FLOW: Linking Debug ...
INFO-FLOW: Linking dut bc code.
Execute         run_link_or_opt -out /work/amotta/RecoNIC/shell/compute/lookside/mmult/solution1/.autopilot/db/a.g.ld.0.bc -args  "/work/amotta/RecoNIC/shell/compute/lookside/mmult/solution1/.autopilot/db/mmult.g.bc"  
INFO-FLOW: run_clang exec: /work/tools/Xilinx/Vitis/2024.2/lnx64/tools/clang-3.9-csynth/bin/llvm-link /work/amotta/RecoNIC/shell/compute/lookside/mmult/solution1/.autopilot/db/mmult.g.bc -o /work/amotta/RecoNIC/shell/compute/lookside/mmult/solution1/.autopilot/db/a.g.ld.0.bc > /work/amotta/RecoNIC/shell/compute/lookside/mmult/solution1/.autopilot/db/a.g.ld.0.bc.llvm-link.out.log 2> /work/amotta/RecoNIC/shell/compute/lookside/mmult/solution1/.autopilot/db/a.g.ld.0.bc.llvm-link.err.log
Execute         run_link_or_opt -opt -out /work/amotta/RecoNIC/shell/compute/lookside/mmult/solution1/.autopilot/db/a.g.ld.1.lower.bc -args /work/amotta/RecoNIC/shell/compute/lookside/mmult/solution1/.autopilot/db/a.g.ld.0.bc -reflow-lower-math-intrinsics 
INFO-FLOW: run_clang exec: /work/tools/Xilinx/Vitis/2024.2/lnx64/tools/clang-3.9-csynth/bin/opt -pass-remarks-missed=reflow|pasta|unroll|inline -pass-remarks=reflow|pasta|unroll|inline -pass-remarks-output=/work/amotta/RecoNIC/shell/compute/lookside/mmult/solution1/.autopilot/db/a.g.ld.1.lower.bc.opt.diag.yml /work/amotta/RecoNIC/shell/compute/lookside/mmult/solution1/.autopilot/db/a.g.ld.0.bc -reflow-lower-math-intrinsics -o /work/amotta/RecoNIC/shell/compute/lookside/mmult/solution1/.autopilot/db/a.g.ld.1.lower.bc > /work/amotta/RecoNIC/shell/compute/lookside/mmult/solution1/.autopilot/db/a.g.ld.1.lower.bc.opt.out.log 2> /work/amotta/RecoNIC/shell/compute/lookside/mmult/solution1/.autopilot/db/a.g.ld.1.lower.bc.opt.err.log
INFO-FLOW: Running: gen_design_size_report post-opt
INFO-FLOW: Done: gen_design_size_report post-opt time: 0 seconds per iteration
INFO-FLOW: Linking math bc lib
Execute         run_link_or_opt -out /work/amotta/RecoNIC/shell/compute/lookside/mmult/solution1/.autopilot/db/a.g.ld.2.m1.bc -args /work/amotta/RecoNIC/shell/compute/lookside/mmult/solution1/.autopilot/db/a.g.ld.1.lower.bc -only-needed /work/tools/Xilinx/Vitis/2024.2/lnx64/lib/libhlsm_39.bc /work/tools/Xilinx/Vitis/2024.2/lnx64/lib/libhlsmc++_39.bc 
INFO-FLOW: run_clang exec: /work/tools/Xilinx/Vitis/2024.2/lnx64/tools/clang-3.9-csynth/bin/llvm-link /work/amotta/RecoNIC/shell/compute/lookside/mmult/solution1/.autopilot/db/a.g.ld.1.lower.bc -only-needed /work/tools/Xilinx/Vitis/2024.2/lnx64/lib/libhlsm_39.bc /work/tools/Xilinx/Vitis/2024.2/lnx64/lib/libhlsmc++_39.bc -o /work/amotta/RecoNIC/shell/compute/lookside/mmult/solution1/.autopilot/db/a.g.ld.2.m1.bc > /work/amotta/RecoNIC/shell/compute/lookside/mmult/solution1/.autopilot/db/a.g.ld.2.m1.bc.llvm-link.out.log 2> /work/amotta/RecoNIC/shell/compute/lookside/mmult/solution1/.autopilot/db/a.g.ld.2.m1.bc.llvm-link.err.log
Command         run_link_or_opt done; 0.78 sec.
Execute         run_link_or_opt -opt -out /work/amotta/RecoNIC/shell/compute/lookside/mmult/solution1/.autopilot/db/a.g.ld.3.fpc.bc -args /work/amotta/RecoNIC/shell/compute/lookside/mmult/solution1/.autopilot/db/a.g.ld.2.m1.bc -reflow-globaldce -hls-top-function-name=mmult -reflow-float-conversion 
INFO-FLOW: run_clang exec: /work/tools/Xilinx/Vitis/2024.2/lnx64/tools/clang-3.9-csynth/bin/opt -pass-remarks-missed=reflow|pasta|unroll|inline -pass-remarks=reflow|pasta|unroll|inline -pass-remarks-output=/work/amotta/RecoNIC/shell/compute/lookside/mmult/solution1/.autopilot/db/a.g.ld.3.fpc.bc.opt.diag.yml /work/amotta/RecoNIC/shell/compute/lookside/mmult/solution1/.autopilot/db/a.g.ld.2.m1.bc -reflow-globaldce -hls-top-function-name=mmult -reflow-float-conversion -o /work/amotta/RecoNIC/shell/compute/lookside/mmult/solution1/.autopilot/db/a.g.ld.3.fpc.bc > /work/amotta/RecoNIC/shell/compute/lookside/mmult/solution1/.autopilot/db/a.g.ld.3.fpc.bc.opt.out.log 2> /work/amotta/RecoNIC/shell/compute/lookside/mmult/solution1/.autopilot/db/a.g.ld.3.fpc.bc.opt.err.log
INFO-FLOW: Running: gen_design_size_report post-opt
INFO-FLOW: Done: gen_design_size_report post-opt time: 0 seconds per iteration
Command         run_link_or_opt done; 0.31 sec.
Execute         run_link_or_opt -out /work/amotta/RecoNIC/shell/compute/lookside/mmult/solution1/.autopilot/db/a.g.ld.4.m2.bc -args /work/amotta/RecoNIC/shell/compute/lookside/mmult/solution1/.autopilot/db/a.g.ld.3.fpc.bc -only-needed /work/tools/Xilinx/Vitis/2024.2/lnx64/lib/libfloatconversion_39.bc 
INFO-FLOW: run_clang exec: /work/tools/Xilinx/Vitis/2024.2/lnx64/tools/clang-3.9-csynth/bin/llvm-link /work/amotta/RecoNIC/shell/compute/lookside/mmult/solution1/.autopilot/db/a.g.ld.3.fpc.bc -only-needed /work/tools/Xilinx/Vitis/2024.2/lnx64/lib/libfloatconversion_39.bc -o /work/amotta/RecoNIC/shell/compute/lookside/mmult/solution1/.autopilot/db/a.g.ld.4.m2.bc > /work/amotta/RecoNIC/shell/compute/lookside/mmult/solution1/.autopilot/db/a.g.ld.4.m2.bc.llvm-link.out.log 2> /work/amotta/RecoNIC/shell/compute/lookside/mmult/solution1/.autopilot/db/a.g.ld.4.m2.bc.llvm-link.err.log
Execute         run_link_or_opt -opt -out /work/amotta/RecoNIC/shell/compute/lookside/mmult/solution1/.autopilot/db/a.g.ld.5.gdce.bc -args /work/amotta/RecoNIC/shell/compute/lookside/mmult/solution1/.autopilot/db/a.g.ld.4.m2.bc -reflow-globaldce -hls-top-function-name=mmult 
INFO-FLOW: run_clang exec: /work/tools/Xilinx/Vitis/2024.2/lnx64/tools/clang-3.9-csynth/bin/opt -pass-remarks-missed=reflow|pasta|unroll|inline -pass-remarks=reflow|pasta|unroll|inline -pass-remarks-output=/work/amotta/RecoNIC/shell/compute/lookside/mmult/solution1/.autopilot/db/a.g.ld.5.gdce.bc.opt.diag.yml /work/amotta/RecoNIC/shell/compute/lookside/mmult/solution1/.autopilot/db/a.g.ld.4.m2.bc -reflow-globaldce -hls-top-function-name=mmult -o /work/amotta/RecoNIC/shell/compute/lookside/mmult/solution1/.autopilot/db/a.g.ld.5.gdce.bc > /work/amotta/RecoNIC/shell/compute/lookside/mmult/solution1/.autopilot/db/a.g.ld.5.gdce.bc.opt.out.log 2> /work/amotta/RecoNIC/shell/compute/lookside/mmult/solution1/.autopilot/db/a.g.ld.5.gdce.bc.opt.err.log
INFO-FLOW: Running: gen_design_size_report post-opt
INFO-FLOW: Done: gen_design_size_report post-opt time: 0 seconds per iteration
Execute         send_msg_by_id INFO @200-777@%s Vivado 
INFO: [HLS 200-777] Using interface defaults for 'Vivado' flow target.
Execute         is_m_axi_addr64 
INFO-FLOW: Doing LTO.
INFO-FLOW: run_clang (background poll_ms 5000) exec: /work/tools/Xilinx/Vitis/2024.2/lnx64/tools/clang-3.9-csynth/bin/clang -foptimization-record-file=/work/amotta/RecoNIC/shell/compute/lookside/mmult/solution1/.autopilot/db/a.g.ld.0.bc.clang.reflow.diag.yml -mllvm -pass-remarks-missed=reflow|pasta|unroll|inline -mllvm -pass-remarks=reflow|pasta|unroll|inline -fhls -mllvm -hls-top-function-name=mmult -mllvm -hls-db-dir -mllvm /work/amotta/RecoNIC/shell/compute/lookside/mmult/solution1/.autopilot/db -emit-llvm -c -target fpga64-xilinx-none -mllvm -xcl-xmlinfo=/work/amotta/RecoNIC/shell/compute/lookside/mmult/solution1/.autopilot/db/kernel.internal.xml -mllvm -top-io-mapping-info=/work/amotta/RecoNIC/shell/compute/lookside/mmult/solution1/.autopilot/db/top-io-fe.xml -mllvm -hls-bitcode-version=3.1 -mllvm -reflow-enable-slave-interface-default-setting=true -mllvm -gen-kernel-xml=false -mllvm -default-maxi-offset=slave -mllvm -maxi-latency=0 -mllvm -hls-maxi-data-size-in-bits=8 -mllvm -hls-maxi-max-data-size-in-bits=1024 -mllvm -hls-max-widen-size-in-bits=512 -mllvm -xcl-kernel-max-mem-ports=0 -mllvm -maxi-read-trans=16 -mllvm -maxi-write-trans=16 -mllvm -maxi-read-burst-len=16 -mllvm -maxi-write-burst-len=16 -mllvm -reflow-enable-saxi-64bits=0 -mllvm -reflow-basic-block-instr-threshold=200000 -mllvm -reflow-auto-pipeline-threshold=64 -mllvm -reflow-enable-maxi-auto-id-channel=0 -mllvm -reflow-bdd-simplify-threshold=1048576 -mllvm -reflow-fanout-threshold=16 -mllvm -reflow-complete-threshold=4 -mllvm -reflow-array-promotion-threshold=64 -mllvm -assume-maxi-align=64 -mllvm -reflow-enable-dataflow-strict-mode-checking=1 -ftime-report -mllvm -time-passes -mllvm -reflow-auto-array-partition-mode=default -mllvm -reflow-enable-auto-small-array-partition=true -mllvm -reflow-enable-auto-array-promotion=true -mllvm -reflow-enable-auto-array-partition-for-flatten=true -mllvm -reflow-enable-auto-parallel-performance-driven=true -mllvm -reflow-enable-partition-for-automation=true -mllvm -reflow-aggregate-bitwidth-threshold=4096 -mllvm -reflow-reserved-saxilite-registers=0 -mllvm -enable-reflow-auto-loop-pipeline -mllvm -reflow-max-unroll-threshold=409600 -mllvm -auto-unroll-tripcount-threshold=0 -mllvm -reflow-assume-no-address-wrap=true -mllvm -reflow-enable-occurrence-inference=true -mllvm -reflow-emit-hint-scope=true -mllvm -reflow-enable-codegen-with-if=true -mllvm -reflow-enable-dataflow-canon=true -mllvm -reflow-enable-dataflow-canon2=true -mllvm -hls -mllvm -disable-inlined-alloca-merging=true -mllvm -default-clock-period=4 -mllvm -use_read_first_ram_in_loop=1 -mllvm -default-clock-uncertainty=1.08 -x ir /work/amotta/RecoNIC/shell/compute/lookside/mmult/solution1/.autopilot/db/a.g.ld.5.gdce.bc -o /work/amotta/RecoNIC/shell/compute/lookside/mmult/solution1/.autopilot/db/a.g.lto.bc -hls-platform-db-name=/work/tools/Xilinx/Vitis/2024.2/common/technology/xilinx/common/platform.db -hls-platform-name=virtexuplus_medium -device-resource-info=BRAM_4320.000000_DSP_6840.000000_FF_2364480.000000_LUT_1182240.000000_SLICE_147780.000000_SLR_3.000000_URAM_960.000000 -device-name-info=xcvu9p-flga2104-2L-e 2> /work/amotta/RecoNIC/shell/compute/lookside/mmult/solution1/.autopilot/db/a.g.ld.0.bc.clang.reflow.err.log bg_poll_cmd: ::AP::poll_clang_39_closed_source
Execute         send_msg_by_id INFO @200-1995@%s%s%s 118 Compile/Link /work/amotta/RecoNIC/shell/compute/lookside/mmult/solution1/syn/report/csynth_design_size.rpt 
INFO: [HLS 200-1995] There were 118 instructions in the design after the 'Compile/Link' phase of compilation. See the Design Size Report for more details: /work/amotta/RecoNIC/shell/compute/lookside/mmult/solution1/syn/report/csynth_design_size.rpt
Execute         send_msg_by_id INFO @200-1995@%s%s%s 6,262 Unroll/Inline (step 1) /work/amotta/RecoNIC/shell/compute/lookside/mmult/solution1/syn/report/csynth_design_size.rpt 
INFO: [HLS 200-1995] There were 6,262 instructions in the design after the 'Unroll/Inline (step 1)' phase of compilation. See the Design Size Report for more details: /work/amotta/RecoNIC/shell/compute/lookside/mmult/solution1/syn/report/csynth_design_size.rpt
Execute         send_msg_by_id INFO @200-1995@%s%s%s 3,996 Unroll/Inline (step 2) /work/amotta/RecoNIC/shell/compute/lookside/mmult/solution1/syn/report/csynth_design_size.rpt 
INFO: [HLS 200-1995] There were 3,996 instructions in the design after the 'Unroll/Inline (step 2)' phase of compilation. See the Design Size Report for more details: /work/amotta/RecoNIC/shell/compute/lookside/mmult/solution1/syn/report/csynth_design_size.rpt
Execute         send_msg_by_id INFO @200-1995@%s%s%s 3,947 Unroll/Inline (step 3) /work/amotta/RecoNIC/shell/compute/lookside/mmult/solution1/syn/report/csynth_design_size.rpt 
INFO: [HLS 200-1995] There were 3,947 instructions in the design after the 'Unroll/Inline (step 3)' phase of compilation. See the Design Size Report for more details: /work/amotta/RecoNIC/shell/compute/lookside/mmult/solution1/syn/report/csynth_design_size.rpt
Execute         send_msg_by_id INFO @200-1995@%s%s%s 3,947 Unroll/Inline (step 4) /work/amotta/RecoNIC/shell/compute/lookside/mmult/solution1/syn/report/csynth_design_size.rpt 
INFO: [HLS 200-1995] There were 3,947 instructions in the design after the 'Unroll/Inline (step 4)' phase of compilation. See the Design Size Report for more details: /work/amotta/RecoNIC/shell/compute/lookside/mmult/solution1/syn/report/csynth_design_size.rpt
Execute         send_msg_by_id INFO @200-1995@%s%s%s 8,552 Array/Struct (step 1) /work/amotta/RecoNIC/shell/compute/lookside/mmult/solution1/syn/report/csynth_design_size.rpt 
INFO: [HLS 200-1995] There were 8,552 instructions in the design after the 'Array/Struct (step 1)' phase of compilation. See the Design Size Report for more details: /work/amotta/RecoNIC/shell/compute/lookside/mmult/solution1/syn/report/csynth_design_size.rpt
Execute         send_msg_by_id INFO @200-1995@%s%s%s 3,958 Array/Struct (step 2) /work/amotta/RecoNIC/shell/compute/lookside/mmult/solution1/syn/report/csynth_design_size.rpt 
INFO: [HLS 200-1995] There were 3,958 instructions in the design after the 'Array/Struct (step 2)' phase of compilation. See the Design Size Report for more details: /work/amotta/RecoNIC/shell/compute/lookside/mmult/solution1/syn/report/csynth_design_size.rpt
Execute         send_msg_by_id INFO @200-1995@%s%s%s 3,958 Array/Struct (step 3) /work/amotta/RecoNIC/shell/compute/lookside/mmult/solution1/syn/report/csynth_design_size.rpt 
INFO: [HLS 200-1995] There were 3,958 instructions in the design after the 'Array/Struct (step 3)' phase of compilation. See the Design Size Report for more details: /work/amotta/RecoNIC/shell/compute/lookside/mmult/solution1/syn/report/csynth_design_size.rpt
Execute         send_msg_by_id INFO @200-1995@%s%s%s 3,958 Array/Struct (step 4) /work/amotta/RecoNIC/shell/compute/lookside/mmult/solution1/syn/report/csynth_design_size.rpt 
INFO: [HLS 200-1995] There were 3,958 instructions in the design after the 'Array/Struct (step 4)' phase of compilation. See the Design Size Report for more details: /work/amotta/RecoNIC/shell/compute/lookside/mmult/solution1/syn/report/csynth_design_size.rpt
Execute         send_msg_by_id INFO @200-1995@%s%s%s 4,244 Array/Struct (step 5) /work/amotta/RecoNIC/shell/compute/lookside/mmult/solution1/syn/report/csynth_design_size.rpt 
INFO: [HLS 200-1995] There were 4,244 instructions in the design after the 'Array/Struct (step 5)' phase of compilation. See the Design Size Report for more details: /work/amotta/RecoNIC/shell/compute/lookside/mmult/solution1/syn/report/csynth_design_size.rpt
Execute         send_msg_by_id INFO @200-1995@%s%s%s 4,250 Performance (step 1) /work/amotta/RecoNIC/shell/compute/lookside/mmult/solution1/syn/report/csynth_design_size.rpt 
INFO: [HLS 200-1995] There were 4,250 instructions in the design after the 'Performance (step 1)' phase of compilation. See the Design Size Report for more details: /work/amotta/RecoNIC/shell/compute/lookside/mmult/solution1/syn/report/csynth_design_size.rpt
Execute         send_msg_by_id INFO @200-1995@%s%s%s 3,994 Performance (step 2) /work/amotta/RecoNIC/shell/compute/lookside/mmult/solution1/syn/report/csynth_design_size.rpt 
INFO: [HLS 200-1995] There were 3,994 instructions in the design after the 'Performance (step 2)' phase of compilation. See the Design Size Report for more details: /work/amotta/RecoNIC/shell/compute/lookside/mmult/solution1/syn/report/csynth_design_size.rpt
Execute         send_msg_by_id INFO @200-1995@%s%s%s 3,993 Performance (step 3) /work/amotta/RecoNIC/shell/compute/lookside/mmult/solution1/syn/report/csynth_design_size.rpt 
INFO: [HLS 200-1995] There were 3,993 instructions in the design after the 'Performance (step 3)' phase of compilation. See the Design Size Report for more details: /work/amotta/RecoNIC/shell/compute/lookside/mmult/solution1/syn/report/csynth_design_size.rpt
Execute         send_msg_by_id INFO @200-1995@%s%s%s 3,993 Performance (step 4) /work/amotta/RecoNIC/shell/compute/lookside/mmult/solution1/syn/report/csynth_design_size.rpt 
INFO: [HLS 200-1995] There were 3,993 instructions in the design after the 'Performance (step 4)' phase of compilation. See the Design Size Report for more details: /work/amotta/RecoNIC/shell/compute/lookside/mmult/solution1/syn/report/csynth_design_size.rpt
Execute         send_msg_by_id INFO @200-1995@%s%s%s 4,005 HW Transforms (step 1) /work/amotta/RecoNIC/shell/compute/lookside/mmult/solution1/syn/report/csynth_design_size.rpt 
INFO: [HLS 200-1995] There were 4,005 instructions in the design after the 'HW Transforms (step 1)' phase of compilation. See the Design Size Report for more details: /work/amotta/RecoNIC/shell/compute/lookside/mmult/solution1/syn/report/csynth_design_size.rpt
Execute         send_msg_by_id INFO @200-1995@%s%s%s 3,758 HW Transforms (step 2) /work/amotta/RecoNIC/shell/compute/lookside/mmult/solution1/syn/report/csynth_design_size.rpt 
INFO: [HLS 200-1995] There were 3,758 instructions in the design after the 'HW Transforms (step 2)' phase of compilation. See the Design Size Report for more details: /work/amotta/RecoNIC/shell/compute/lookside/mmult/solution1/syn/report/csynth_design_size.rpt
Execute         source /work/tools/Xilinx/Vitis/2024.2/tps/tcl/tcllib1.11.1/yaml/yaml.tcl 
INFO: [HLS 214-291] Loop 'systolic2' is marked as complete unroll implied by the pipeline pragma (mmult.cpp:154:9)
INFO: [HLS 214-291] Loop 'systolic3' is marked as complete unroll implied by the pipeline pragma (mmult.cpp:156:13)
INFO: [HLS 214-186] Unrolling loop 'systolic2' (mmult.cpp:154:9) in function 'mmult' completely with a factor of 16 (mmult.cpp:61:0)
INFO: [HLS 214-186] Unrolling loop 'systolic3' (mmult.cpp:156:13) in function 'mmult' completely with a factor of 16 (mmult.cpp:61:0)
INFO: [HLS 214-248] Applying array_partition to 'localA': Complete partitioning on dimension 1. (mmult.cpp:92:9)
INFO: [HLS 214-248] Applying array_partition to 'localB': Complete partitioning on dimension 2. (mmult.cpp:95:6)
INFO: [HLS 214-248] Applying array_partition to 'localC': Complete partitioning on dimension 1. Complete partitioning on dimension 2. (mmult.cpp:98:6)
INFO: [HLS 214-376] automatically set the pipeline for Loop< unknown> at mmult.cpp:104:5 
INFO: [HLS 214-376] automatically set the pipeline for Loop< unknown> at mmult.cpp:108:5 
INFO: [HLS 214-376] automatically set the pipeline for Loop< unknown> at mmult.cpp:176:2 
INFO: [HLS 214-115] Multiple burst reads of length 16 and bit width 512 has been inferred on bundle 'systolic'. These burst requests might be further partitioned into multiple requests during RTL generation, based on max_read_burst_length or max_write_burst_length settings. (mmult.cpp:104:5)
INFO: [HLS 214-115] Multiple burst reads of length 16 and bit width 512 has been inferred on bundle 'systolic'. These burst requests might be further partitioned into multiple requests during RTL generation, based on max_read_burst_length or max_write_burst_length settings. (mmult.cpp:108:5)
INFO: [HLS 214-115] Multiple burst writes of length 16 and bit width 512 has been inferred on bundle 'systolic'. These burst requests might be further partitioned into multiple requests during RTL generation, based on max_read_burst_length or max_write_burst_length settings. (mmult.cpp:176:2)
INFO-FLOW: DBG:PUTS: copy_raw_kernel_xml ap_link_39: kernel.xml not generated: /work/amotta/RecoNIC/shell/compute/lookside/mmult/solution1/.autopilot/db/kernel.internal.xml
INFO: [HLS 200-111] Finished Compiling Optimization and Transform: CPU user time: 5.81 seconds. CPU system time: 0.17 seconds. Elapsed time: 6.33 seconds; current allocated memory: 209.004 MB.
INFO: [HLS 200-111] Finished Checking Pragmas: CPU user time: 0 seconds. CPU system time: 0 seconds. Elapsed time: 0 seconds; current allocated memory: 209.004 MB.
Execute         opt_and_import_c a -opt_level=2 -skip_syncheck=0 -ng=0 -keep_printf=0 
Execute           cleanup_all_models 
INFO: [HLS 200-10] Starting code transformations ...
INFO-FLOW: Running Standard Transforms...
Execute           transform -hls -share-std-xform -demangle-name -inline-byval-memcpy -always-inline -promote-dbg-pointer -interface-preproc -mem2reg -scalarrepl -mem2reg -keep-read-access -instcombine -dce -promote-dbg-pointer -bitop-raise -loop-simplify -indvarspre -indvars -loop-simplify -constprop -instcombine -simplifycfg -indvars -simplifycfg -dce -globaldce -basicaa -simplifycfg -mem2reg -globalopt -global-constprop -deadargelim -instcombine -simplifycfg -scalarrepl -instcombine -reassociate -licm -simplifycfg -loop-simplify -indvars -instcombine -simplifycfg -mem2reg -loop-simplify -indvars -instcombine -gvn -gvn -instcombine -adce -break-crit-edges -simplifycfg -loop-delete -global-array-opt -dce -dse -adce -find-syn-modules -top mmult -deadargelim -mem2reg -instcombine -dce -presyn-prepare -interface-preproc -syn-check -check-rec-only -find-region -simplifycfg -func-extr -function-inline -globaldce -mem2reg -instcombine -dce -gvn -globaldce -adce -adse -constprop -instcombine -bit-constprop -instcombine -dce -simplifycfg -bitop-raise -simplifycfg -dce -loop-delete -reassociate -globalopt -global-privatize -mem2reg -dce -global-constprop -pointer-simplify -constprop -dce -promote-dbg-pointer -norm-name /work/amotta/RecoNIC/shell/compute/lookside/mmult/solution1/.autopilot/db/a.g.0.bc -o /work/amotta/RecoNIC/shell/compute/lookside/mmult/solution1/.autopilot/db/a.g.1.bc -f -phase std-opt 
Command           transform done; 0.26 sec.
INFO: [HLS 200-111] Finished Standard Transforms: CPU user time: 0.25 seconds. CPU system time: 0 seconds. Elapsed time: 0.27 seconds; current allocated memory: 221.668 MB.
INFO: [HLS 200-10] Checking synthesizability ...
INFO-FLOW: Checking Synthesizability 1/2..
Execute           transform -hls -syn-check -check-rec-only -scalarrepl -norm-name -dce -mem2reg -instcombine -directive-preproc -mem2reg -dse -dce -dce -pag -array-normalize -instcombine -dce -array-seg-normalize -instcombine -dce -data-pack -instcombine -dce -inst-simplify -array-flatten -instcombine -dce -array-burst -dce -deadargelim -promote-global-argument -simplifycfg -mem2reg -globaldce -dce -deadargelim -dce -instcombine -function-inline -globaldce -dce -doublePtrSimplify -doublePtrElim -dce -doublePtrSimplify -promote-dbg-pointer -dce -scalarrepl -dse -adse -instcombine -ptrLegalization -simplifycfg -dce -instcombine -pointer-simplify -ptrArgReplace -dce -instcombine -resolve-double-ptr -scalarrepl -norm-name -dce -mem2reg -instcombine -ptrLegalization -simplifycfg -deadargelim -instcombine -dce -inst-simplify -directive-preproc -mem2reg -dse -dce -globaldce /work/amotta/RecoNIC/shell/compute/lookside/mmult/solution1/.autopilot/db/a.g.1.bc -o /work/amotta/RecoNIC/shell/compute/lookside/mmult/solution1/.autopilot/db/a.g.2.prechk.bc -f 
Command           transform done; 0.19 sec.
INFO-FLOW: Checking Synthesizability 2/2..
Execute           transform -syn-check /work/amotta/RecoNIC/shell/compute/lookside/mmult/solution1/.autopilot/db/a.g.2.prechk.bc -o /work/amotta/RecoNIC/shell/compute/lookside/mmult/solution1/.autopilot/db/a.g.2.bc -f -phase syn-check 
INFO: [HLS 200-111] Finished Checking Synthesizability: CPU user time: 0.19 seconds. CPU system time: 0 seconds. Elapsed time: 0.2 seconds; current allocated memory: 225.473 MB.
INFO-FLOW: Compiler optimizing ...
INFO-FLOW: Share syncheck's 1.bc for syn flow: copy /work/amotta/RecoNIC/shell/compute/lookside/mmult/solution1/.autopilot/db/a.g.1.bc to /work/amotta/RecoNIC/shell/compute/lookside/mmult/solution1/.autopilot/db/a.o.1.bc
INFO-FLOW: Presyn 1...
Execute           transform -hls -tmp /work/amotta/RecoNIC/shell/compute/lookside/mmult/solution1/.autopilot/db -interface-port-rename -directive-preproc -mem2reg -dse -dce -scalarrepl -norm-name -deadargelim -dce -hls-dead-arg-elim -deadargelim -mem2reg -instcombine -dce -simplifycfg -dce -resource-proc -clib-intrinsic-prepare -dce -func-buffer -dce -pag -array-normalize -func-legal -instcombine -gvn -constprop -dce -simplifycfg -mem2reg -globaldce -resolve-double-ptr -dce -deadargelim -dce -instcombine -ptrArgReplace -mem2reg -dce -array-seg-normalize -deadargelim -instcombine -dce -directive-preproc -mem2reg -dse -dce -pointer-simplify -dce -port-alignment -dce -interface-preproc -data-pack -instcombine -dce -basicaa -aggr-aa -aggrmodref-aa -aggr-aa -gvn -gvn -basicaa -aggr-aa -aggrmodref-aa -aggr-aa -dse -adse -adce -loop-simplify -indvars -instcombine -gvn -loop-simplify -mem2reg -dce -find-region -instcombine -inst-simplify -interface-preproc -cfgopt -instcombine -indvars -loop-simplify -loop-bound -constprop -instcombine -simplifycfg -indvars -simplifycfg -dce -globaldce -clean-region -attach-range -gvn -inst-simplify -constprop -simplifycfg -dce -pointer-simplify -dce -globalopt -constprop -dce -ptrArgReplace -mem2reg -simplifycfg -dce -instcombine -dce -array-transform-check -array-reshape -instcombine -simplifycfg -dce -ptrArgReplace -deadargelim -mem2reg -instcombine -simplifycfg -dce -indvars -loop-simplify -loop-bound -constprop -instcombine -simplifycfg -indvars -simplifycfg -dce -globaldce -basicaa -aggr-aa -aggrmodref-aa -aggr-aa -dse -duplicate-dataflow-processes -globaldce -instcombine -array-partition -prepare-dynamic-array-partition -instcombine -simplifycfg -dce -ptrArgReplace -global-constprop -deadargelim -mem2reg -func-legal -dce -global-constprop -deadargelim -mem2reg -simplifycfg -dce -merge-param -deadargelim -globalopt -constprop -dce -ptrArgReplace -mem2reg -simplifycfg -dce -mem-intrinsic-preproc -dce -global-internalize -global-privatize -mem2reg -globaldce -lcssa -loop-simplify -phi-select-elim -promote-global-argument -ptrArgReplace -mem2reg -dce -globalopt -mergereturn -simplify-global-access -mem2reg -dce -pointer-simplify -dce -basicaa -aggr-aa -aggrmodref-aa -aggr-aa -functionattrs -basicaa -aggr-aa -aggrmodref-aa -aggr-aa -gvn -gvn -basicaa -aggr-aa -aggrmodref-aa -aggr-aa -dse -adse -adce -dce -norm-name -basicaa -aggr-aa -aggrmodref-aa -aggr-aa -accesses-merge -function-inline -complex-op-raise -inst-simplify -globaldce -func-legal -dce -loop-bound -arraycheck -bitwidthmin2 -bitwidthmin2 -on-by-dataflow -loop-delete -instcombine -simplifycfg -globaldce -dce -gvn -deadargelim -dce -loop-simplify -clean-region -simplifycfg -propagate-stable-arguments -instcombine -simplifycfg -dce -globaldce -duplicate-dataflow-processes -stream-intrinsic-preproc -dce -check-ap-stream -loop-simplify -eliminate-keepreads -extract-dataflow-in-loop -loop-simplify -dce -gvn -deadargelim -dse -duplicate-dataflow-processes -check-dataflow-syntax -legalize-stream-variable -globaldce -legalize-global -extract-subproc -dce -dead-channel-elimination -canonicalize-gep -globaldce -dce -gvn -hls-dead-arg-elim -deadargelim -directive-preproc -canonicalize-dataflow -dce -globaldce -scalar-preprocessing -scalar-propagation2 -scalar-stream -deadargelim -globaldce -mem2reg -check-dataflow-channels -function-stream -dce -globaldce -prop-fifo-spec -internal-stream-gen -canonicalize-gep -globaldce -dce -gvn -deadargelim -mergereturn -indvars -loop-simplify -instcombine -array-stream -array-seg-normalize -array-partition -clean-array-spec -func-legal -instcombine -simplifycfg -dce -bundle-memfifo-ops -deadargelim -directive-preproc -mem2reg -dse -dce -group-axi-access -licm -simplifycfg -dce -loop-delete -hls-display -norm-name /work/amotta/RecoNIC/shell/compute/lookside/mmult/solution1/.autopilot/db/a.o.1.bc -o /work/amotta/RecoNIC/shell/compute/lookside/mmult/solution1/.autopilot/db/a.o.1.tmp.bc -f 
Command           transform done; 1.11 sec.
INFO-FLOW: Presyn 2...
Execute           transform -hls -keep-callgraph -scalarrepl -mem2reg -port-alignment -attach-range -dce -pipe-mux-gen -indvars -loop-bound -inst-simplify -instcombine -dce -merge-array-access -mem2reg -dce -clean-region -mergereturn -if-conv -instcombine -dce -constprop -basicaa -aggr-aa -aggrmodref-aa -aggr-aa -gvn -gvn -basicaa -aggr-aa -aggrmodref-aa -aggr-aa -dse -adse -adce -scalarrepl -mem2reg -global-constprop -deadargelim -deadargelim -instcombine -dce -simplifycfg -ptrArgReplace -mem2reg -function-inline -globaldce -mem2reg -instcombine -dce -expr-balance -instcombine -dce -bitwidthmin2 -bitwidthmin2 -interface-preproc -directive-preproc -inst-rectify -instcombine -dce -basicaa -aggr-aa -aggrmodref-aa -aggr-aa -functionattrs -constprop -instcombine -bit-constprop -simplify-global-access -globalopt -globaldce -inst-simplify -instcombine -elimdeaddata -dce -loop-delete -simplifycfg -loop-simplify -barrier -norm-name /work/amotta/RecoNIC/shell/compute/lookside/mmult/solution1/.autopilot/db/a.o.1.tmp.bc -o /work/amotta/RecoNIC/shell/compute/lookside/mmult/solution1/.autopilot/db/a.o.2.bc -f -phase presyn 
INFO: [XFORM 203-401] Performing if-conversion on hyperblock from (mmult.cpp:152:9) to (mmult.cpp:150:5) in function 'mmult'... converting 1025 basic blocks.
Command           transform done; 0.2 sec.
INFO: [HLS 200-111] Finished Loop, function and other optimizations: CPU user time: 1.3 seconds. CPU system time: 0.02 seconds. Elapsed time: 1.31 seconds; current allocated memory: 273.438 MB.
Execute           transform -hls -auto-function-inline -globaldce -ptrArgReplace -mem2reg -dce -reset-lda -loop-simplify -indvars -aggr-aa -licm -loop-dep -loop-bound -licm -loop-simplify -loop-sink-hoist -flattenloopnest -array-flatten -gvn -instcombine -dce -array-map -dce -func-legal -gvn -adce -instcombine -cfgopt -simplifycfg-lite -loop-simplify -array-burst -promote-global-argument -dce -array-seg-normalize -basicaa -aggrmodref-aa -globalsmodref-aa -aggr-aa -gvn -gvn -basicaa -aggrmodref-aa -globalsmodref-aa -aggr-aa -dse -adse -adce -licm -inst-simplify -dce -globaldce -instcombine -array-stream -eliminate-keepreads -instcombine -dce -deadargelim -doublePtrSimplify -doublePtrElim -dce -doublePtrSimplify -promote-dbg-pointer -dce -scalarrepl -mem2reg -norm-name -mem2reg -instcombine -dse -adse -adce -ptrLegalization -dce -array-flatten -dce -instcombine -check-doubleptr -loop-rot -constprop -inst-simplify -cfgopt -simplifycfg-lite -loop-simplify -indvars -pointer-simplify -dce -loop-bound -loop-simplify -loop-preproc -constprop -global-constprop -gvn -mem2reg -instcombine -dce -loop-bound -loop-merge -dce -deadargelim -dce -canonicalize-dataflow -dce -deadargelim -globaldce -mem2reg -bram-byte-enable -inst-simplify -inst-rectify -instcombine -adce -deadargelim -load-elim -read-loop-dep -loop-simplify -loop-rewind-sink-hoist -loop-outline -hls-dead-arg-elim -directive-preproc -bitwidthmin2 -bitwidthmin2 -read-loop-dep -interface-preproc -directive-preproc -interface-gen -bram-byte-enable-spec-prop -mul2addshift -deadargelim -inst-simplify -dce -mem2reg -instcombine -gvn -dce -adse -loop-bound -instcombine -cfgopt -simplifycfg-lite -loop-simplify -clean-region -io-protocol -find-region -mem2reg -bitop-raise -complex-op-raise -inst-simplify -inst-rectify -instcombine -adce -deadargelim -float-op-raise -loop-simplify -phi-opt -bitop-raise -cfgopt -simplifycfg-lite -strip-dead-prototypes -interface-lower -bitop-lower -intrinsic-lower -auto-function-inline -basicaa -aggrmodref-aa -globalsmodref-aa -aggr-aa -inst-simplify -simplifycfg-lite -loop-simplify -mergereturn -inst-simplify -inst-rectify -globaldce -dce -load-elim -bitop-lower -float-op-raise -fma-raise -loop-rewind -pointer-simplify -dce -cfgopt -dce -loop-bound -loop-dep -read-loop-dep -dce -dyn-mem-reuse -dce -recurrence-min -dce -share-scalar-alloca -deadargelim -dce -check-stream -norm-name -legalize -inst-clarity -bitwidth -dce -validate-dataflow -dump-loop-dep-to-ir -check-all-ssdm -dump-complexity-metric /work/amotta/RecoNIC/shell/compute/lookside/mmult/solution1/.autopilot/db/a.o.2.bc -o /work/amotta/RecoNIC/shell/compute/lookside/mmult/solution1/.autopilot/db/a.o.3.bc -f -phase build-ssdm 
Execute             auto_get_db
Command           transform done; 0.18 sec.
INFO-FLOW: Building ssdm...
Execute           transform -hls -cdfg-build /work/amotta/RecoNIC/shell/compute/lookside/mmult/solution1/.autopilot/db/a.o.3.bc -o /work/amotta/RecoNIC/shell/compute/lookside/mmult/solution1/.autopilot/db/a.o.3.bc -f -phase build-ssdm 
INFO: [HLS 200-111] Finished Architecture Synthesis: CPU user time: 0.22 seconds. CPU system time: 0.01 seconds. Elapsed time: 0.23 seconds; current allocated memory: 298.438 MB.
INFO-FLOW: Finish building internal data model.
Command         opt_and_import_c done; 2.01 sec.
Command       elaborate done; 8.63 sec.
Execute       ap_eval exec zip -j /work/amotta/RecoNIC/shell/compute/lookside/mmult/solution1/.autopilot/db/dut.hcp $dbDir/a.o.3.bc $dbDir/${topname}.rtl_wrap.cfg.tcl $dbDir/apatb_${topname}.cpp $dbDir/apatb_${topname}_util.cpp $dbDir/apatb_${topname}_ir.ll $dbDir/mapper_${topname}.cpp $dbDir/top-io-fe.xml $dbDir/kernel.internal.xml $workdir/../hls.app 
Execute       autosyn -from_csynth_design=1 
INFO: [HLS 200-10] Starting hardware synthesis ...
INFO-FLOW: Synthesizing C/C++ design ...
INFO: [HLS 200-10] Synthesizing 'mmult' ...
Execute         ap_set_top_model mmult 
Execute         get_model_list mmult -filter all-wo-channel -topdown 
Execute         preproc_iomode -model mmult 
Execute         preproc_iomode -model mmult_Pipeline_4 
Execute         preproc_iomode -model mmult_Pipeline_systolic1 
Execute         preproc_iomode -model mmult_Pipeline_2 
Execute         preproc_iomode -model mmult_Pipeline_1 
Execute         get_model_list mmult -filter all-wo-channel 
INFO-FLOW: Model list for configure: mmult_Pipeline_1 mmult_Pipeline_2 mmult_Pipeline_systolic1 mmult_Pipeline_4 mmult
INFO-FLOW: Configuring Module : mmult_Pipeline_1 ...
Execute         set_default_model mmult_Pipeline_1 
Execute         apply_spec_resource_limit mmult_Pipeline_1 
INFO-FLOW: Configuring Module : mmult_Pipeline_2 ...
Execute         set_default_model mmult_Pipeline_2 
Execute         apply_spec_resource_limit mmult_Pipeline_2 
INFO-FLOW: Configuring Module : mmult_Pipeline_systolic1 ...
Execute         set_default_model mmult_Pipeline_systolic1 
Execute         apply_spec_resource_limit mmult_Pipeline_systolic1 
INFO-FLOW: Configuring Module : mmult_Pipeline_4 ...
Execute         set_default_model mmult_Pipeline_4 
Execute         apply_spec_resource_limit mmult_Pipeline_4 
INFO-FLOW: Configuring Module : mmult ...
Execute         set_default_model mmult 
Execute         apply_spec_resource_limit mmult 
INFO-FLOW: Model list for preprocess: mmult_Pipeline_1 mmult_Pipeline_2 mmult_Pipeline_systolic1 mmult_Pipeline_4 mmult
INFO-FLOW: Preprocessing Module: mmult_Pipeline_1 ...
Execute         set_default_model mmult_Pipeline_1 
Execute         cdfg_preprocess -model mmult_Pipeline_1 
Execute         rtl_gen_preprocess mmult_Pipeline_1 
INFO-FLOW: Preprocessing Module: mmult_Pipeline_2 ...
Execute         set_default_model mmult_Pipeline_2 
Execute         cdfg_preprocess -model mmult_Pipeline_2 
Execute         rtl_gen_preprocess mmult_Pipeline_2 
INFO-FLOW: Preprocessing Module: mmult_Pipeline_systolic1 ...
Execute         set_default_model mmult_Pipeline_systolic1 
Execute         cdfg_preprocess -model mmult_Pipeline_systolic1 
Command         cdfg_preprocess done; 0.22 sec.
Execute         rtl_gen_preprocess mmult_Pipeline_systolic1 
INFO-FLOW: Preprocessing Module: mmult_Pipeline_4 ...
Execute         set_default_model mmult_Pipeline_4 
Execute         cdfg_preprocess -model mmult_Pipeline_4 
Execute         rtl_gen_preprocess mmult_Pipeline_4 
INFO-FLOW: Preprocessing Module: mmult ...
Execute         set_default_model mmult 
Execute         cdfg_preprocess -model mmult 
Execute         rtl_gen_preprocess mmult 
INFO-FLOW: Model list for synthesis: mmult_Pipeline_1 mmult_Pipeline_2 mmult_Pipeline_systolic1 mmult_Pipeline_4 mmult
INFO: [HLS 200-10] ----------------------------------------------------------------
INFO: [HLS 200-42] -- Implementing module 'mmult_Pipeline_1' 
INFO: [HLS 200-10] ----------------------------------------------------------------
Execute         set_default_model mmult_Pipeline_1 
Execute         schedule -model mmult_Pipeline_1 
INFO: [SCHED 204-11] Starting scheduling ...
INFO: [SCHED 204-61] Pipelining loop 'Loop 1'.
INFO: [HLS 200-1470] Pipelining result : Target II = NA, Final II = 1, Depth = 3, loop 'Loop 1'
INFO: [SCHED 204-11] Finished scheduling.
INFO: [HLS 200-111] Finished Scheduling: CPU user time: 0.3 seconds. CPU system time: 0.01 seconds. Elapsed time: 0.32 seconds; current allocated memory: 298.438 MB.
Execute         syn_report -verbosereport -o /work/amotta/RecoNIC/shell/compute/lookside/mmult/solution1/.autopilot/db/mmult_Pipeline_1.verbose.sched.rpt 
Execute           list_part -family xcvu9p-flga2104-2L-e 
Execute             ap_family_info -name xcvu9p-flga2104-2L-e -data names 
Execute             ap_part_info -quiet -name xcvu9p-flga2104-2L-e -data family 
Execute         db_write -o /work/amotta/RecoNIC/shell/compute/lookside/mmult/solution1/.autopilot/db/mmult_Pipeline_1.sched.adb -f 
INFO-FLOW: Finish scheduling mmult_Pipeline_1.
Execute         set_default_model mmult_Pipeline_1 
Execute         bind -model mmult_Pipeline_1 
INFO: [BIND 205-100] Starting micro-architecture generation ...
INFO: [BIND 205-101] Performing variable lifetime analysis.
INFO: [BIND 205-101] Exploring resource sharing.
INFO: [BIND 205-101] Binding ...
INFO: [BIND 205-100] Finished micro-architecture generation.
INFO: [HLS 200-111] Finished Binding: CPU user time: 0.01 seconds. CPU system time: 0 seconds. Elapsed time: 0 seconds; current allocated memory: 298.438 MB.
Execute         syn_report -verbosereport -o /work/amotta/RecoNIC/shell/compute/lookside/mmult/solution1/.autopilot/db/mmult_Pipeline_1.verbose.bind.rpt 
Execute           list_part -family xcvu9p-flga2104-2L-e 
Execute             ap_family_info -name xcvu9p-flga2104-2L-e -data names 
Execute             ap_part_info -quiet -name xcvu9p-flga2104-2L-e -data family 
Execute         db_write -o /work/amotta/RecoNIC/shell/compute/lookside/mmult/solution1/.autopilot/db/mmult_Pipeline_1.bind.adb -f 
INFO-FLOW: Finish binding mmult_Pipeline_1.
INFO: [HLS 200-10] ----------------------------------------------------------------
INFO: [HLS 200-42] -- Implementing module 'mmult_Pipeline_2' 
INFO: [HLS 200-10] ----------------------------------------------------------------
Execute         set_default_model mmult_Pipeline_2 
Execute         schedule -model mmult_Pipeline_2 
INFO: [SCHED 204-11] Starting scheduling ...
INFO: [SCHED 204-61] Pipelining loop 'Loop 1'.
INFO: [HLS 200-1470] Pipelining result : Target II = NA, Final II = 1, Depth = 3, loop 'Loop 1'
INFO: [SCHED 204-11] Finished scheduling.
INFO: [HLS 200-111] Finished Scheduling: CPU user time: 0.04 seconds. CPU system time: 0.01 seconds. Elapsed time: 0.04 seconds; current allocated memory: 298.438 MB.
Execute         syn_report -verbosereport -o /work/amotta/RecoNIC/shell/compute/lookside/mmult/solution1/.autopilot/db/mmult_Pipeline_2.verbose.sched.rpt 
Execute           list_part -family xcvu9p-flga2104-2L-e 
Execute             ap_family_info -name xcvu9p-flga2104-2L-e -data names 
Execute             ap_part_info -quiet -name xcvu9p-flga2104-2L-e -data family 
Execute         db_write -o /work/amotta/RecoNIC/shell/compute/lookside/mmult/solution1/.autopilot/db/mmult_Pipeline_2.sched.adb -f 
INFO-FLOW: Finish scheduling mmult_Pipeline_2.
Execute         set_default_model mmult_Pipeline_2 
Execute         bind -model mmult_Pipeline_2 
INFO: [BIND 205-100] Starting micro-architecture generation ...
INFO: [BIND 205-101] Performing variable lifetime analysis.
INFO: [BIND 205-101] Exploring resource sharing.
INFO: [BIND 205-101] Binding ...
INFO: [BIND 205-100] Finished micro-architecture generation.
INFO: [HLS 200-111] Finished Binding: CPU user time: 0 seconds. CPU system time: 0 seconds. Elapsed time: 0 seconds; current allocated memory: 298.438 MB.
Execute         syn_report -verbosereport -o /work/amotta/RecoNIC/shell/compute/lookside/mmult/solution1/.autopilot/db/mmult_Pipeline_2.verbose.bind.rpt 
Execute           list_part -family xcvu9p-flga2104-2L-e 
Execute             ap_family_info -name xcvu9p-flga2104-2L-e -data names 
Execute             ap_part_info -quiet -name xcvu9p-flga2104-2L-e -data family 
Execute         db_write -o /work/amotta/RecoNIC/shell/compute/lookside/mmult/solution1/.autopilot/db/mmult_Pipeline_2.bind.adb -f 
INFO-FLOW: Finish binding mmult_Pipeline_2.
INFO: [HLS 200-10] ----------------------------------------------------------------
INFO: [HLS 200-42] -- Implementing module 'mmult_Pipeline_systolic1' 
INFO: [HLS 200-10] ----------------------------------------------------------------
Execute         set_default_model mmult_Pipeline_systolic1 
Execute         schedule -model mmult_Pipeline_systolic1 
INFO: [SCHED 204-11] Starting scheduling ...
INFO: [SCHED 204-61] Pipelining loop 'systolic1'.
INFO: [HLS 200-1470] Pipelining result : Target II = 1, Final II = 1, Depth = 5, loop 'systolic1'
INFO: [SCHED 204-11] Finished scheduling.
Command         schedule done; 0.95 sec.
INFO: [HLS 200-111] Finished Scheduling: CPU user time: 0.95 seconds. CPU system time: 0 seconds. Elapsed time: 0.96 seconds; current allocated memory: 303.602 MB.
Execute         syn_report -verbosereport -o /work/amotta/RecoNIC/shell/compute/lookside/mmult/solution1/.autopilot/db/mmult_Pipeline_systolic1.verbose.sched.rpt 
Execute           list_part -family xcvu9p-flga2104-2L-e 
Execute             ap_family_info -name xcvu9p-flga2104-2L-e -data names 
Execute             ap_part_info -quiet -name xcvu9p-flga2104-2L-e -data family 
Execute         db_write -o /work/amotta/RecoNIC/shell/compute/lookside/mmult/solution1/.autopilot/db/mmult_Pipeline_systolic1.sched.adb -f 
INFO-FLOW: Finish scheduling mmult_Pipeline_systolic1.
Execute         set_default_model mmult_Pipeline_systolic1 
Execute         bind -model mmult_Pipeline_systolic1 
INFO: [BIND 205-100] Starting micro-architecture generation ...
INFO: [BIND 205-101] Performing variable lifetime analysis.
INFO: [BIND 205-101] Exploring resource sharing.
INFO: [BIND 205-101] Binding ...
INFO: [BIND 205-100] Finished micro-architecture generation.
INFO: [HLS 200-111] Finished Binding: CPU user time: 0.13 seconds. CPU system time: 0 seconds. Elapsed time: 0.13 seconds; current allocated memory: 303.602 MB.
Execute         syn_report -verbosereport -o /work/amotta/RecoNIC/shell/compute/lookside/mmult/solution1/.autopilot/db/mmult_Pipeline_systolic1.verbose.bind.rpt 
Execute           list_part -family xcvu9p-flga2104-2L-e 
Execute             ap_family_info -name xcvu9p-flga2104-2L-e -data names 
Execute             ap_part_info -quiet -name xcvu9p-flga2104-2L-e -data family 
Execute         db_write -o /work/amotta/RecoNIC/shell/compute/lookside/mmult/solution1/.autopilot/db/mmult_Pipeline_systolic1.bind.adb -f 
INFO-FLOW: Finish binding mmult_Pipeline_systolic1.
INFO: [HLS 200-10] ----------------------------------------------------------------
INFO: [HLS 200-42] -- Implementing module 'mmult_Pipeline_4' 
INFO: [HLS 200-10] ----------------------------------------------------------------
Execute         set_default_model mmult_Pipeline_4 
Execute         schedule -model mmult_Pipeline_4 
INFO: [SCHED 204-11] Starting scheduling ...
INFO: [SCHED 204-61] Pipelining loop 'Loop 1'.
INFO: [HLS 200-1470] Pipelining result : Target II = NA, Final II = 1, Depth = 2, loop 'Loop 1'
INFO: [SCHED 204-11] Finished scheduling.
INFO: [HLS 200-111] Finished Scheduling: CPU user time: 0.17 seconds. CPU system time: 0 seconds. Elapsed time: 0.16 seconds; current allocated memory: 303.703 MB.
Execute         syn_report -verbosereport -o /work/amotta/RecoNIC/shell/compute/lookside/mmult/solution1/.autopilot/db/mmult_Pipeline_4.verbose.sched.rpt 
Execute           list_part -family xcvu9p-flga2104-2L-e 
Execute             ap_family_info -name xcvu9p-flga2104-2L-e -data names 
Execute             ap_part_info -quiet -name xcvu9p-flga2104-2L-e -data family 
Execute         db_write -o /work/amotta/RecoNIC/shell/compute/lookside/mmult/solution1/.autopilot/db/mmult_Pipeline_4.sched.adb -f 
INFO-FLOW: Finish scheduling mmult_Pipeline_4.
Execute         set_default_model mmult_Pipeline_4 
Execute         bind -model mmult_Pipeline_4 
INFO: [BIND 205-100] Starting micro-architecture generation ...
INFO: [BIND 205-101] Performing variable lifetime analysis.
INFO: [BIND 205-101] Exploring resource sharing.
INFO: [BIND 205-101] Binding ...
INFO: [BIND 205-100] Finished micro-architecture generation.
INFO: [HLS 200-111] Finished Binding: CPU user time: 0.02 seconds. CPU system time: 0 seconds. Elapsed time: 0.02 seconds; current allocated memory: 303.703 MB.
Execute         syn_report -verbosereport -o /work/amotta/RecoNIC/shell/compute/lookside/mmult/solution1/.autopilot/db/mmult_Pipeline_4.verbose.bind.rpt 
Execute           list_part -family xcvu9p-flga2104-2L-e 
Execute             ap_family_info -name xcvu9p-flga2104-2L-e -data names 
Execute             ap_part_info -quiet -name xcvu9p-flga2104-2L-e -data family 
Execute         db_write -o /work/amotta/RecoNIC/shell/compute/lookside/mmult/solution1/.autopilot/db/mmult_Pipeline_4.bind.adb -f 
INFO-FLOW: Finish binding mmult_Pipeline_4.
INFO: [HLS 200-10] ----------------------------------------------------------------
INFO: [HLS 200-42] -- Implementing module 'mmult' 
INFO: [HLS 200-10] ----------------------------------------------------------------
Execute         set_default_model mmult 
Execute         schedule -model mmult 
INFO: [SCHED 204-11] Starting scheduling ...
INFO: [SCHED 204-11] Finished scheduling.
Command         schedule done; 0.14 sec.
INFO: [HLS 200-111] Finished Scheduling: CPU user time: 0.15 seconds. CPU system time: 0 seconds. Elapsed time: 0.16 seconds; current allocated memory: 306.301 MB.
Execute         syn_report -verbosereport -o /work/amotta/RecoNIC/shell/compute/lookside/mmult/solution1/.autopilot/db/mmult.verbose.sched.rpt 
Execute           list_part -family xcvu9p-flga2104-2L-e 
Execute             ap_family_info -name xcvu9p-flga2104-2L-e -data names 
Execute             ap_part_info -quiet -name xcvu9p-flga2104-2L-e -data family 
Execute         db_write -o /work/amotta/RecoNIC/shell/compute/lookside/mmult/solution1/.autopilot/db/mmult.sched.adb -f 
INFO-FLOW: Finish scheduling mmult.
Execute         set_default_model mmult 
Execute         bind -model mmult 
INFO: [BIND 205-100] Starting micro-architecture generation ...
INFO: [BIND 205-101] Performing variable lifetime analysis.
INFO: [BIND 205-101] Exploring resource sharing.
INFO: [BIND 205-101] Binding ...
INFO: [BIND 205-100] Finished micro-architecture generation.
INFO: [HLS 200-111] Finished Binding: CPU user time: 0.07 seconds. CPU system time: 0 seconds. Elapsed time: 0.07 seconds; current allocated memory: 306.301 MB.
Execute         syn_report -verbosereport -o /work/amotta/RecoNIC/shell/compute/lookside/mmult/solution1/.autopilot/db/mmult.verbose.bind.rpt 
Execute           list_part -family xcvu9p-flga2104-2L-e 
Execute             ap_family_info -name xcvu9p-flga2104-2L-e -data names 
Execute             ap_part_info -quiet -name xcvu9p-flga2104-2L-e -data family 
Execute         db_write -o /work/amotta/RecoNIC/shell/compute/lookside/mmult/solution1/.autopilot/db/mmult.bind.adb -f 
INFO-FLOW: Finish binding mmult.
Execute         get_model_list mmult -filter all-wo-channel 
INFO-FLOW: Preprocessing for RTLGen ...
Execute         rtl_gen_preprocess mmult_Pipeline_1 
Execute         rtl_gen_preprocess mmult_Pipeline_2 
Execute         rtl_gen_preprocess mmult_Pipeline_systolic1 
Execute         rtl_gen_preprocess mmult_Pipeline_4 
Execute         rtl_gen_preprocess mmult 
INFO-FLOW: Model list for RTL generation: mmult_Pipeline_1 mmult_Pipeline_2 mmult_Pipeline_systolic1 mmult_Pipeline_4 mmult
INFO: [HLS 200-10] ----------------------------------------------------------------
INFO: [HLS 200-10] -- Generating RTL for module 'mmult_Pipeline_1' 
INFO: [HLS 200-10] ----------------------------------------------------------------
Execute         create_rtl_model mmult_Pipeline_1 -top_prefix mmult_ -sub_prefix mmult_ -mg_file /work/amotta/RecoNIC/shell/compute/lookside/mmult/solution1/.autopilot/db/mmult_Pipeline_1.compgen.tcl 
INFO: [HLS 200-1030] Apply Unified Pipeline Control on module 'mmult_Pipeline_1' pipeline 'Loop 1' pipeline type 'loop pipeline'
WARNING: [RTGEN 206-101] Setting dangling out port 'mmult_Pipeline_1/m_axi_systolic_0_ARVALID' to 0.
WARNING: [RTGEN 206-101] Setting dangling out port 'mmult_Pipeline_1/m_axi_systolic_0_ARADDR' to 0.
WARNING: [RTGEN 206-101] Setting dangling out port 'mmult_Pipeline_1/m_axi_systolic_0_ARID' to 0.
WARNING: [RTGEN 206-101] Setting dangling out port 'mmult_Pipeline_1/m_axi_systolic_0_ARLEN' to 0.
WARNING: [RTGEN 206-101] Setting dangling out port 'mmult_Pipeline_1/m_axi_systolic_0_ARSIZE' to 0.
WARNING: [RTGEN 206-101] Setting dangling out port 'mmult_Pipeline_1/m_axi_systolic_0_ARBURST' to 0.
WARNING: [RTGEN 206-101] Setting dangling out port 'mmult_Pipeline_1/m_axi_systolic_0_ARLOCK' to 0.
WARNING: [RTGEN 206-101] Setting dangling out port 'mmult_Pipeline_1/m_axi_systolic_0_ARCACHE' to 0.
WARNING: [RTGEN 206-101] Setting dangling out port 'mmult_Pipeline_1/m_axi_systolic_0_ARPROT' to 0.
WARNING: [RTGEN 206-101] Setting dangling out port 'mmult_Pipeline_1/m_axi_systolic_0_ARQOS' to 0.
WARNING: [RTGEN 206-101] Setting dangling out port 'mmult_Pipeline_1/m_axi_systolic_0_ARREGION' to 0.
WARNING: [RTGEN 206-101] Setting dangling out port 'mmult_Pipeline_1/m_axi_systolic_0_ARUSER' to 0.
INFO: [RTGEN 206-100] Finished creating RTL model for 'mmult_Pipeline_1'.
INFO: [HLS 200-111] Finished Creating RTL model: CPU user time: 0.06 seconds. CPU system time: 0 seconds. Elapsed time: 0.06 seconds; current allocated memory: 307.215 MB.
Execute         source /work/amotta/RecoNIC/shell/compute/lookside/mmult/solution1/.autopilot/db/mmult.rtl_wrap.cfg.tcl 
Execute         gen_rtl mmult_Pipeline_1 -style xilinx -f -lang vhdl -o /work/amotta/RecoNIC/shell/compute/lookside/mmult/solution1/syn/vhdl/mmult_mmult_Pipeline_1 
Execute         gen_rtl mmult_Pipeline_1 -style xilinx -f -lang vlog -o /work/amotta/RecoNIC/shell/compute/lookside/mmult/solution1/syn/verilog/mmult_mmult_Pipeline_1 
Execute         syn_report -csynth -model mmult_Pipeline_1 -o /work/amotta/RecoNIC/shell/compute/lookside/mmult/solution1/syn/report/mmult_Pipeline_1_csynth.rpt 
Execute           list_part -family xcvu9p-flga2104-2L-e 
Execute             ap_family_info -name xcvu9p-flga2104-2L-e -data names 
Execute             ap_part_info -quiet -name xcvu9p-flga2104-2L-e -data family 
Execute         syn_report -rtlxml -model mmult_Pipeline_1 -o /work/amotta/RecoNIC/shell/compute/lookside/mmult/solution1/syn/report/mmult_Pipeline_1_csynth.xml 
Execute           list_part -family xcvu9p-flga2104-2L-e 
Execute             ap_family_info -name xcvu9p-flga2104-2L-e -data names 
Execute             ap_part_info -quiet -name xcvu9p-flga2104-2L-e -data family 
Execute         syn_report -verbosereport -model mmult_Pipeline_1 -o /work/amotta/RecoNIC/shell/compute/lookside/mmult/solution1/.autopilot/db/mmult_Pipeline_1.verbose.rpt 
Execute           list_part -family xcvu9p-flga2104-2L-e 
Execute             ap_family_info -name xcvu9p-flga2104-2L-e -data names 
Execute             ap_part_info -quiet -name xcvu9p-flga2104-2L-e -data family 
Execute         db_write -model mmult_Pipeline_1 -f -o /work/amotta/RecoNIC/shell/compute/lookside/mmult/solution1/.autopilot/db/mmult_Pipeline_1.adb 
Execute         db_write -model mmult_Pipeline_1 -bindview -o /work/amotta/RecoNIC/shell/compute/lookside/mmult/solution1/.autopilot/db/design.bindinfo.xml 
Execute         gen_tb_info mmult_Pipeline_1 -p /work/amotta/RecoNIC/shell/compute/lookside/mmult/solution1/.autopilot/db -o /work/amotta/RecoNIC/shell/compute/lookside/mmult/solution1/.autopilot/db/mmult_Pipeline_1 
INFO: [HLS 200-10] ----------------------------------------------------------------
INFO: [HLS 200-10] -- Generating RTL for module 'mmult_Pipeline_2' 
INFO: [HLS 200-10] ----------------------------------------------------------------
Execute         create_rtl_model mmult_Pipeline_2 -top_prefix mmult_ -sub_prefix mmult_ -mg_file /work/amotta/RecoNIC/shell/compute/lookside/mmult/solution1/.autopilot/db/mmult_Pipeline_2.compgen.tcl 
INFO: [HLS 200-1030] Apply Unified Pipeline Control on module 'mmult_Pipeline_2' pipeline 'Loop 1' pipeline type 'loop pipeline'
WARNING: [RTGEN 206-101] Setting dangling out port 'mmult_Pipeline_2/m_axi_systolic_0_ARVALID' to 0.
WARNING: [RTGEN 206-101] Setting dangling out port 'mmult_Pipeline_2/m_axi_systolic_0_ARADDR' to 0.
WARNING: [RTGEN 206-101] Setting dangling out port 'mmult_Pipeline_2/m_axi_systolic_0_ARID' to 0.
WARNING: [RTGEN 206-101] Setting dangling out port 'mmult_Pipeline_2/m_axi_systolic_0_ARLEN' to 0.
WARNING: [RTGEN 206-101] Setting dangling out port 'mmult_Pipeline_2/m_axi_systolic_0_ARSIZE' to 0.
WARNING: [RTGEN 206-101] Setting dangling out port 'mmult_Pipeline_2/m_axi_systolic_0_ARBURST' to 0.
WARNING: [RTGEN 206-101] Setting dangling out port 'mmult_Pipeline_2/m_axi_systolic_0_ARLOCK' to 0.
WARNING: [RTGEN 206-101] Setting dangling out port 'mmult_Pipeline_2/m_axi_systolic_0_ARCACHE' to 0.
WARNING: [RTGEN 206-101] Setting dangling out port 'mmult_Pipeline_2/m_axi_systolic_0_ARPROT' to 0.
WARNING: [RTGEN 206-101] Setting dangling out port 'mmult_Pipeline_2/m_axi_systolic_0_ARQOS' to 0.
WARNING: [RTGEN 206-101] Setting dangling out port 'mmult_Pipeline_2/m_axi_systolic_0_ARREGION' to 0.
WARNING: [RTGEN 206-101] Setting dangling out port 'mmult_Pipeline_2/m_axi_systolic_0_ARUSER' to 0.
INFO: [RTGEN 206-100] Finished creating RTL model for 'mmult_Pipeline_2'.
INFO: [HLS 200-111] Finished Creating RTL model: CPU user time: 0.05 seconds. CPU system time: 0.01 seconds. Elapsed time: 0.05 seconds; current allocated memory: 309.676 MB.
Execute         source /work/amotta/RecoNIC/shell/compute/lookside/mmult/solution1/.autopilot/db/mmult.rtl_wrap.cfg.tcl 
Execute         gen_rtl mmult_Pipeline_2 -style xilinx -f -lang vhdl -o /work/amotta/RecoNIC/shell/compute/lookside/mmult/solution1/syn/vhdl/mmult_mmult_Pipeline_2 
Execute         gen_rtl mmult_Pipeline_2 -style xilinx -f -lang vlog -o /work/amotta/RecoNIC/shell/compute/lookside/mmult/solution1/syn/verilog/mmult_mmult_Pipeline_2 
Execute         syn_report -csynth -model mmult_Pipeline_2 -o /work/amotta/RecoNIC/shell/compute/lookside/mmult/solution1/syn/report/mmult_Pipeline_2_csynth.rpt 
Execute           list_part -family xcvu9p-flga2104-2L-e 
Execute             ap_family_info -name xcvu9p-flga2104-2L-e -data names 
Execute             ap_part_info -quiet -name xcvu9p-flga2104-2L-e -data family 
Execute         syn_report -rtlxml -model mmult_Pipeline_2 -o /work/amotta/RecoNIC/shell/compute/lookside/mmult/solution1/syn/report/mmult_Pipeline_2_csynth.xml 
Execute           list_part -family xcvu9p-flga2104-2L-e 
Execute             ap_family_info -name xcvu9p-flga2104-2L-e -data names 
Execute             ap_part_info -quiet -name xcvu9p-flga2104-2L-e -data family 
Execute         syn_report -verbosereport -model mmult_Pipeline_2 -o /work/amotta/RecoNIC/shell/compute/lookside/mmult/solution1/.autopilot/db/mmult_Pipeline_2.verbose.rpt 
Execute           list_part -family xcvu9p-flga2104-2L-e 
Execute             ap_family_info -name xcvu9p-flga2104-2L-e -data names 
Execute             ap_part_info -quiet -name xcvu9p-flga2104-2L-e -data family 
Execute         db_write -model mmult_Pipeline_2 -f -o /work/amotta/RecoNIC/shell/compute/lookside/mmult/solution1/.autopilot/db/mmult_Pipeline_2.adb 
Execute         db_write -model mmult_Pipeline_2 -bindview -o /work/amotta/RecoNIC/shell/compute/lookside/mmult/solution1/.autopilot/db/design.bindinfo.xml 
Execute         gen_tb_info mmult_Pipeline_2 -p /work/amotta/RecoNIC/shell/compute/lookside/mmult/solution1/.autopilot/db -o /work/amotta/RecoNIC/shell/compute/lookside/mmult/solution1/.autopilot/db/mmult_Pipeline_2 
INFO: [HLS 200-10] ----------------------------------------------------------------
INFO: [HLS 200-10] -- Generating RTL for module 'mmult_Pipeline_systolic1' 
INFO: [HLS 200-10] ----------------------------------------------------------------
Execute         create_rtl_model mmult_Pipeline_systolic1 -top_prefix mmult_ -sub_prefix mmult_ -mg_file /work/amotta/RecoNIC/shell/compute/lookside/mmult/solution1/.autopilot/db/mmult_Pipeline_systolic1.compgen.tcl 
INFO: [HLS 200-1030] Apply Unified Pipeline Control on module 'mmult_Pipeline_systolic1' pipeline 'systolic1' pipeline type 'loop pipeline'
INFO: [RTGEN 206-104] Estimated max fanout for 'mmult_Pipeline_systolic1' is 8196 from HDL expression: (1'b0 == ap_block_pp0_stage0_11001)
INFO: [RTGEN 206-100] Generating core module 'mul_32s_32s_32_2_1': 256 instance(s).
INFO: [RTGEN 206-100] Finished creating RTL model for 'mmult_Pipeline_systolic1'.
Command         create_rtl_model done; 0.34 sec.
INFO: [HLS 200-111] Finished Creating RTL model: CPU user time: 0.28 seconds. CPU system time: 0.01 seconds. Elapsed time: 0.37 seconds; current allocated memory: 331.676 MB.
Execute         source /work/amotta/RecoNIC/shell/compute/lookside/mmult/solution1/.autopilot/db/mmult.rtl_wrap.cfg.tcl 
Execute         gen_rtl mmult_Pipeline_systolic1 -style xilinx -f -lang vhdl -o /work/amotta/RecoNIC/shell/compute/lookside/mmult/solution1/syn/vhdl/mmult_mmult_Pipeline_systolic1 
Execute         gen_rtl mmult_Pipeline_systolic1 -style xilinx -f -lang vlog -o /work/amotta/RecoNIC/shell/compute/lookside/mmult/solution1/syn/verilog/mmult_mmult_Pipeline_systolic1 
Execute         syn_report -csynth -model mmult_Pipeline_systolic1 -o /work/amotta/RecoNIC/shell/compute/lookside/mmult/solution1/syn/report/mmult_Pipeline_systolic1_csynth.rpt 
Execute           list_part -family xcvu9p-flga2104-2L-e 
Execute             ap_family_info -name xcvu9p-flga2104-2L-e -data names 
Execute             ap_part_info -quiet -name xcvu9p-flga2104-2L-e -data family 
Execute         syn_report -rtlxml -model mmult_Pipeline_systolic1 -o /work/amotta/RecoNIC/shell/compute/lookside/mmult/solution1/syn/report/mmult_Pipeline_systolic1_csynth.xml 
Execute           list_part -family xcvu9p-flga2104-2L-e 
Execute             ap_family_info -name xcvu9p-flga2104-2L-e -data names 
Execute             ap_part_info -quiet -name xcvu9p-flga2104-2L-e -data family 
Execute         syn_report -verbosereport -model mmult_Pipeline_systolic1 -o /work/amotta/RecoNIC/shell/compute/lookside/mmult/solution1/.autopilot/db/mmult_Pipeline_systolic1.verbose.rpt 
Execute           list_part -family xcvu9p-flga2104-2L-e 
Execute             ap_family_info -name xcvu9p-flga2104-2L-e -data names 
Execute             ap_part_info -quiet -name xcvu9p-flga2104-2L-e -data family 
Execute         db_write -model mmult_Pipeline_systolic1 -f -o /work/amotta/RecoNIC/shell/compute/lookside/mmult/solution1/.autopilot/db/mmult_Pipeline_systolic1.adb 
Execute         db_write -model mmult_Pipeline_systolic1 -bindview -o /work/amotta/RecoNIC/shell/compute/lookside/mmult/solution1/.autopilot/db/design.bindinfo.xml 
Execute         gen_tb_info mmult_Pipeline_systolic1 -p /work/amotta/RecoNIC/shell/compute/lookside/mmult/solution1/.autopilot/db -o /work/amotta/RecoNIC/shell/compute/lookside/mmult/solution1/.autopilot/db/mmult_Pipeline_systolic1 
INFO: [HLS 200-10] ----------------------------------------------------------------
INFO: [HLS 200-10] -- Generating RTL for module 'mmult_Pipeline_4' 
INFO: [HLS 200-10] ----------------------------------------------------------------
Execute         create_rtl_model mmult_Pipeline_4 -top_prefix mmult_ -sub_prefix mmult_ -mg_file /work/amotta/RecoNIC/shell/compute/lookside/mmult/solution1/.autopilot/db/mmult_Pipeline_4.compgen.tcl 
INFO: [HLS 200-1030] Apply Unified Pipeline Control on module 'mmult_Pipeline_4' pipeline 'Loop 1' pipeline type 'loop pipeline'
WARNING: [RTGEN 206-101] Setting dangling out port 'mmult_Pipeline_4/m_axi_systolic_0_AWVALID' to 0.
WARNING: [RTGEN 206-101] Setting dangling out port 'mmult_Pipeline_4/m_axi_systolic_0_AWADDR' to 0.
WARNING: [RTGEN 206-101] Setting dangling out port 'mmult_Pipeline_4/m_axi_systolic_0_AWID' to 0.
WARNING: [RTGEN 206-101] Setting dangling out port 'mmult_Pipeline_4/m_axi_systolic_0_AWLEN' to 0.
WARNING: [RTGEN 206-101] Setting dangling out port 'mmult_Pipeline_4/m_axi_systolic_0_AWSIZE' to 0.
WARNING: [RTGEN 206-101] Setting dangling out port 'mmult_Pipeline_4/m_axi_systolic_0_AWBURST' to 0.
WARNING: [RTGEN 206-101] Setting dangling out port 'mmult_Pipeline_4/m_axi_systolic_0_AWLOCK' to 0.
WARNING: [RTGEN 206-101] Setting dangling out port 'mmult_Pipeline_4/m_axi_systolic_0_AWCACHE' to 0.
WARNING: [RTGEN 206-101] Setting dangling out port 'mmult_Pipeline_4/m_axi_systolic_0_AWPROT' to 0.
WARNING: [RTGEN 206-101] Setting dangling out port 'mmult_Pipeline_4/m_axi_systolic_0_AWQOS' to 0.
WARNING: [RTGEN 206-101] Setting dangling out port 'mmult_Pipeline_4/m_axi_systolic_0_AWREGION' to 0.
WARNING: [RTGEN 206-101] Setting dangling out port 'mmult_Pipeline_4/m_axi_systolic_0_AWUSER' to 0.
WARNING: [RTGEN 206-101] Setting dangling out port 'mmult_Pipeline_4/m_axi_systolic_0_BREADY' to 0.
INFO: [RTGEN 206-100] Generating core module 'sparsemux_33_4_32_1_1': 17 instance(s).
INFO: [RTGEN 206-100] Finished creating RTL model for 'mmult_Pipeline_4'.
Command         create_rtl_model done; 0.2 sec.
INFO: [HLS 200-111] Finished Creating RTL model: CPU user time: 0.56 seconds. CPU system time: 0.03 seconds. Elapsed time: 0.68 seconds; current allocated memory: 371.453 MB.
Execute         source /work/amotta/RecoNIC/shell/compute/lookside/mmult/solution1/.autopilot/db/mmult.rtl_wrap.cfg.tcl 
Execute         gen_rtl mmult_Pipeline_4 -style xilinx -f -lang vhdl -o /work/amotta/RecoNIC/shell/compute/lookside/mmult/solution1/syn/vhdl/mmult_mmult_Pipeline_4 
Execute         gen_rtl mmult_Pipeline_4 -style xilinx -f -lang vlog -o /work/amotta/RecoNIC/shell/compute/lookside/mmult/solution1/syn/verilog/mmult_mmult_Pipeline_4 
Execute         syn_report -csynth -model mmult_Pipeline_4 -o /work/amotta/RecoNIC/shell/compute/lookside/mmult/solution1/syn/report/mmult_Pipeline_4_csynth.rpt 
Execute           list_part -family xcvu9p-flga2104-2L-e 
Execute             ap_family_info -name xcvu9p-flga2104-2L-e -data names 
Execute             ap_part_info -quiet -name xcvu9p-flga2104-2L-e -data family 
Execute         syn_report -rtlxml -model mmult_Pipeline_4 -o /work/amotta/RecoNIC/shell/compute/lookside/mmult/solution1/syn/report/mmult_Pipeline_4_csynth.xml 
Execute           list_part -family xcvu9p-flga2104-2L-e 
Execute             ap_family_info -name xcvu9p-flga2104-2L-e -data names 
Execute             ap_part_info -quiet -name xcvu9p-flga2104-2L-e -data family 
Execute         syn_report -verbosereport -model mmult_Pipeline_4 -o /work/amotta/RecoNIC/shell/compute/lookside/mmult/solution1/.autopilot/db/mmult_Pipeline_4.verbose.rpt 
Execute           list_part -family xcvu9p-flga2104-2L-e 
Execute             ap_family_info -name xcvu9p-flga2104-2L-e -data names 
Execute             ap_part_info -quiet -name xcvu9p-flga2104-2L-e -data family 
Execute         db_write -model mmult_Pipeline_4 -f -o /work/amotta/RecoNIC/shell/compute/lookside/mmult/solution1/.autopilot/db/mmult_Pipeline_4.adb 
Execute         db_write -model mmult_Pipeline_4 -bindview -o /work/amotta/RecoNIC/shell/compute/lookside/mmult/solution1/.autopilot/db/design.bindinfo.xml 
Execute         gen_tb_info mmult_Pipeline_4 -p /work/amotta/RecoNIC/shell/compute/lookside/mmult/solution1/.autopilot/db -o /work/amotta/RecoNIC/shell/compute/lookside/mmult/solution1/.autopilot/db/mmult_Pipeline_4 
INFO: [HLS 200-10] ----------------------------------------------------------------
INFO: [HLS 200-10] -- Generating RTL for module 'mmult' 
INFO: [HLS 200-10] ----------------------------------------------------------------
Execute         create_rtl_model mmult -top_prefix  -sub_prefix mmult_ -mg_file /work/amotta/RecoNIC/shell/compute/lookside/mmult/solution1/.autopilot/db/mmult.compgen.tcl 
WARNING: [RTGEN 206-101] Design contains AXI ports. Reset is fixed to synchronous and active low.
INFO: [RTGEN 206-500] Setting interface mode on port 'mmult/systolic' to 'm_axi'.
INFO: [RTGEN 206-500] Setting interface mode on port 'mmult/work_id_out_stream' to 'ap_fifo'.
INFO: [RTGEN 206-500] Setting interface mode on port 'mmult/a' to 'ap_none'.
INFO: [RTGEN 206-500] Setting interface mode on port 'mmult/b' to 'ap_none'.
INFO: [RTGEN 206-500] Setting interface mode on port 'mmult/c' to 'ap_none'.
INFO: [RTGEN 206-500] Setting interface mode on port 'mmult/a_row' to 'ap_vld'.
INFO: [RTGEN 206-500] Setting interface mode on port 'mmult/a_col' to 'ap_vld'.
INFO: [RTGEN 206-500] Setting interface mode on port 'mmult/b_col' to 'ap_vld'.
INFO: [RTGEN 206-500] Setting interface mode on port 'mmult/work_id' to 'ap_vld'.
INFO: [RTGEN 206-500] Setting interface mode on function 'mmult' to 'ap_ctrl_hs'.
INFO: [RTGEN 206-100] Finished creating RTL model for 'mmult'.
INFO: [RTMG 210-278] Implementing memory 'mmult_localA_RAM_AUTO_1R1W' using auto RAMs.
Command         create_rtl_model done; 0.15 sec.
INFO: [HLS 200-111] Finished Creating RTL model: CPU user time: 0.12 seconds. CPU system time: 0.01 seconds. Elapsed time: 0.22 seconds; current allocated memory: 381.539 MB.
Execute         source /work/amotta/RecoNIC/shell/compute/lookside/mmult/solution1/.autopilot/db/mmult.rtl_wrap.cfg.tcl 
Execute         gen_rtl mmult -istop -style xilinx -f -lang vhdl -o /work/amotta/RecoNIC/shell/compute/lookside/mmult/solution1/syn/vhdl/mmult 
Execute         gen_rtl mmult -istop -style xilinx -f -lang vlog -o /work/amotta/RecoNIC/shell/compute/lookside/mmult/solution1/syn/verilog/mmult 
Execute         syn_report -csynth -model mmult -o /work/amotta/RecoNIC/shell/compute/lookside/mmult/solution1/syn/report/mmult_csynth.rpt 
Execute           list_part -family xcvu9p-flga2104-2L-e 
Execute             ap_family_info -name xcvu9p-flga2104-2L-e -data names 
Execute             ap_part_info -quiet -name xcvu9p-flga2104-2L-e -data family 
Execute         syn_report -rtlxml -model mmult -o /work/amotta/RecoNIC/shell/compute/lookside/mmult/solution1/syn/report/mmult_csynth.xml 
Execute           list_part -family xcvu9p-flga2104-2L-e 
Execute             ap_family_info -name xcvu9p-flga2104-2L-e -data names 
Execute             ap_part_info -quiet -name xcvu9p-flga2104-2L-e -data family 
Execute         syn_report -verbosereport -model mmult -o /work/amotta/RecoNIC/shell/compute/lookside/mmult/solution1/.autopilot/db/mmult.verbose.rpt 
Execute           list_part -family xcvu9p-flga2104-2L-e 
Execute             ap_family_info -name xcvu9p-flga2104-2L-e -data names 
Execute             ap_part_info -quiet -name xcvu9p-flga2104-2L-e -data family 
Execute         db_write -model mmult -f -o /work/amotta/RecoNIC/shell/compute/lookside/mmult/solution1/.autopilot/db/mmult.adb 
Execute         db_write -model mmult -bindview -o /work/amotta/RecoNIC/shell/compute/lookside/mmult/solution1/.autopilot/db/design.bindinfo.xml 
Execute         gen_tb_info mmult -p /work/amotta/RecoNIC/shell/compute/lookside/mmult/solution1/.autopilot/db -o /work/amotta/RecoNIC/shell/compute/lookside/mmult/solution1/.autopilot/db/mmult 
Execute         export_constraint_db -f -tool general -o /work/amotta/RecoNIC/shell/compute/lookside/mmult/solution1/.autopilot/db/mmult.constraint.tcl 
Execute         syn_report -designview -model mmult -o /work/amotta/RecoNIC/shell/compute/lookside/mmult/solution1/.autopilot/db/mmult.design.xml 
Execute         syn_report -csynthDesign -model mmult -o /work/amotta/RecoNIC/shell/compute/lookside/mmult/solution1/syn/report/csynth.rpt -MHOut /work/amotta/RecoNIC/shell/compute/lookside/mmult/solution1/.autopilot/db/kernel_module_hierarchy.tcl 
Execute           list_part -family xcvu9p-flga2104-2L-e 
Execute             ap_family_info -name xcvu9p-flga2104-2L-e -data names 
Execute             ap_part_info -quiet -name xcvu9p-flga2104-2L-e -data family 
Execute         syn_report -wcfg -model mmult -o /work/amotta/RecoNIC/shell/compute/lookside/mmult/solution1/.autopilot/db/mmult_dataflow_ana.wcfg 
Execute         syn_report -protoinst -model mmult -o /work/amotta/RecoNIC/shell/compute/lookside/mmult/solution1/.autopilot/db/mmult.protoinst 
Execute         sc_get_clocks mmult 
Execute         sc_get_portdomain mmult 
INFO-FLOW: Model list for RTL component generation: mmult_Pipeline_1 mmult_Pipeline_2 mmult_Pipeline_systolic1 mmult_Pipeline_4 mmult
INFO-FLOW: Handling components in module [mmult_Pipeline_1] ... 
Execute         source /work/amotta/RecoNIC/shell/compute/lookside/mmult/solution1/.autopilot/db/mmult_Pipeline_1.compgen.tcl 
INFO-FLOW: Found component mmult_flow_control_loop_pipe_sequential_init.
INFO-FLOW: Append model mmult_flow_control_loop_pipe_sequential_init
INFO-FLOW: Handling components in module [mmult_Pipeline_2] ... 
Execute         source /work/amotta/RecoNIC/shell/compute/lookside/mmult/solution1/.autopilot/db/mmult_Pipeline_2.compgen.tcl 
INFO-FLOW: Found component mmult_flow_control_loop_pipe_sequential_init.
INFO-FLOW: Append model mmult_flow_control_loop_pipe_sequential_init
INFO-FLOW: Handling components in module [mmult_Pipeline_systolic1] ... 
Execute         source /work/amotta/RecoNIC/shell/compute/lookside/mmult/solution1/.autopilot/db/mmult_Pipeline_systolic1.compgen.tcl 
INFO-FLOW: Found component mmult_mul_32s_32s_32_2_1.
INFO-FLOW: Append model mmult_mul_32s_32s_32_2_1
INFO-FLOW: Found component mmult_flow_control_loop_pipe_sequential_init.
INFO-FLOW: Append model mmult_flow_control_loop_pipe_sequential_init
INFO-FLOW: Handling components in module [mmult_Pipeline_4] ... 
Execute         source /work/amotta/RecoNIC/shell/compute/lookside/mmult/solution1/.autopilot/db/mmult_Pipeline_4.compgen.tcl 
INFO-FLOW: Found component mmult_sparsemux_33_4_32_1_1.
INFO-FLOW: Append model mmult_sparsemux_33_4_32_1_1
INFO-FLOW: Found component mmult_flow_control_loop_pipe_sequential_init.
INFO-FLOW: Append model mmult_flow_control_loop_pipe_sequential_init
INFO-FLOW: Handling components in module [mmult] ... 
Execute         source /work/amotta/RecoNIC/shell/compute/lookside/mmult/solution1/.autopilot/db/mmult.compgen.tcl 
INFO-FLOW: Found component mmult_localA_RAM_AUTO_1R1W.
INFO-FLOW: Append model mmult_localA_RAM_AUTO_1R1W
INFO-FLOW: Found component mmult_systolic_m_axi.
INFO-FLOW: Append model mmult_systolic_m_axi
INFO-FLOW: Append model mmult_Pipeline_1
INFO-FLOW: Append model mmult_Pipeline_2
INFO-FLOW: Append model mmult_Pipeline_systolic1
INFO-FLOW: Append model mmult_Pipeline_4
INFO-FLOW: Append model mmult
INFO-FLOW: Generating RTL model list ...
INFO-FLOW: All models in this session: mmult_flow_control_loop_pipe_sequential_init mmult_flow_control_loop_pipe_sequential_init mmult_mul_32s_32s_32_2_1 mmult_flow_control_loop_pipe_sequential_init mmult_sparsemux_33_4_32_1_1 mmult_flow_control_loop_pipe_sequential_init mmult_localA_RAM_AUTO_1R1W mmult_systolic_m_axi mmult_Pipeline_1 mmult_Pipeline_2 mmult_Pipeline_systolic1 mmult_Pipeline_4 mmult
INFO-FLOW: Generating /work/amotta/RecoNIC/shell/compute/lookside/mmult/solution1/.autopilot/db/autopilot.rtl.models.txt file...
INFO-FLOW: To file: write model mmult_flow_control_loop_pipe_sequential_init
INFO-FLOW: To file: write model mmult_flow_control_loop_pipe_sequential_init
INFO-FLOW: To file: write model mmult_mul_32s_32s_32_2_1
INFO-FLOW: To file: write model mmult_flow_control_loop_pipe_sequential_init
INFO-FLOW: To file: write model mmult_sparsemux_33_4_32_1_1
INFO-FLOW: To file: write model mmult_flow_control_loop_pipe_sequential_init
INFO-FLOW: To file: write model mmult_localA_RAM_AUTO_1R1W
INFO-FLOW: To file: write model mmult_systolic_m_axi
INFO-FLOW: To file: write model mmult_Pipeline_1
INFO-FLOW: To file: write model mmult_Pipeline_2
INFO-FLOW: To file: write model mmult_Pipeline_systolic1
INFO-FLOW: To file: write model mmult_Pipeline_4
INFO-FLOW: To file: write model mmult
INFO-FLOW: Generating /work/amotta/RecoNIC/shell/compute/lookside/mmult/solution1/.autopilot/db/autopilot.rtl.models.tcl file...
INFO-FLOW: Finished generating RTL model list.


INFO-FLOW: RTL Generation done.
INFO-FLOW: CAS Generation done.
INFO-FLOW: CBC Generation done.
INFO-FLOW: DBG:PROC: ::AESL_AUTOMG::auto_generate_csynth_design
INFO-FLOW: DBG:PUTS: read_platform_lib /work/amotta/RecoNIC/shell/compute/lookside/mmult/solution1/.autopilot/db/global.setting.tcl
Execute         source /work/tools/Xilinx/Vitis/2024.2/common/technology/generic/autopilot/common.gen 
Execute           source /work/tools/Xilinx/Vitis/2024.2/common/technology/generic/autopilot/APCoreGen.gen 
Execute         source /work/tools/Xilinx/Vitis/2024.2/common/technology/generic/autopilot/op.gen 
Execute         source /work/tools/Xilinx/Vitis/2024.2/common/technology/generic/autopilot/op_simcore.gen 
Execute         source /work/tools/Xilinx/Vitis/2024.2/common/technology/generic/autopilot/interface.gen 
Execute         source /work/amotta/RecoNIC/shell/compute/lookside/mmult/solution1/.autopilot/db/global.setting.tcl 
Execute         source /work/tools/Xilinx/Vitis/2024.2/common/technology/xilinx/common/xilinx.gen 
Execute           source /work/tools/Xilinx/Vitis/2024.2/common/technology/xilinx/interface/plb46.gen 
Execute           source /work/tools/Xilinx/Vitis/2024.2/common/technology/xilinx/interface/axi4.gen 
Execute           source /work/tools/Xilinx/Vitis/2024.2/common/technology/xilinx/interface/nativeAXI4.gen 
Execute             source /work/tools/Xilinx/Vitis/2024.2/common/technology/xilinx/interface/saxilite.gen 
Execute           source /work/tools/Xilinx/Vitis/2024.2/common/technology/xilinx/scripts/xilinxcoregen.gen 
Execute           source /work/tools/Xilinx/Vitis/2024.2/common/technology/xilinx/interface/XilEDKCoreGen.gen 
Execute           source /work/tools/Xilinx/Vitis/2024.2/common/technology/xilinx/ip/xfft.gen 
Execute           source /work/tools/Xilinx/Vitis/2024.2/common/technology/xilinx/ip/util.gen 
Execute           source /work/tools/Xilinx/Vitis/2024.2/common/technology/xilinx/ip/xfir.gen 
Execute           source /work/tools/Xilinx/Vitis/2024.2/common/technology/xilinx/ip/dds_compiler.gen 
Execute           source /work/tools/Xilinx/Vitis/2024.2/common/technology/xilinx/DSP48/dsp48.gen 
INFO-FLOW: DBG:PUTS:   using AESL_AUTOCG::g_clock_period=4.000 (was NA)
INFO-FLOW: DBG:PROC: ::AESL_AUTOMG::generate_ip_cores gen_sim_model='1' gen_fp_models='0' gen_for_export='0' dstSCDir='' dstVhdlDir='/work/amotta/RecoNIC/shell/compute/lookside/mmult/solution1/.autopilot/db/vhdl' dstVlogDir='/work/amotta/RecoNIC/shell/compute/lookside/mmult/solution1/.autopilot/db/vlog' tclDir='/work/amotta/RecoNIC/shell/compute/lookside/mmult/solution1/.autopilot/db' modelList='mmult_flow_control_loop_pipe_sequential_init
mmult_flow_control_loop_pipe_sequential_init
mmult_mul_32s_32s_32_2_1
mmult_flow_control_loop_pipe_sequential_init
mmult_sparsemux_33_4_32_1_1
mmult_flow_control_loop_pipe_sequential_init
mmult_localA_RAM_AUTO_1R1W
mmult_systolic_m_axi
mmult_Pipeline_1
mmult_Pipeline_2
mmult_Pipeline_systolic1
mmult_Pipeline_4
mmult
' expOnly='0'
Execute         source /work/amotta/RecoNIC/shell/compute/lookside/mmult/solution1/.autopilot/db/global.setting.tcl 
Execute         ap_part_info -name xcvu9p-flga2104-2L-e -data names -quiet 
Execute         ap_part_info -name xcvu9p-flga2104-2L-e -data info -quiet 
Execute         source /work/amotta/RecoNIC/shell/compute/lookside/mmult/solution1/.autopilot/db/global.setting.tcl 
Execute         source /work/amotta/RecoNIC/shell/compute/lookside/mmult/solution1/.autopilot/db/global.setting.tcl 
Execute         source /work/amotta/RecoNIC/shell/compute/lookside/mmult/solution1/.autopilot/db/mmult_Pipeline_1.compgen.tcl 
Execute         source /work/amotta/RecoNIC/shell/compute/lookside/mmult/solution1/.autopilot/db/mmult_Pipeline_2.compgen.tcl 
Execute         source /work/amotta/RecoNIC/shell/compute/lookside/mmult/solution1/.autopilot/db/mmult_Pipeline_systolic1.compgen.tcl 
Execute         source /work/amotta/RecoNIC/shell/compute/lookside/mmult/solution1/.autopilot/db/mmult_Pipeline_4.compgen.tcl 
Execute         source /work/amotta/RecoNIC/shell/compute/lookside/mmult/solution1/.autopilot/db/mmult.compgen.tcl 
INFO: [HLS 200-111] Finished Generating all RTL models: CPU user time: 0.22 seconds. CPU system time: 0.01 seconds. Elapsed time: 0.23 seconds; current allocated memory: 390.941 MB.
INFO-FLOW: DBG:PROC: ::HLSREPORTS::create_csynth_xml bind_info_var='bind_info' RtlSubPrefix='mmult_' outfile=''
INFO-FLOW: Running: create_csynth_xml read xml data
INFO-FLOW: Done: create_csynth_xml read xml data time: 0 seconds per iteration
INFO-FLOW: Running: create_csynth_xml bind info
INFO-FLOW: Done: create_csynth_xml bind info time: 0 seconds per iteration
INFO-FLOW: Running: create_csynth_xml config info
INFO-FLOW: Done: create_csynth_xml config info time: 0 seconds per iteration
INFO-FLOW: Running: create_csynth_xml write xml
INFO-FLOW: Done: create_csynth_xml write xml time: 0 seconds per iteration
INFO-FLOW: DBG:PUTS:      create_csynth_xml wrote csynth_xml=/work/amotta/RecoNIC/shell/compute/lookside/mmult/solution1/syn/report/csynth.xml
INFO-FLOW: DBG:PROC: ::AP::DESIGN_DATA::generate_json generate_bd_files='0' generate_xo_files='0' modelList='mmult_flow_control_loop_pipe_sequential_init
mmult_flow_control_loop_pipe_sequential_init
mmult_mul_32s_32s_32_2_1
mmult_flow_control_loop_pipe_sequential_init
mmult_sparsemux_33_4_32_1_1
mmult_flow_control_loop_pipe_sequential_init
mmult_localA_RAM_AUTO_1R1W
mmult_systolic_m_axi
mmult_Pipeline_1
mmult_Pipeline_2
mmult_Pipeline_systolic1
mmult_Pipeline_4
mmult
' rtl_lang='both' bootstrap_tcl='false' outdir='' outfilename=''
Execute         source /work/amotta/RecoNIC/shell/compute/lookside/mmult/solution1/.autopilot/db/global.setting.tcl 
Execute         source /work/amotta/RecoNIC/shell/compute/lookside/mmult/solution1/.autopilot/db/global.setting.tcl 
Execute         source /work/amotta/RecoNIC/shell/compute/lookside/mmult/solution1/.autopilot/db/top-io-be.tcl 
Execute         source /work/amotta/RecoNIC/shell/compute/lookside/mmult/solution1/.autopilot/db/mmult.tbgen.tcl 
Execute         source /work/amotta/RecoNIC/shell/compute/lookside/mmult/solution1/.autopilot/db/mmult.rtl_wrap.cfg.tcl 
Execute         source /work/amotta/RecoNIC/shell/compute/lookside/mmult/solution1/.autopilot/db/mmult.compgen.dataonly.tcl 
Execute         source /work/amotta/RecoNIC/shell/compute/lookside/mmult/solution1/.autopilot/db/mmult_Pipeline_1.tbgen.tcl 
Execute         source /work/amotta/RecoNIC/shell/compute/lookside/mmult/solution1/.autopilot/db/mmult_Pipeline_2.tbgen.tcl 
Execute         source /work/amotta/RecoNIC/shell/compute/lookside/mmult/solution1/.autopilot/db/mmult_Pipeline_systolic1.tbgen.tcl 
Execute         source /work/amotta/RecoNIC/shell/compute/lookside/mmult/solution1/.autopilot/db/mmult_Pipeline_4.tbgen.tcl 
Execute         source /work/amotta/RecoNIC/shell/compute/lookside/mmult/solution1/.autopilot/db/mmult.tbgen.tcl 
Execute         source /work/amotta/RecoNIC/shell/compute/lookside/mmult/solution1/.autopilot/db/global.setting.tcl 
Execute         ap_part_info -name xcvu9p-flga2104-2L-e -data names -quiet 
Execute         ap_part_info -name xcvu9p-flga2104-2L-e -data info -quiet 
Execute         source /work/amotta/RecoNIC/shell/compute/lookside/mmult/solution1/.autopilot/db/mmult.constraint.tcl 
Execute         sc_get_clocks mmult 
Execute         source /work/amotta/RecoNIC/shell/compute/lookside/mmult/solution1/.autopilot/db/global.setting.tcl 
INFO-FLOW: DBG:PROC: ::HLSREPORTS::add_csynth_report_sections bind_info_dict='adapter_nodes {{BINDTYPE adapter ID {} IMPL {} LATENCY {} OPTYPE {} PRAGMA {} RTLNAME systolic_m_axi_U SOURCE {} VARIABLE {} LOOP {} BUNDLEDNAME systolic DSP 0 BRAM 30 URAM 0 STORAGESUBTYPE m_axi STORAGESIZE {} STORAGEUSAGE interface DISPNAME {bind_adapter }}} cache_nodes {} report_dict {TOPINST mmult MODULE2INSTS {mmult mmult mmult_Pipeline_1 grp_mmult_Pipeline_1_fu_1322 mmult_Pipeline_2 grp_mmult_Pipeline_2_fu_1345 mmult_Pipeline_systolic1 grp_mmult_Pipeline_systolic1_fu_1368 mmult_Pipeline_4 grp_mmult_Pipeline_4_fu_1674} INST2MODULE {mmult mmult grp_mmult_Pipeline_1_fu_1322 mmult_Pipeline_1 grp_mmult_Pipeline_2_fu_1345 mmult_Pipeline_2 grp_mmult_Pipeline_systolic1_fu_1368 mmult_Pipeline_systolic1 grp_mmult_Pipeline_4_fu_1674 mmult_Pipeline_4} INSTDATA {mmult {DEPTH 1 CHILDREN {grp_mmult_Pipeline_1_fu_1322 grp_mmult_Pipeline_2_fu_1345 grp_mmult_Pipeline_systolic1_fu_1368 grp_mmult_Pipeline_4_fu_1674}} grp_mmult_Pipeline_1_fu_1322 {DEPTH 2 CHILDREN {}} grp_mmult_Pipeline_2_fu_1345 {DEPTH 2 CHILDREN {}} grp_mmult_Pipeline_systolic1_fu_1368 {DEPTH 2 CHILDREN {}} grp_mmult_Pipeline_4_fu_1674 {DEPTH 2 CHILDREN {}}} MODULEDATA {mmult_Pipeline_1 {BINDINFO {{BINDTYPE op ID {} IMPL auto LATENCY 0 OPTYPE seteq PRAGMA {} RTLNAME exitcond15846_fu_371_p2 SOURCE {} VARIABLE exitcond15846 LOOP {Loop 1} BUNDLEDNAME {} DSP 0 BRAM 0 URAM 0 STORAGESUBTYPE {} DISPNAME {bind_op seteq} VISIBLE false} {BINDTYPE op ID {} IMPL fabric LATENCY 0 OPTYPE add PRAGMA {} RTLNAME empty_fu_377_p2 SOURCE {} VARIABLE empty LOOP {Loop 1} BUNDLEDNAME {} DSP 0 BRAM 0 URAM 0 STORAGESUBTYPE {} DISPNAME {bind_op add} VISIBLE true} {BINDTYPE op ID {} IMPL auto LATENCY 0 OPTYPE seteq PRAGMA {} RTLNAME empty_42_fu_387_p2 SOURCE {} VARIABLE empty_42 LOOP {Loop 1} BUNDLEDNAME {} DSP 0 BRAM 0 URAM 0 STORAGESUBTYPE {} DISPNAME {bind_op seteq} VISIBLE false}} AREA {DSP 0 BRAM 0 URAM 0}} mmult_Pipeline_2 {BINDINFO {{BINDTYPE op ID {} IMPL auto LATENCY 0 OPTYPE seteq PRAGMA {} RTLNAME exitcond15835_fu_371_p2 SOURCE {} VARIABLE exitcond15835 LOOP {Loop 1} BUNDLEDNAME {} DSP 0 BRAM 0 URAM 0 STORAGESUBTYPE {} DISPNAME {bind_op seteq} VISIBLE false} {BINDTYPE op ID {} IMPL fabric LATENCY 0 OPTYPE add PRAGMA {} RTLNAME empty_fu_377_p2 SOURCE {} VARIABLE empty LOOP {Loop 1} BUNDLEDNAME {} DSP 0 BRAM 0 URAM 0 STORAGESUBTYPE {} DISPNAME {bind_op add} VISIBLE true} {BINDTYPE op ID {} IMPL auto LATENCY 0 OPTYPE seteq PRAGMA {} RTLNAME empty_37_fu_387_p2 SOURCE {} VARIABLE empty_37 LOOP {Loop 1} BUNDLEDNAME {} DSP 0 BRAM 0 URAM 0 STORAGESUBTYPE {} DISPNAME {bind_op seteq} VISIBLE false}} AREA {DSP 0 BRAM 0 URAM 0}} mmult_Pipeline_systolic1 {BINDINFO {{BINDTYPE op ID {} IMPL auto LATENCY 0 OPTYPE setlt PRAGMA {} RTLNAME icmp22_fu_4998_p2 SOURCE {} VARIABLE icmp22 LOOP {} BUNDLEDNAME {} DSP 0 BRAM 0 URAM 0 STORAGESUBTYPE {} DISPNAME {bind_op setlt} VISIBLE false} {BINDTYPE op ID {} IMPL auto LATENCY 0 OPTYPE setlt PRAGMA {} RTLNAME cmp13_14_fu_5004_p2 SOURCE {} VARIABLE cmp13_14 LOOP {} BUNDLEDNAME {} DSP 0 BRAM 0 URAM 0 STORAGESUBTYPE {} DISPNAME {bind_op setlt} VISIBLE false} {BINDTYPE op ID {} IMPL auto LATENCY 0 OPTYPE setlt PRAGMA {} RTLNAME cmp13_13_fu_5010_p2 SOURCE {} VARIABLE cmp13_13 LOOP {} BUNDLEDNAME {} DSP 0 BRAM 0 URAM 0 STORAGESUBTYPE {} DISPNAME {bind_op setlt} VISIBLE false} {BINDTYPE op ID {} IMPL auto LATENCY 0 OPTYPE setlt PRAGMA {} RTLNAME cmp13_12_fu_5016_p2 SOURCE {} VARIABLE cmp13_12 LOOP {} BUNDLEDNAME {} DSP 0 BRAM 0 URAM 0 STORAGESUBTYPE {} DISPNAME {bind_op setlt} VISIBLE false} {BINDTYPE op ID {} IMPL auto LATENCY 0 OPTYPE setlt PRAGMA {} RTLNAME cmp13_11_fu_5022_p2 SOURCE {} VARIABLE cmp13_11 LOOP {} BUNDLEDNAME {} DSP 0 BRAM 0 URAM 0 STORAGESUBTYPE {} DISPNAME {bind_op setlt} VISIBLE false} {BINDTYPE op ID {} IMPL auto LATENCY 0 OPTYPE setlt PRAGMA {} RTLNAME cmp13_10_fu_5028_p2 SOURCE {} VARIABLE cmp13_10 LOOP {} BUNDLEDNAME {} DSP 0 BRAM 0 URAM 0 STORAGESUBTYPE {} DISPNAME {bind_op setlt} VISIBLE false} {BINDTYPE op ID {} IMPL auto LATENCY 0 OPTYPE setlt PRAGMA {} RTLNAME cmp13_9_fu_5034_p2 SOURCE {} VARIABLE cmp13_9 LOOP {} BUNDLEDNAME {} DSP 0 BRAM 0 URAM 0 STORAGESUBTYPE {} DISPNAME {bind_op setlt} VISIBLE false} {BINDTYPE op ID {} IMPL auto LATENCY 0 OPTYPE setlt PRAGMA {} RTLNAME cmp13_8_fu_5040_p2 SOURCE {} VARIABLE cmp13_8 LOOP {} BUNDLEDNAME {} DSP 0 BRAM 0 URAM 0 STORAGESUBTYPE {} DISPNAME {bind_op setlt} VISIBLE false} {BINDTYPE op ID {} IMPL auto LATENCY 0 OPTYPE setlt PRAGMA {} RTLNAME icmp19_fu_5046_p2 SOURCE {} VARIABLE icmp19 LOOP {} BUNDLEDNAME {} DSP 0 BRAM 0 URAM 0 STORAGESUBTYPE {} DISPNAME {bind_op setlt} VISIBLE false} {BINDTYPE op ID {} IMPL auto LATENCY 0 OPTYPE setlt PRAGMA {} RTLNAME cmp13_6_fu_5052_p2 SOURCE {} VARIABLE cmp13_6 LOOP {} BUNDLEDNAME {} DSP 0 BRAM 0 URAM 0 STORAGESUBTYPE {} DISPNAME {bind_op setlt} VISIBLE false} {BINDTYPE op ID {} IMPL auto LATENCY 0 OPTYPE setlt PRAGMA {} RTLNAME cmp13_5_fu_5058_p2 SOURCE {} VARIABLE cmp13_5 LOOP {} BUNDLEDNAME {} DSP 0 BRAM 0 URAM 0 STORAGESUBTYPE {} DISPNAME {bind_op setlt} VISIBLE false} {BINDTYPE op ID {} IMPL auto LATENCY 0 OPTYPE setlt PRAGMA {} RTLNAME cmp13_4_fu_5064_p2 SOURCE {} VARIABLE cmp13_4 LOOP {} BUNDLEDNAME {} DSP 0 BRAM 0 URAM 0 STORAGESUBTYPE {} DISPNAME {bind_op setlt} VISIBLE false} {BINDTYPE op ID {} IMPL auto LATENCY 0 OPTYPE setlt PRAGMA {} RTLNAME icmp16_fu_5070_p2 SOURCE {} VARIABLE icmp16 LOOP {} BUNDLEDNAME {} DSP 0 BRAM 0 URAM 0 STORAGESUBTYPE {} DISPNAME {bind_op setlt} VISIBLE false} {BINDTYPE op ID {} IMPL auto LATENCY 0 OPTYPE setlt PRAGMA {} RTLNAME cmp13_2_fu_5076_p2 SOURCE {} VARIABLE cmp13_2 LOOP {} BUNDLEDNAME {} DSP 0 BRAM 0 URAM 0 STORAGESUBTYPE {} DISPNAME {bind_op setlt} VISIBLE false} {BINDTYPE op ID {} IMPL auto LATENCY 0 OPTYPE setlt PRAGMA {} RTLNAME icmp13_fu_5082_p2 SOURCE {} VARIABLE icmp13 LOOP {} BUNDLEDNAME {} DSP 0 BRAM 0 URAM 0 STORAGESUBTYPE {} DISPNAME {bind_op setlt} VISIBLE false} {BINDTYPE op ID {} IMPL auto LATENCY 0 OPTYPE setgt PRAGMA {} RTLNAME icmp10_fu_5088_p2 SOURCE {} VARIABLE icmp10 LOOP {} BUNDLEDNAME {} DSP 0 BRAM 0 URAM 0 STORAGESUBTYPE {} DISPNAME {bind_op setgt} VISIBLE false} {BINDTYPE op ID {} IMPL auto LATENCY 0 OPTYPE setgt PRAGMA {} RTLNAME cmp25_14290_fu_5094_p2 SOURCE {} VARIABLE cmp25_14290 LOOP {} BUNDLEDNAME {} DSP 0 BRAM 0 URAM 0 STORAGESUBTYPE {} DISPNAME {bind_op setgt} VISIBLE false} {BINDTYPE op ID {} IMPL auto LATENCY 0 OPTYPE setgt PRAGMA {} RTLNAME cmp25_13269_fu_5100_p2 SOURCE {} VARIABLE cmp25_13269 LOOP {} BUNDLEDNAME {} DSP 0 BRAM 0 URAM 0 STORAGESUBTYPE {} DISPNAME {bind_op setgt} VISIBLE false} {BINDTYPE op ID {} IMPL auto LATENCY 0 OPTYPE setgt PRAGMA {} RTLNAME cmp25_12248_fu_5106_p2 SOURCE {} VARIABLE cmp25_12248 LOOP {} BUNDLEDNAME {} DSP 0 BRAM 0 URAM 0 STORAGESUBTYPE {} DISPNAME {bind_op setgt} VISIBLE false} {BINDTYPE op ID {} IMPL auto LATENCY 0 OPTYPE setgt PRAGMA {} RTLNAME cmp25_11227_fu_5112_p2 SOURCE {} VARIABLE cmp25_11227 LOOP {} BUNDLEDNAME {} DSP 0 BRAM 0 URAM 0 STORAGESUBTYPE {} DISPNAME {bind_op setgt} VISIBLE false} {BINDTYPE op ID {} IMPL auto LATENCY 0 OPTYPE setgt PRAGMA {} RTLNAME cmp25_10206_fu_5118_p2 SOURCE {} VARIABLE cmp25_10206 LOOP {} BUNDLEDNAME {} DSP 0 BRAM 0 URAM 0 STORAGESUBTYPE {} DISPNAME {bind_op setgt} VISIBLE false} {BINDTYPE op ID {} IMPL auto LATENCY 0 OPTYPE setgt PRAGMA {} RTLNAME cmp25_9185_fu_5124_p2 SOURCE {} VARIABLE cmp25_9185 LOOP {} BUNDLEDNAME {} DSP 0 BRAM 0 URAM 0 STORAGESUBTYPE {} DISPNAME {bind_op setgt} VISIBLE false} {BINDTYPE op ID {} IMPL auto LATENCY 0 OPTYPE setgt PRAGMA {} RTLNAME cmp25_8164_fu_5130_p2 SOURCE {} VARIABLE cmp25_8164 LOOP {} BUNDLEDNAME {} DSP 0 BRAM 0 URAM 0 STORAGESUBTYPE {} DISPNAME {bind_op setgt} VISIBLE false} {BINDTYPE op ID {} IMPL auto LATENCY 0 OPTYPE setgt PRAGMA {} RTLNAME icmp7_fu_5136_p2 SOURCE {} VARIABLE icmp7 LOOP {} BUNDLEDNAME {} DSP 0 BRAM 0 URAM 0 STORAGESUBTYPE {} DISPNAME {bind_op setgt} VISIBLE false} {BINDTYPE op ID {} IMPL auto LATENCY 0 OPTYPE setgt PRAGMA {} RTLNAME cmp25_6122_fu_5142_p2 SOURCE {} VARIABLE cmp25_6122 LOOP {} BUNDLEDNAME {} DSP 0 BRAM 0 URAM 0 STORAGESUBTYPE {} DISPNAME {bind_op setgt} VISIBLE false} {BINDTYPE op ID {} IMPL auto LATENCY 0 OPTYPE setgt PRAGMA {} RTLNAME cmp25_5101_fu_5148_p2 SOURCE {} VARIABLE cmp25_5101 LOOP {} BUNDLEDNAME {} DSP 0 BRAM 0 URAM 0 STORAGESUBTYPE {} DISPNAME {bind_op setgt} VISIBLE false} {BINDTYPE op ID {} IMPL auto LATENCY 0 OPTYPE setgt PRAGMA {} RTLNAME cmp25_480_fu_5154_p2 SOURCE {} VARIABLE cmp25_480 LOOP {} BUNDLEDNAME {} DSP 0 BRAM 0 URAM 0 STORAGESUBTYPE {} DISPNAME {bind_op setgt} VISIBLE false} {BINDTYPE op ID {} IMPL auto LATENCY 0 OPTYPE setgt PRAGMA {} RTLNAME icmp4_fu_5160_p2 SOURCE {} VARIABLE icmp4 LOOP {} BUNDLEDNAME {} DSP 0 BRAM 0 URAM 0 STORAGESUBTYPE {} DISPNAME {bind_op setgt} VISIBLE false} {BINDTYPE op ID {} IMPL auto LATENCY 0 OPTYPE setgt PRAGMA {} RTLNAME cmp25_238_fu_5166_p2 SOURCE {} VARIABLE cmp25_238 LOOP {} BUNDLEDNAME {} DSP 0 BRAM 0 URAM 0 STORAGESUBTYPE {} DISPNAME {bind_op setgt} VISIBLE false} {BINDTYPE op ID {} IMPL auto LATENCY 0 OPTYPE setgt PRAGMA {} RTLNAME icmp_fu_5172_p2 SOURCE {} VARIABLE icmp LOOP {} BUNDLEDNAME {} DSP 0 BRAM 0 URAM 0 STORAGESUBTYPE {} DISPNAME {bind_op setgt} VISIBLE false} {BINDTYPE op ID {} IMPL auto LATENCY 0 OPTYPE setgt PRAGMA {} RTLNAME cmp25_fu_5178_p2 SOURCE {} VARIABLE cmp25 LOOP {} BUNDLEDNAME {} DSP 0 BRAM 0 URAM 0 STORAGESUBTYPE {} DISPNAME {bind_op setgt} VISIBLE false} {BINDTYPE op ID {} IMPL auto LATENCY 0 OPTYPE setlt PRAGMA {} RTLNAME cmp13_fu_5184_p2 SOURCE {} VARIABLE cmp13 LOOP {} BUNDLEDNAME {} DSP 0 BRAM 0 URAM 0 STORAGESUBTYPE {} DISPNAME {bind_op setlt} VISIBLE false} {BINDTYPE op ID {} IMPL auto LATENCY 0 OPTYPE setlt PRAGMA {} RTLNAME icmp_ln150_fu_5202_p2 SOURCE mmult.cpp:150 VARIABLE icmp_ln150 LOOP systolic1 BUNDLEDNAME {} DSP 0 BRAM 0 URAM 0 STORAGESUBTYPE {} DISPNAME {bind_op setlt} VISIBLE false} {BINDTYPE op ID {} IMPL fabric LATENCY 0 OPTYPE add PRAGMA {} RTLNAME add_ln150_fu_5208_p2 SOURCE mmult.cpp:150 VARIABLE add_ln150 LOOP systolic1 BUNDLEDNAME {} DSP 0 BRAM 0 URAM 0 STORAGESUBTYPE {} DISPNAME {bind_op add} VISIBLE true} {BINDTYPE op ID {} IMPL auto LATENCY 0 OPTYPE seteq PRAGMA {} RTLNAME cmp10_fu_5250_p2 SOURCE mmult.cpp:150 VARIABLE cmp10 LOOP systolic1 BUNDLEDNAME {} DSP 0 BRAM 0 URAM 0 STORAGESUBTYPE {} DISPNAME {bind_op seteq} VISIBLE false} {BINDTYPE op ID {} IMPL auto_sel LATENCY 0 OPTYPE select PRAGMA {} RTLNAME last_fu_6253_p3 SOURCE mmult.cpp:159 VARIABLE last LOOP systolic1 BUNDLEDNAME {} DSP 0 BRAM 0 URAM 0 STORAGESUBTYPE {} DISPNAME {bind_op select} VISIBLE false} {BINDTYPE op ID {} IMPL auto_sel LATENCY 0 OPTYPE select PRAGMA {} RTLNAME a_val_fu_5261_p3 SOURCE mmult.cpp:163 VARIABLE a_val LOOP systolic1 BUNDLEDNAME {} DSP 0 BRAM 0 URAM 0 STORAGESUBTYPE {} DISPNAME {bind_op select} VISIBLE false} {BINDTYPE op ID {} IMPL auto_sel LATENCY 0 OPTYPE select PRAGMA {} RTLNAME b_val_fu_5268_p3 SOURCE mmult.cpp:164 VARIABLE b_val LOOP systolic1 BUNDLEDNAME {} DSP 0 BRAM 0 URAM 0 STORAGESUBTYPE {} DISPNAME {bind_op select} VISIBLE false} {BINDTYPE op ID {} IMPL auto LATENCY 1 OPTYPE mul PRAGMA {} RTLNAME mul_32s_32s_32_2_1_U37 SOURCE mmult.cpp:165 VARIABLE mul_ln165 LOOP systolic1 BUNDLEDNAME {} DSP 3 BRAM 0 URAM 0 STORAGESUBTYPE {} DISPNAME {bind_op mul} VISIBLE true} {BINDTYPE op ID {} IMPL fabric LATENCY 0 OPTYPE add PRAGMA {} RTLNAME result_fu_6260_p2 SOURCE mmult.cpp:165 VARIABLE result LOOP systolic1 BUNDLEDNAME {} DSP 0 BRAM 0 URAM 0 STORAGESUBTYPE {} DISPNAME {bind_op add} VISIBLE true} {BINDTYPE op ID {} IMPL auto_sel LATENCY 0 OPTYPE select PRAGMA {} RTLNAME last_1_fu_6265_p3 SOURCE mmult.cpp:159 VARIABLE last_1 LOOP systolic1 BUNDLEDNAME {} DSP 0 BRAM 0 URAM 0 STORAGESUBTYPE {} DISPNAME {bind_op select} VISIBLE false} {BINDTYPE op ID {} IMPL auto_sel LATENCY 0 OPTYPE select PRAGMA {} RTLNAME b_val_1_fu_5275_p3 SOURCE mmult.cpp:164 VARIABLE b_val_1 LOOP systolic1 BUNDLEDNAME {} DSP 0 BRAM 0 URAM 0 STORAGESUBTYPE {} DISPNAME {bind_op select} VISIBLE false} {BINDTYPE op ID {} IMPL auto LATENCY 1 OPTYPE mul PRAGMA {} RTLNAME mul_32s_32s_32_2_1_U38 SOURCE mmult.cpp:165 VARIABLE mul_ln165_1 LOOP systolic1 BUNDLEDNAME {} DSP 3 BRAM 0 URAM 0 STORAGESUBTYPE {} DISPNAME {bind_op mul} VISIBLE true} {BINDTYPE op ID {} IMPL fabric LATENCY 0 OPTYPE add PRAGMA {} RTLNAME result_1_fu_6272_p2 SOURCE mmult.cpp:165 VARIABLE result_1 LOOP systolic1 BUNDLEDNAME {} DSP 0 BRAM 0 URAM 0 STORAGESUBTYPE {} DISPNAME {bind_op add} VISIBLE true} {BINDTYPE op ID {} IMPL auto_sel LATENCY 0 OPTYPE select PRAGMA {} RTLNAME last_2_fu_6277_p3 SOURCE mmult.cpp:159 VARIABLE last_2 LOOP systolic1 BUNDLEDNAME {} DSP 0 BRAM 0 URAM 0 STORAGESUBTYPE {} DISPNAME {bind_op select} VISIBLE false} {BINDTYPE op ID {} IMPL auto_sel LATENCY 0 OPTYPE select PRAGMA {} RTLNAME b_val_2_fu_5282_p3 SOURCE mmult.cpp:164 VARIABLE b_val_2 LOOP systolic1 BUNDLEDNAME {} DSP 0 BRAM 0 URAM 0 STORAGESUBTYPE {} DISPNAME {bind_op select} VISIBLE false} {BINDTYPE op ID {} IMPL auto LATENCY 1 OPTYPE mul PRAGMA {} RTLNAME mul_32s_32s_32_2_1_U39 SOURCE mmult.cpp:165 VARIABLE mul_ln165_2 LOOP systolic1 BUNDLEDNAME {} DSP 3 BRAM 0 URAM 0 STORAGESUBTYPE {} DISPNAME {bind_op mul} VISIBLE true} {BINDTYPE op ID {} IMPL fabric LATENCY 0 OPTYPE add PRAGMA {} RTLNAME result_2_fu_6284_p2 SOURCE mmult.cpp:165 VARIABLE result_2 LOOP systolic1 BUNDLEDNAME {} DSP 0 BRAM 0 URAM 0 STORAGESUBTYPE {} DISPNAME {bind_op add} VISIBLE true} {BINDTYPE op ID {} IMPL auto_sel LATENCY 0 OPTYPE select PRAGMA {} RTLNAME last_3_fu_6289_p3 SOURCE mmult.cpp:159 VARIABLE last_3 LOOP systolic1 BUNDLEDNAME {} DSP 0 BRAM 0 URAM 0 STORAGESUBTYPE {} DISPNAME {bind_op select} VISIBLE false} {BINDTYPE op ID {} IMPL auto_sel LATENCY 0 OPTYPE select PRAGMA {} RTLNAME b_val_3_fu_5289_p3 SOURCE mmult.cpp:164 VARIABLE b_val_3 LOOP systolic1 BUNDLEDNAME {} DSP 0 BRAM 0 URAM 0 STORAGESUBTYPE {} DISPNAME {bind_op select} VISIBLE false} {BINDTYPE op ID {} IMPL auto LATENCY 1 OPTYPE mul PRAGMA {} RTLNAME mul_32s_32s_32_2_1_U40 SOURCE mmult.cpp:165 VARIABLE mul_ln165_3 LOOP systolic1 BUNDLEDNAME {} DSP 3 BRAM 0 URAM 0 STORAGESUBTYPE {} DISPNAME {bind_op mul} VISIBLE true} {BINDTYPE op ID {} IMPL fabric LATENCY 0 OPTYPE add PRAGMA {} RTLNAME result_3_fu_6296_p2 SOURCE mmult.cpp:165 VARIABLE result_3 LOOP systolic1 BUNDLEDNAME {} DSP 0 BRAM 0 URAM 0 STORAGESUBTYPE {} DISPNAME {bind_op add} VISIBLE true} {BINDTYPE op ID {} IMPL auto_sel LATENCY 0 OPTYPE select PRAGMA {} RTLNAME last_4_fu_6301_p3 SOURCE mmult.cpp:159 VARIABLE last_4 LOOP systolic1 BUNDLEDNAME {} DSP 0 BRAM 0 URAM 0 STORAGESUBTYPE {} DISPNAME {bind_op select} VISIBLE false} {BINDTYPE op ID {} IMPL auto_sel LATENCY 0 OPTYPE select PRAGMA {} RTLNAME b_val_4_fu_5296_p3 SOURCE mmult.cpp:164 VARIABLE b_val_4 LOOP systolic1 BUNDLEDNAME {} DSP 0 BRAM 0 URAM 0 STORAGESUBTYPE {} DISPNAME {bind_op select} VISIBLE false} {BINDTYPE op ID {} IMPL auto LATENCY 1 OPTYPE mul PRAGMA {} RTLNAME mul_32s_32s_32_2_1_U41 SOURCE mmult.cpp:165 VARIABLE mul_ln165_4 LOOP systolic1 BUNDLEDNAME {} DSP 3 BRAM 0 URAM 0 STORAGESUBTYPE {} DISPNAME {bind_op mul} VISIBLE true} {BINDTYPE op ID {} IMPL fabric LATENCY 0 OPTYPE add PRAGMA {} RTLNAME result_4_fu_6308_p2 SOURCE mmult.cpp:165 VARIABLE result_4 LOOP systolic1 BUNDLEDNAME {} DSP 0 BRAM 0 URAM 0 STORAGESUBTYPE {} DISPNAME {bind_op add} VISIBLE true} {BINDTYPE op ID {} IMPL auto_sel LATENCY 0 OPTYPE select PRAGMA {} RTLNAME last_5_fu_6313_p3 SOURCE mmult.cpp:159 VARIABLE last_5 LOOP systolic1 BUNDLEDNAME {} DSP 0 BRAM 0 URAM 0 STORAGESUBTYPE {} DISPNAME {bind_op select} VISIBLE false} {BINDTYPE op ID {} IMPL auto_sel LATENCY 0 OPTYPE select PRAGMA {} RTLNAME b_val_5_fu_5303_p3 SOURCE mmult.cpp:164 VARIABLE b_val_5 LOOP systolic1 BUNDLEDNAME {} DSP 0 BRAM 0 URAM 0 STORAGESUBTYPE {} DISPNAME {bind_op select} VISIBLE false} {BINDTYPE op ID {} IMPL auto LATENCY 1 OPTYPE mul PRAGMA {} RTLNAME mul_32s_32s_32_2_1_U42 SOURCE mmult.cpp:165 VARIABLE mul_ln165_5 LOOP systolic1 BUNDLEDNAME {} DSP 3 BRAM 0 URAM 0 STORAGESUBTYPE {} DISPNAME {bind_op mul} VISIBLE true} {BINDTYPE op ID {} IMPL fabric LATENCY 0 OPTYPE add PRAGMA {} RTLNAME result_5_fu_6320_p2 SOURCE mmult.cpp:165 VARIABLE result_5 LOOP systolic1 BUNDLEDNAME {} DSP 0 BRAM 0 URAM 0 STORAGESUBTYPE {} DISPNAME {bind_op add} VISIBLE true} {BINDTYPE op ID {} IMPL auto_sel LATENCY 0 OPTYPE select PRAGMA {} RTLNAME last_6_fu_6325_p3 SOURCE mmult.cpp:159 VARIABLE last_6 LOOP systolic1 BUNDLEDNAME {} DSP 0 BRAM 0 URAM 0 STORAGESUBTYPE {} DISPNAME {bind_op select} VISIBLE false} {BINDTYPE op ID {} IMPL auto_sel LATENCY 0 OPTYPE select PRAGMA {} RTLNAME b_val_6_fu_5310_p3 SOURCE mmult.cpp:164 VARIABLE b_val_6 LOOP systolic1 BUNDLEDNAME {} DSP 0 BRAM 0 URAM 0 STORAGESUBTYPE {} DISPNAME {bind_op select} VISIBLE false} {BINDTYPE op ID {} IMPL auto LATENCY 1 OPTYPE mul PRAGMA {} RTLNAME mul_32s_32s_32_2_1_U43 SOURCE mmult.cpp:165 VARIABLE mul_ln165_6 LOOP systolic1 BUNDLEDNAME {} DSP 3 BRAM 0 URAM 0 STORAGESUBTYPE {} DISPNAME {bind_op mul} VISIBLE true} {BINDTYPE op ID {} IMPL fabric LATENCY 0 OPTYPE add PRAGMA {} RTLNAME result_6_fu_6332_p2 SOURCE mmult.cpp:165 VARIABLE result_6 LOOP systolic1 BUNDLEDNAME {} DSP 0 BRAM 0 URAM 0 STORAGESUBTYPE {} DISPNAME {bind_op add} VISIBLE true} {BINDTYPE op ID {} IMPL auto_sel LATENCY 0 OPTYPE select PRAGMA {} RTLNAME last_7_fu_6337_p3 SOURCE mmult.cpp:159 VARIABLE last_7 LOOP systolic1 BUNDLEDNAME {} DSP 0 BRAM 0 URAM 0 STORAGESUBTYPE {} DISPNAME {bind_op select} VISIBLE false} {BINDTYPE op ID {} IMPL auto_sel LATENCY 0 OPTYPE select PRAGMA {} RTLNAME b_val_7_fu_5317_p3 SOURCE mmult.cpp:164 VARIABLE b_val_7 LOOP systolic1 BUNDLEDNAME {} DSP 0 BRAM 0 URAM 0 STORAGESUBTYPE {} DISPNAME {bind_op select} VISIBLE false} {BINDTYPE op ID {} IMPL auto LATENCY 1 OPTYPE mul PRAGMA {} RTLNAME mul_32s_32s_32_2_1_U44 SOURCE mmult.cpp:165 VARIABLE mul_ln165_7 LOOP systolic1 BUNDLEDNAME {} DSP 3 BRAM 0 URAM 0 STORAGESUBTYPE {} DISPNAME {bind_op mul} VISIBLE true} {BINDTYPE op ID {} IMPL fabric LATENCY 0 OPTYPE add PRAGMA {} RTLNAME result_7_fu_6344_p2 SOURCE mmult.cpp:165 VARIABLE result_7 LOOP systolic1 BUNDLEDNAME {} DSP 0 BRAM 0 URAM 0 STORAGESUBTYPE {} DISPNAME {bind_op add} VISIBLE true} {BINDTYPE op ID {} IMPL auto_sel LATENCY 0 OPTYPE select PRAGMA {} RTLNAME last_8_fu_6349_p3 SOURCE mmult.cpp:159 VARIABLE last_8 LOOP systolic1 BUNDLEDNAME {} DSP 0 BRAM 0 URAM 0 STORAGESUBTYPE {} DISPNAME {bind_op select} VISIBLE false} {BINDTYPE op ID {} IMPL auto_sel LATENCY 0 OPTYPE select PRAGMA {} RTLNAME b_val_8_fu_5324_p3 SOURCE mmult.cpp:164 VARIABLE b_val_8 LOOP systolic1 BUNDLEDNAME {} DSP 0 BRAM 0 URAM 0 STORAGESUBTYPE {} DISPNAME {bind_op select} VISIBLE false} {BINDTYPE op ID {} IMPL auto LATENCY 1 OPTYPE mul PRAGMA {} RTLNAME mul_32s_32s_32_2_1_U45 SOURCE mmult.cpp:165 VARIABLE mul_ln165_8 LOOP systolic1 BUNDLEDNAME {} DSP 3 BRAM 0 URAM 0 STORAGESUBTYPE {} DISPNAME {bind_op mul} VISIBLE true} {BINDTYPE op ID {} IMPL fabric LATENCY 0 OPTYPE add PRAGMA {} RTLNAME result_8_fu_6356_p2 SOURCE mmult.cpp:165 VARIABLE result_8 LOOP systolic1 BUNDLEDNAME {} DSP 0 BRAM 0 URAM 0 STORAGESUBTYPE {} DISPNAME {bind_op add} VISIBLE true} {BINDTYPE op ID {} IMPL auto_sel LATENCY 0 OPTYPE select PRAGMA {} RTLNAME last_9_fu_6361_p3 SOURCE mmult.cpp:159 VARIABLE last_9 LOOP systolic1 BUNDLEDNAME {} DSP 0 BRAM 0 URAM 0 STORAGESUBTYPE {} DISPNAME {bind_op select} VISIBLE false} {BINDTYPE op ID {} IMPL auto_sel LATENCY 0 OPTYPE select PRAGMA {} RTLNAME b_val_9_fu_5331_p3 SOURCE mmult.cpp:164 VARIABLE b_val_9 LOOP systolic1 BUNDLEDNAME {} DSP 0 BRAM 0 URAM 0 STORAGESUBTYPE {} DISPNAME {bind_op select} VISIBLE false} {BINDTYPE op ID {} IMPL auto LATENCY 1 OPTYPE mul PRAGMA {} RTLNAME mul_32s_32s_32_2_1_U46 SOURCE mmult.cpp:165 VARIABLE mul_ln165_9 LOOP systolic1 BUNDLEDNAME {} DSP 3 BRAM 0 URAM 0 STORAGESUBTYPE {} DISPNAME {bind_op mul} VISIBLE true} {BINDTYPE op ID {} IMPL fabric LATENCY 0 OPTYPE add PRAGMA {} RTLNAME result_9_fu_6368_p2 SOURCE mmult.cpp:165 VARIABLE result_9 LOOP systolic1 BUNDLEDNAME {} DSP 0 BRAM 0 URAM 0 STORAGESUBTYPE {} DISPNAME {bind_op add} VISIBLE true} {BINDTYPE op ID {} IMPL auto_sel LATENCY 0 OPTYPE select PRAGMA {} RTLNAME last_10_fu_6373_p3 SOURCE mmult.cpp:159 VARIABLE last_10 LOOP systolic1 BUNDLEDNAME {} DSP 0 BRAM 0 URAM 0 STORAGESUBTYPE {} DISPNAME {bind_op select} VISIBLE false} {BINDTYPE op ID {} IMPL auto_sel LATENCY 0 OPTYPE select PRAGMA {} RTLNAME b_val_10_fu_5338_p3 SOURCE mmult.cpp:164 VARIABLE b_val_10 LOOP systolic1 BUNDLEDNAME {} DSP 0 BRAM 0 URAM 0 STORAGESUBTYPE {} DISPNAME {bind_op select} VISIBLE false} {BINDTYPE op ID {} IMPL auto LATENCY 1 OPTYPE mul PRAGMA {} RTLNAME mul_32s_32s_32_2_1_U47 SOURCE mmult.cpp:165 VARIABLE mul_ln165_10 LOOP systolic1 BUNDLEDNAME {} DSP 3 BRAM 0 URAM 0 STORAGESUBTYPE {} DISPNAME {bind_op mul} VISIBLE true} {BINDTYPE op ID {} IMPL fabric LATENCY 0 OPTYPE add PRAGMA {} RTLNAME result_10_fu_6380_p2 SOURCE mmult.cpp:165 VARIABLE result_10 LOOP systolic1 BUNDLEDNAME {} DSP 0 BRAM 0 URAM 0 STORAGESUBTYPE {} DISPNAME {bind_op add} VISIBLE true} {BINDTYPE op ID {} IMPL auto_sel LATENCY 0 OPTYPE select PRAGMA {} RTLNAME last_11_fu_6385_p3 SOURCE mmult.cpp:159 VARIABLE last_11 LOOP systolic1 BUNDLEDNAME {} DSP 0 BRAM 0 URAM 0 STORAGESUBTYPE {} DISPNAME {bind_op select} VISIBLE false} {BINDTYPE op ID {} IMPL auto_sel LATENCY 0 OPTYPE select PRAGMA {} RTLNAME b_val_11_fu_5345_p3 SOURCE mmult.cpp:164 VARIABLE b_val_11 LOOP systolic1 BUNDLEDNAME {} DSP 0 BRAM 0 URAM 0 STORAGESUBTYPE {} DISPNAME {bind_op select} VISIBLE false} {BINDTYPE op ID {} IMPL auto LATENCY 1 OPTYPE mul PRAGMA {} RTLNAME mul_32s_32s_32_2_1_U48 SOURCE mmult.cpp:165 VARIABLE mul_ln165_11 LOOP systolic1 BUNDLEDNAME {} DSP 3 BRAM 0 URAM 0 STORAGESUBTYPE {} DISPNAME {bind_op mul} VISIBLE true} {BINDTYPE op ID {} IMPL fabric LATENCY 0 OPTYPE add PRAGMA {} RTLNAME result_11_fu_6392_p2 SOURCE mmult.cpp:165 VARIABLE result_11 LOOP systolic1 BUNDLEDNAME {} DSP 0 BRAM 0 URAM 0 STORAGESUBTYPE {} DISPNAME {bind_op add} VISIBLE true} {BINDTYPE op ID {} IMPL auto_sel LATENCY 0 OPTYPE select PRAGMA {} RTLNAME last_12_fu_6397_p3 SOURCE mmult.cpp:159 VARIABLE last_12 LOOP systolic1 BUNDLEDNAME {} DSP 0 BRAM 0 URAM 0 STORAGESUBTYPE {} DISPNAME {bind_op select} VISIBLE false} {BINDTYPE op ID {} IMPL auto_sel LATENCY 0 OPTYPE select PRAGMA {} RTLNAME b_val_12_fu_5352_p3 SOURCE mmult.cpp:164 VARIABLE b_val_12 LOOP systolic1 BUNDLEDNAME {} DSP 0 BRAM 0 URAM 0 STORAGESUBTYPE {} DISPNAME {bind_op select} VISIBLE false} {BINDTYPE op ID {} IMPL auto LATENCY 1 OPTYPE mul PRAGMA {} RTLNAME mul_32s_32s_32_2_1_U49 SOURCE mmult.cpp:165 VARIABLE mul_ln165_12 LOOP systolic1 BUNDLEDNAME {} DSP 3 BRAM 0 URAM 0 STORAGESUBTYPE {} DISPNAME {bind_op mul} VISIBLE true} {BINDTYPE op ID {} IMPL fabric LATENCY 0 OPTYPE add PRAGMA {} RTLNAME result_12_fu_6404_p2 SOURCE mmult.cpp:165 VARIABLE result_12 LOOP systolic1 BUNDLEDNAME {} DSP 0 BRAM 0 URAM 0 STORAGESUBTYPE {} DISPNAME {bind_op add} VISIBLE true} {BINDTYPE op ID {} IMPL auto_sel LATENCY 0 OPTYPE select PRAGMA {} RTLNAME last_13_fu_6409_p3 SOURCE mmult.cpp:159 VARIABLE last_13 LOOP systolic1 BUNDLEDNAME {} DSP 0 BRAM 0 URAM 0 STORAGESUBTYPE {} DISPNAME {bind_op select} VISIBLE false} {BINDTYPE op ID {} IMPL auto_sel LATENCY 0 OPTYPE select PRAGMA {} RTLNAME b_val_13_fu_5359_p3 SOURCE mmult.cpp:164 VARIABLE b_val_13 LOOP systolic1 BUNDLEDNAME {} DSP 0 BRAM 0 URAM 0 STORAGESUBTYPE {} DISPNAME {bind_op select} VISIBLE false} {BINDTYPE op ID {} IMPL auto LATENCY 1 OPTYPE mul PRAGMA {} RTLNAME mul_32s_32s_32_2_1_U50 SOURCE mmult.cpp:165 VARIABLE mul_ln165_13 LOOP systolic1 BUNDLEDNAME {} DSP 3 BRAM 0 URAM 0 STORAGESUBTYPE {} DISPNAME {bind_op mul} VISIBLE true} {BINDTYPE op ID {} IMPL fabric LATENCY 0 OPTYPE add PRAGMA {} RTLNAME result_13_fu_6416_p2 SOURCE mmult.cpp:165 VARIABLE result_13 LOOP systolic1 BUNDLEDNAME {} DSP 0 BRAM 0 URAM 0 STORAGESUBTYPE {} DISPNAME {bind_op add} VISIBLE true} {BINDTYPE op ID {} IMPL auto_sel LATENCY 0 OPTYPE select PRAGMA {} RTLNAME last_14_fu_6421_p3 SOURCE mmult.cpp:159 VARIABLE last_14 LOOP systolic1 BUNDLEDNAME {} DSP 0 BRAM 0 URAM 0 STORAGESUBTYPE {} DISPNAME {bind_op select} VISIBLE false} {BINDTYPE op ID {} IMPL auto_sel LATENCY 0 OPTYPE select PRAGMA {} RTLNAME b_val_14_fu_5366_p3 SOURCE mmult.cpp:164 VARIABLE b_val_14 LOOP systolic1 BUNDLEDNAME {} DSP 0 BRAM 0 URAM 0 STORAGESUBTYPE {} DISPNAME {bind_op select} VISIBLE false} {BINDTYPE op ID {} IMPL auto LATENCY 1 OPTYPE mul PRAGMA {} RTLNAME mul_32s_32s_32_2_1_U51 SOURCE mmult.cpp:165 VARIABLE mul_ln165_14 LOOP systolic1 BUNDLEDNAME {} DSP 3 BRAM 0 URAM 0 STORAGESUBTYPE {} DISPNAME {bind_op mul} VISIBLE true} {BINDTYPE op ID {} IMPL fabric LATENCY 0 OPTYPE add PRAGMA {} RTLNAME result_14_fu_6428_p2 SOURCE mmult.cpp:165 VARIABLE result_14 LOOP systolic1 BUNDLEDNAME {} DSP 0 BRAM 0 URAM 0 STORAGESUBTYPE {} DISPNAME {bind_op add} VISIBLE true} {BINDTYPE op ID {} IMPL auto_sel LATENCY 0 OPTYPE select PRAGMA {} RTLNAME last_15_fu_6433_p3 SOURCE mmult.cpp:159 VARIABLE last_15 LOOP systolic1 BUNDLEDNAME {} DSP 0 BRAM 0 URAM 0 STORAGESUBTYPE {} DISPNAME {bind_op select} VISIBLE false} {BINDTYPE op ID {} IMPL auto_sel LATENCY 0 OPTYPE select PRAGMA {} RTLNAME b_val_15_fu_5373_p3 SOURCE mmult.cpp:164 VARIABLE b_val_15 LOOP systolic1 BUNDLEDNAME {} DSP 0 BRAM 0 URAM 0 STORAGESUBTYPE {} DISPNAME {bind_op select} VISIBLE false} {BINDTYPE op ID {} IMPL auto LATENCY 1 OPTYPE mul PRAGMA {} RTLNAME mul_32s_32s_32_2_1_U52 SOURCE mmult.cpp:165 VARIABLE mul_ln165_15 LOOP systolic1 BUNDLEDNAME {} DSP 3 BRAM 0 URAM 0 STORAGESUBTYPE {} DISPNAME {bind_op mul} VISIBLE true} {BINDTYPE op ID {} IMPL fabric LATENCY 0 OPTYPE add PRAGMA {} RTLNAME result_15_fu_6440_p2 SOURCE mmult.cpp:165 VARIABLE result_15 LOOP systolic1 BUNDLEDNAME {} DSP 0 BRAM 0 URAM 0 STORAGESUBTYPE {} DISPNAME {bind_op add} VISIBLE true} {BINDTYPE op ID {} IMPL auto_sel LATENCY 0 OPTYPE select PRAGMA {} RTLNAME last_16_fu_6445_p3 SOURCE mmult.cpp:159 VARIABLE last_16 LOOP systolic1 BUNDLEDNAME {} DSP 0 BRAM 0 URAM 0 STORAGESUBTYPE {} DISPNAME {bind_op select} VISIBLE false} {BINDTYPE op ID {} IMPL auto_sel LATENCY 0 OPTYPE select PRAGMA {} RTLNAME a_val_1_fu_5380_p3 SOURCE mmult.cpp:163 VARIABLE a_val_1 LOOP systolic1 BUNDLEDNAME {} DSP 0 BRAM 0 URAM 0 STORAGESUBTYPE {} DISPNAME {bind_op select} VISIBLE false} {BINDTYPE op ID {} IMPL auto LATENCY 1 OPTYPE mul PRAGMA {} RTLNAME mul_32s_32s_32_2_1_U53 SOURCE mmult.cpp:165 VARIABLE mul_ln165_16 LOOP systolic1 BUNDLEDNAME {} DSP 3 BRAM 0 URAM 0 STORAGESUBTYPE {} DISPNAME {bind_op mul} VISIBLE true} {BINDTYPE op ID {} IMPL fabric LATENCY 0 OPTYPE add PRAGMA {} RTLNAME result_16_fu_6452_p2 SOURCE mmult.cpp:165 VARIABLE result_16 LOOP systolic1 BUNDLEDNAME {} DSP 0 BRAM 0 URAM 0 STORAGESUBTYPE {} DISPNAME {bind_op add} VISIBLE true} {BINDTYPE op ID {} IMPL auto_sel LATENCY 0 OPTYPE select PRAGMA {} RTLNAME last_17_fu_6457_p3 SOURCE mmult.cpp:159 VARIABLE last_17 LOOP systolic1 BUNDLEDNAME {} DSP 0 BRAM 0 URAM 0 STORAGESUBTYPE {} DISPNAME {bind_op select} VISIBLE false} {BINDTYPE op ID {} IMPL auto LATENCY 1 OPTYPE mul PRAGMA {} RTLNAME mul_32s_32s_32_2_1_U54 SOURCE mmult.cpp:165 VARIABLE mul_ln165_17 LOOP systolic1 BUNDLEDNAME {} DSP 3 BRAM 0 URAM 0 STORAGESUBTYPE {} DISPNAME {bind_op mul} VISIBLE true} {BINDTYPE op ID {} IMPL fabric LATENCY 0 OPTYPE add PRAGMA {} RTLNAME result_17_fu_6464_p2 SOURCE mmult.cpp:165 VARIABLE result_17 LOOP systolic1 BUNDLEDNAME {} DSP 0 BRAM 0 URAM 0 STORAGESUBTYPE {} DISPNAME {bind_op add} VISIBLE true} {BINDTYPE op ID {} IMPL auto_sel LATENCY 0 OPTYPE select PRAGMA {} RTLNAME last_18_fu_6469_p3 SOURCE mmult.cpp:159 VARIABLE last_18 LOOP systolic1 BUNDLEDNAME {} DSP 0 BRAM 0 URAM 0 STORAGESUBTYPE {} DISPNAME {bind_op select} VISIBLE false} {BINDTYPE op ID {} IMPL auto LATENCY 1 OPTYPE mul PRAGMA {} RTLNAME mul_32s_32s_32_2_1_U55 SOURCE mmult.cpp:165 VARIABLE mul_ln165_18 LOOP systolic1 BUNDLEDNAME {} DSP 3 BRAM 0 URAM 0 STORAGESUBTYPE {} DISPNAME {bind_op mul} VISIBLE true} {BINDTYPE op ID {} IMPL fabric LATENCY 0 OPTYPE add PRAGMA {} RTLNAME result_18_fu_6476_p2 SOURCE mmult.cpp:165 VARIABLE result_18 LOOP systolic1 BUNDLEDNAME {} DSP 0 BRAM 0 URAM 0 STORAGESUBTYPE {} DISPNAME {bind_op add} VISIBLE true} {BINDTYPE op ID {} IMPL auto_sel LATENCY 0 OPTYPE select PRAGMA {} RTLNAME last_19_fu_6481_p3 SOURCE mmult.cpp:159 VARIABLE last_19 LOOP systolic1 BUNDLEDNAME {} DSP 0 BRAM 0 URAM 0 STORAGESUBTYPE {} DISPNAME {bind_op select} VISIBLE false} {BINDTYPE op ID {} IMPL auto LATENCY 1 OPTYPE mul PRAGMA {} RTLNAME mul_32s_32s_32_2_1_U56 SOURCE mmult.cpp:165 VARIABLE mul_ln165_19 LOOP systolic1 BUNDLEDNAME {} DSP 3 BRAM 0 URAM 0 STORAGESUBTYPE {} DISPNAME {bind_op mul} VISIBLE true} {BINDTYPE op ID {} IMPL fabric LATENCY 0 OPTYPE add PRAGMA {} RTLNAME result_19_fu_6488_p2 SOURCE mmult.cpp:165 VARIABLE result_19 LOOP systolic1 BUNDLEDNAME {} DSP 0 BRAM 0 URAM 0 STORAGESUBTYPE {} DISPNAME {bind_op add} VISIBLE true} {BINDTYPE op ID {} IMPL auto_sel LATENCY 0 OPTYPE select PRAGMA {} RTLNAME last_20_fu_6493_p3 SOURCE mmult.cpp:159 VARIABLE last_20 LOOP systolic1 BUNDLEDNAME {} DSP 0 BRAM 0 URAM 0 STORAGESUBTYPE {} DISPNAME {bind_op select} VISIBLE false} {BINDTYPE op ID {} IMPL auto LATENCY 1 OPTYPE mul PRAGMA {} RTLNAME mul_32s_32s_32_2_1_U57 SOURCE mmult.cpp:165 VARIABLE mul_ln165_20 LOOP systolic1 BUNDLEDNAME {} DSP 3 BRAM 0 URAM 0 STORAGESUBTYPE {} DISPNAME {bind_op mul} VISIBLE true} {BINDTYPE op ID {} IMPL fabric LATENCY 0 OPTYPE add PRAGMA {} RTLNAME result_20_fu_6500_p2 SOURCE mmult.cpp:165 VARIABLE result_20 LOOP systolic1 BUNDLEDNAME {} DSP 0 BRAM 0 URAM 0 STORAGESUBTYPE {} DISPNAME {bind_op add} VISIBLE true} {BINDTYPE op ID {} IMPL auto_sel LATENCY 0 OPTYPE select PRAGMA {} RTLNAME last_21_fu_6505_p3 SOURCE mmult.cpp:159 VARIABLE last_21 LOOP systolic1 BUNDLEDNAME {} DSP 0 BRAM 0 URAM 0 STORAGESUBTYPE {} DISPNAME {bind_op select} VISIBLE false} {BINDTYPE op ID {} IMPL auto LATENCY 1 OPTYPE mul PRAGMA {} RTLNAME mul_32s_32s_32_2_1_U58 SOURCE mmult.cpp:165 VARIABLE mul_ln165_21 LOOP systolic1 BUNDLEDNAME {} DSP 3 BRAM 0 URAM 0 STORAGESUBTYPE {} DISPNAME {bind_op mul} VISIBLE true} {BINDTYPE op ID {} IMPL fabric LATENCY 0 OPTYPE add PRAGMA {} RTLNAME result_21_fu_6512_p2 SOURCE mmult.cpp:165 VARIABLE result_21 LOOP systolic1 BUNDLEDNAME {} DSP 0 BRAM 0 URAM 0 STORAGESUBTYPE {} DISPNAME {bind_op add} VISIBLE true} {BINDTYPE op ID {} IMPL auto_sel LATENCY 0 OPTYPE select PRAGMA {} RTLNAME last_22_fu_6517_p3 SOURCE mmult.cpp:159 VARIABLE last_22 LOOP systolic1 BUNDLEDNAME {} DSP 0 BRAM 0 URAM 0 STORAGESUBTYPE {} DISPNAME {bind_op select} VISIBLE false} {BINDTYPE op ID {} IMPL auto LATENCY 1 OPTYPE mul PRAGMA {} RTLNAME mul_32s_32s_32_2_1_U59 SOURCE mmult.cpp:165 VARIABLE mul_ln165_22 LOOP systolic1 BUNDLEDNAME {} DSP 3 BRAM 0 URAM 0 STORAGESUBTYPE {} DISPNAME {bind_op mul} VISIBLE true} {BINDTYPE op ID {} IMPL fabric LATENCY 0 OPTYPE add PRAGMA {} RTLNAME result_22_fu_6524_p2 SOURCE mmult.cpp:165 VARIABLE result_22 LOOP systolic1 BUNDLEDNAME {} DSP 0 BRAM 0 URAM 0 STORAGESUBTYPE {} DISPNAME {bind_op add} VISIBLE true} {BINDTYPE op ID {} IMPL auto_sel LATENCY 0 OPTYPE select PRAGMA {} RTLNAME last_23_fu_6529_p3 SOURCE mmult.cpp:159 VARIABLE last_23 LOOP systolic1 BUNDLEDNAME {} DSP 0 BRAM 0 URAM 0 STORAGESUBTYPE {} DISPNAME {bind_op select} VISIBLE false} {BINDTYPE op ID {} IMPL auto LATENCY 1 OPTYPE mul PRAGMA {} RTLNAME mul_32s_32s_32_2_1_U60 SOURCE mmult.cpp:165 VARIABLE mul_ln165_23 LOOP systolic1 BUNDLEDNAME {} DSP 3 BRAM 0 URAM 0 STORAGESUBTYPE {} DISPNAME {bind_op mul} VISIBLE true} {BINDTYPE op ID {} IMPL fabric LATENCY 0 OPTYPE add PRAGMA {} RTLNAME result_23_fu_6536_p2 SOURCE mmult.cpp:165 VARIABLE result_23 LOOP systolic1 BUNDLEDNAME {} DSP 0 BRAM 0 URAM 0 STORAGESUBTYPE {} DISPNAME {bind_op add} VISIBLE true} {BINDTYPE op ID {} IMPL auto_sel LATENCY 0 OPTYPE select PRAGMA {} RTLNAME last_24_fu_6541_p3 SOURCE mmult.cpp:159 VARIABLE last_24 LOOP systolic1 BUNDLEDNAME {} DSP 0 BRAM 0 URAM 0 STORAGESUBTYPE {} DISPNAME {bind_op select} VISIBLE false} {BINDTYPE op ID {} IMPL auto LATENCY 1 OPTYPE mul PRAGMA {} RTLNAME mul_32s_32s_32_2_1_U61 SOURCE mmult.cpp:165 VARIABLE mul_ln165_24 LOOP systolic1 BUNDLEDNAME {} DSP 3 BRAM 0 URAM 0 STORAGESUBTYPE {} DISPNAME {bind_op mul} VISIBLE true} {BINDTYPE op ID {} IMPL fabric LATENCY 0 OPTYPE add PRAGMA {} RTLNAME result_24_fu_6548_p2 SOURCE mmult.cpp:165 VARIABLE result_24 LOOP systolic1 BUNDLEDNAME {} DSP 0 BRAM 0 URAM 0 STORAGESUBTYPE {} DISPNAME {bind_op add} VISIBLE true} {BINDTYPE op ID {} IMPL auto_sel LATENCY 0 OPTYPE select PRAGMA {} RTLNAME last_25_fu_6553_p3 SOURCE mmult.cpp:159 VARIABLE last_25 LOOP systolic1 BUNDLEDNAME {} DSP 0 BRAM 0 URAM 0 STORAGESUBTYPE {} DISPNAME {bind_op select} VISIBLE false} {BINDTYPE op ID {} IMPL auto LATENCY 1 OPTYPE mul PRAGMA {} RTLNAME mul_32s_32s_32_2_1_U62 SOURCE mmult.cpp:165 VARIABLE mul_ln165_25 LOOP systolic1 BUNDLEDNAME {} DSP 3 BRAM 0 URAM 0 STORAGESUBTYPE {} DISPNAME {bind_op mul} VISIBLE true} {BINDTYPE op ID {} IMPL fabric LATENCY 0 OPTYPE add PRAGMA {} RTLNAME result_25_fu_6560_p2 SOURCE mmult.cpp:165 VARIABLE result_25 LOOP systolic1 BUNDLEDNAME {} DSP 0 BRAM 0 URAM 0 STORAGESUBTYPE {} DISPNAME {bind_op add} VISIBLE true} {BINDTYPE op ID {} IMPL auto_sel LATENCY 0 OPTYPE select PRAGMA {} RTLNAME last_26_fu_6565_p3 SOURCE mmult.cpp:159 VARIABLE last_26 LOOP systolic1 BUNDLEDNAME {} DSP 0 BRAM 0 URAM 0 STORAGESUBTYPE {} DISPNAME {bind_op select} VISIBLE false} {BINDTYPE op ID {} IMPL auto LATENCY 1 OPTYPE mul PRAGMA {} RTLNAME mul_32s_32s_32_2_1_U63 SOURCE mmult.cpp:165 VARIABLE mul_ln165_26 LOOP systolic1 BUNDLEDNAME {} DSP 3 BRAM 0 URAM 0 STORAGESUBTYPE {} DISPNAME {bind_op mul} VISIBLE true} {BINDTYPE op ID {} IMPL fabric LATENCY 0 OPTYPE add PRAGMA {} RTLNAME result_26_fu_6572_p2 SOURCE mmult.cpp:165 VARIABLE result_26 LOOP systolic1 BUNDLEDNAME {} DSP 0 BRAM 0 URAM 0 STORAGESUBTYPE {} DISPNAME {bind_op add} VISIBLE true} {BINDTYPE op ID {} IMPL auto_sel LATENCY 0 OPTYPE select PRAGMA {} RTLNAME last_27_fu_6577_p3 SOURCE mmult.cpp:159 VARIABLE last_27 LOOP systolic1 BUNDLEDNAME {} DSP 0 BRAM 0 URAM 0 STORAGESUBTYPE {} DISPNAME {bind_op select} VISIBLE false} {BINDTYPE op ID {} IMPL auto LATENCY 1 OPTYPE mul PRAGMA {} RTLNAME mul_32s_32s_32_2_1_U64 SOURCE mmult.cpp:165 VARIABLE mul_ln165_27 LOOP systolic1 BUNDLEDNAME {} DSP 3 BRAM 0 URAM 0 STORAGESUBTYPE {} DISPNAME {bind_op mul} VISIBLE true} {BINDTYPE op ID {} IMPL fabric LATENCY 0 OPTYPE add PRAGMA {} RTLNAME result_27_fu_6584_p2 SOURCE mmult.cpp:165 VARIABLE result_27 LOOP systolic1 BUNDLEDNAME {} DSP 0 BRAM 0 URAM 0 STORAGESUBTYPE {} DISPNAME {bind_op add} VISIBLE true} {BINDTYPE op ID {} IMPL auto_sel LATENCY 0 OPTYPE select PRAGMA {} RTLNAME last_28_fu_6589_p3 SOURCE mmult.cpp:159 VARIABLE last_28 LOOP systolic1 BUNDLEDNAME {} DSP 0 BRAM 0 URAM 0 STORAGESUBTYPE {} DISPNAME {bind_op select} VISIBLE false} {BINDTYPE op ID {} IMPL auto LATENCY 1 OPTYPE mul PRAGMA {} RTLNAME mul_32s_32s_32_2_1_U65 SOURCE mmult.cpp:165 VARIABLE mul_ln165_28 LOOP systolic1 BUNDLEDNAME {} DSP 3 BRAM 0 URAM 0 STORAGESUBTYPE {} DISPNAME {bind_op mul} VISIBLE true} {BINDTYPE op ID {} IMPL fabric LATENCY 0 OPTYPE add PRAGMA {} RTLNAME result_28_fu_6596_p2 SOURCE mmult.cpp:165 VARIABLE result_28 LOOP systolic1 BUNDLEDNAME {} DSP 0 BRAM 0 URAM 0 STORAGESUBTYPE {} DISPNAME {bind_op add} VISIBLE true} {BINDTYPE op ID {} IMPL auto_sel LATENCY 0 OPTYPE select PRAGMA {} RTLNAME last_29_fu_6601_p3 SOURCE mmult.cpp:159 VARIABLE last_29 LOOP systolic1 BUNDLEDNAME {} DSP 0 BRAM 0 URAM 0 STORAGESUBTYPE {} DISPNAME {bind_op select} VISIBLE false} {BINDTYPE op ID {} IMPL auto LATENCY 1 OPTYPE mul PRAGMA {} RTLNAME mul_32s_32s_32_2_1_U66 SOURCE mmult.cpp:165 VARIABLE mul_ln165_29 LOOP systolic1 BUNDLEDNAME {} DSP 3 BRAM 0 URAM 0 STORAGESUBTYPE {} DISPNAME {bind_op mul} VISIBLE true} {BINDTYPE op ID {} IMPL fabric LATENCY 0 OPTYPE add PRAGMA {} RTLNAME result_29_fu_6608_p2 SOURCE mmult.cpp:165 VARIABLE result_29 LOOP systolic1 BUNDLEDNAME {} DSP 0 BRAM 0 URAM 0 STORAGESUBTYPE {} DISPNAME {bind_op add} VISIBLE true} {BINDTYPE op ID {} IMPL auto_sel LATENCY 0 OPTYPE select PRAGMA {} RTLNAME last_30_fu_6613_p3 SOURCE mmult.cpp:159 VARIABLE last_30 LOOP systolic1 BUNDLEDNAME {} DSP 0 BRAM 0 URAM 0 STORAGESUBTYPE {} DISPNAME {bind_op select} VISIBLE false} {BINDTYPE op ID {} IMPL auto LATENCY 1 OPTYPE mul PRAGMA {} RTLNAME mul_32s_32s_32_2_1_U67 SOURCE mmult.cpp:165 VARIABLE mul_ln165_30 LOOP systolic1 BUNDLEDNAME {} DSP 3 BRAM 0 URAM 0 STORAGESUBTYPE {} DISPNAME {bind_op mul} VISIBLE true} {BINDTYPE op ID {} IMPL fabric LATENCY 0 OPTYPE add PRAGMA {} RTLNAME result_30_fu_6620_p2 SOURCE mmult.cpp:165 VARIABLE result_30 LOOP systolic1 BUNDLEDNAME {} DSP 0 BRAM 0 URAM 0 STORAGESUBTYPE {} DISPNAME {bind_op add} VISIBLE true} {BINDTYPE op ID {} IMPL auto_sel LATENCY 0 OPTYPE select PRAGMA {} RTLNAME last_31_fu_6625_p3 SOURCE mmult.cpp:159 VARIABLE last_31 LOOP systolic1 BUNDLEDNAME {} DSP 0 BRAM 0 URAM 0 STORAGESUBTYPE {} DISPNAME {bind_op select} VISIBLE false} {BINDTYPE op ID {} IMPL auto LATENCY 1 OPTYPE mul PRAGMA {} RTLNAME mul_32s_32s_32_2_1_U68 SOURCE mmult.cpp:165 VARIABLE mul_ln165_31 LOOP systolic1 BUNDLEDNAME {} DSP 3 BRAM 0 URAM 0 STORAGESUBTYPE {} DISPNAME {bind_op mul} VISIBLE true} {BINDTYPE op ID {} IMPL fabric LATENCY 0 OPTYPE add PRAGMA {} RTLNAME result_31_fu_6632_p2 SOURCE mmult.cpp:165 VARIABLE result_31 LOOP systolic1 BUNDLEDNAME {} DSP 0 BRAM 0 URAM 0 STORAGESUBTYPE {} DISPNAME {bind_op add} VISIBLE true} {BINDTYPE op ID {} IMPL auto_sel LATENCY 0 OPTYPE select PRAGMA {} RTLNAME last_32_fu_6637_p3 SOURCE mmult.cpp:159 VARIABLE last_32 LOOP systolic1 BUNDLEDNAME {} DSP 0 BRAM 0 URAM 0 STORAGESUBTYPE {} DISPNAME {bind_op select} VISIBLE false} {BINDTYPE op ID {} IMPL auto_sel LATENCY 0 OPTYPE select PRAGMA {} RTLNAME a_val_2_fu_5387_p3 SOURCE mmult.cpp:163 VARIABLE a_val_2 LOOP systolic1 BUNDLEDNAME {} DSP 0 BRAM 0 URAM 0 STORAGESUBTYPE {} DISPNAME {bind_op select} VISIBLE false} {BINDTYPE op ID {} IMPL auto LATENCY 1 OPTYPE mul PRAGMA {} RTLNAME mul_32s_32s_32_2_1_U69 SOURCE mmult.cpp:165 VARIABLE mul_ln165_32 LOOP systolic1 BUNDLEDNAME {} DSP 3 BRAM 0 URAM 0 STORAGESUBTYPE {} DISPNAME {bind_op mul} VISIBLE true} {BINDTYPE op ID {} IMPL fabric LATENCY 0 OPTYPE add PRAGMA {} RTLNAME result_32_fu_6644_p2 SOURCE mmult.cpp:165 VARIABLE result_32 LOOP systolic1 BUNDLEDNAME {} DSP 0 BRAM 0 URAM 0 STORAGESUBTYPE {} DISPNAME {bind_op add} VISIBLE true} {BINDTYPE op ID {} IMPL auto_sel LATENCY 0 OPTYPE select PRAGMA {} RTLNAME last_33_fu_6649_p3 SOURCE mmult.cpp:159 VARIABLE last_33 LOOP systolic1 BUNDLEDNAME {} DSP 0 BRAM 0 URAM 0 STORAGESUBTYPE {} DISPNAME {bind_op select} VISIBLE false} {BINDTYPE op ID {} IMPL auto LATENCY 1 OPTYPE mul PRAGMA {} RTLNAME mul_32s_32s_32_2_1_U70 SOURCE mmult.cpp:165 VARIABLE mul_ln165_33 LOOP systolic1 BUNDLEDNAME {} DSP 3 BRAM 0 URAM 0 STORAGESUBTYPE {} DISPNAME {bind_op mul} VISIBLE true} {BINDTYPE op ID {} IMPL fabric LATENCY 0 OPTYPE add PRAGMA {} RTLNAME result_33_fu_6656_p2 SOURCE mmult.cpp:165 VARIABLE result_33 LOOP systolic1 BUNDLEDNAME {} DSP 0 BRAM 0 URAM 0 STORAGESUBTYPE {} DISPNAME {bind_op add} VISIBLE true} {BINDTYPE op ID {} IMPL auto_sel LATENCY 0 OPTYPE select PRAGMA {} RTLNAME last_34_fu_6661_p3 SOURCE mmult.cpp:159 VARIABLE last_34 LOOP systolic1 BUNDLEDNAME {} DSP 0 BRAM 0 URAM 0 STORAGESUBTYPE {} DISPNAME {bind_op select} VISIBLE false} {BINDTYPE op ID {} IMPL auto LATENCY 1 OPTYPE mul PRAGMA {} RTLNAME mul_32s_32s_32_2_1_U71 SOURCE mmult.cpp:165 VARIABLE mul_ln165_34 LOOP systolic1 BUNDLEDNAME {} DSP 3 BRAM 0 URAM 0 STORAGESUBTYPE {} DISPNAME {bind_op mul} VISIBLE true} {BINDTYPE op ID {} IMPL fabric LATENCY 0 OPTYPE add PRAGMA {} RTLNAME result_34_fu_6668_p2 SOURCE mmult.cpp:165 VARIABLE result_34 LOOP systolic1 BUNDLEDNAME {} DSP 0 BRAM 0 URAM 0 STORAGESUBTYPE {} DISPNAME {bind_op add} VISIBLE true} {BINDTYPE op ID {} IMPL auto_sel LATENCY 0 OPTYPE select PRAGMA {} RTLNAME last_35_fu_6673_p3 SOURCE mmult.cpp:159 VARIABLE last_35 LOOP systolic1 BUNDLEDNAME {} DSP 0 BRAM 0 URAM 0 STORAGESUBTYPE {} DISPNAME {bind_op select} VISIBLE false} {BINDTYPE op ID {} IMPL auto LATENCY 1 OPTYPE mul PRAGMA {} RTLNAME mul_32s_32s_32_2_1_U72 SOURCE mmult.cpp:165 VARIABLE mul_ln165_35 LOOP systolic1 BUNDLEDNAME {} DSP 3 BRAM 0 URAM 0 STORAGESUBTYPE {} DISPNAME {bind_op mul} VISIBLE true} {BINDTYPE op ID {} IMPL fabric LATENCY 0 OPTYPE add PRAGMA {} RTLNAME result_35_fu_6680_p2 SOURCE mmult.cpp:165 VARIABLE result_35 LOOP systolic1 BUNDLEDNAME {} DSP 0 BRAM 0 URAM 0 STORAGESUBTYPE {} DISPNAME {bind_op add} VISIBLE true} {BINDTYPE op ID {} IMPL auto_sel LATENCY 0 OPTYPE select PRAGMA {} RTLNAME last_36_fu_6685_p3 SOURCE mmult.cpp:159 VARIABLE last_36 LOOP systolic1 BUNDLEDNAME {} DSP 0 BRAM 0 URAM 0 STORAGESUBTYPE {} DISPNAME {bind_op select} VISIBLE false} {BINDTYPE op ID {} IMPL auto LATENCY 1 OPTYPE mul PRAGMA {} RTLNAME mul_32s_32s_32_2_1_U73 SOURCE mmult.cpp:165 VARIABLE mul_ln165_36 LOOP systolic1 BUNDLEDNAME {} DSP 3 BRAM 0 URAM 0 STORAGESUBTYPE {} DISPNAME {bind_op mul} VISIBLE true} {BINDTYPE op ID {} IMPL fabric LATENCY 0 OPTYPE add PRAGMA {} RTLNAME result_36_fu_6692_p2 SOURCE mmult.cpp:165 VARIABLE result_36 LOOP systolic1 BUNDLEDNAME {} DSP 0 BRAM 0 URAM 0 STORAGESUBTYPE {} DISPNAME {bind_op add} VISIBLE true} {BINDTYPE op ID {} IMPL auto_sel LATENCY 0 OPTYPE select PRAGMA {} RTLNAME last_37_fu_6697_p3 SOURCE mmult.cpp:159 VARIABLE last_37 LOOP systolic1 BUNDLEDNAME {} DSP 0 BRAM 0 URAM 0 STORAGESUBTYPE {} DISPNAME {bind_op select} VISIBLE false} {BINDTYPE op ID {} IMPL auto LATENCY 1 OPTYPE mul PRAGMA {} RTLNAME mul_32s_32s_32_2_1_U74 SOURCE mmult.cpp:165 VARIABLE mul_ln165_37 LOOP systolic1 BUNDLEDNAME {} DSP 3 BRAM 0 URAM 0 STORAGESUBTYPE {} DISPNAME {bind_op mul} VISIBLE true} {BINDTYPE op ID {} IMPL fabric LATENCY 0 OPTYPE add PRAGMA {} RTLNAME result_37_fu_6704_p2 SOURCE mmult.cpp:165 VARIABLE result_37 LOOP systolic1 BUNDLEDNAME {} DSP 0 BRAM 0 URAM 0 STORAGESUBTYPE {} DISPNAME {bind_op add} VISIBLE true} {BINDTYPE op ID {} IMPL auto_sel LATENCY 0 OPTYPE select PRAGMA {} RTLNAME last_38_fu_6709_p3 SOURCE mmult.cpp:159 VARIABLE last_38 LOOP systolic1 BUNDLEDNAME {} DSP 0 BRAM 0 URAM 0 STORAGESUBTYPE {} DISPNAME {bind_op select} VISIBLE false} {BINDTYPE op ID {} IMPL auto LATENCY 1 OPTYPE mul PRAGMA {} RTLNAME mul_32s_32s_32_2_1_U75 SOURCE mmult.cpp:165 VARIABLE mul_ln165_38 LOOP systolic1 BUNDLEDNAME {} DSP 3 BRAM 0 URAM 0 STORAGESUBTYPE {} DISPNAME {bind_op mul} VISIBLE true} {BINDTYPE op ID {} IMPL fabric LATENCY 0 OPTYPE add PRAGMA {} RTLNAME result_38_fu_6716_p2 SOURCE mmult.cpp:165 VARIABLE result_38 LOOP systolic1 BUNDLEDNAME {} DSP 0 BRAM 0 URAM 0 STORAGESUBTYPE {} DISPNAME {bind_op add} VISIBLE true} {BINDTYPE op ID {} IMPL auto_sel LATENCY 0 OPTYPE select PRAGMA {} RTLNAME last_39_fu_6721_p3 SOURCE mmult.cpp:159 VARIABLE last_39 LOOP systolic1 BUNDLEDNAME {} DSP 0 BRAM 0 URAM 0 STORAGESUBTYPE {} DISPNAME {bind_op select} VISIBLE false} {BINDTYPE op ID {} IMPL auto LATENCY 1 OPTYPE mul PRAGMA {} RTLNAME mul_32s_32s_32_2_1_U76 SOURCE mmult.cpp:165 VARIABLE mul_ln165_39 LOOP systolic1 BUNDLEDNAME {} DSP 3 BRAM 0 URAM 0 STORAGESUBTYPE {} DISPNAME {bind_op mul} VISIBLE true} {BINDTYPE op ID {} IMPL fabric LATENCY 0 OPTYPE add PRAGMA {} RTLNAME result_39_fu_6728_p2 SOURCE mmult.cpp:165 VARIABLE result_39 LOOP systolic1 BUNDLEDNAME {} DSP 0 BRAM 0 URAM 0 STORAGESUBTYPE {} DISPNAME {bind_op add} VISIBLE true} {BINDTYPE op ID {} IMPL auto_sel LATENCY 0 OPTYPE select PRAGMA {} RTLNAME last_40_fu_6733_p3 SOURCE mmult.cpp:159 VARIABLE last_40 LOOP systolic1 BUNDLEDNAME {} DSP 0 BRAM 0 URAM 0 STORAGESUBTYPE {} DISPNAME {bind_op select} VISIBLE false} {BINDTYPE op ID {} IMPL auto LATENCY 1 OPTYPE mul PRAGMA {} RTLNAME mul_32s_32s_32_2_1_U77 SOURCE mmult.cpp:165 VARIABLE mul_ln165_40 LOOP systolic1 BUNDLEDNAME {} DSP 3 BRAM 0 URAM 0 STORAGESUBTYPE {} DISPNAME {bind_op mul} VISIBLE true} {BINDTYPE op ID {} IMPL fabric LATENCY 0 OPTYPE add PRAGMA {} RTLNAME result_40_fu_6740_p2 SOURCE mmult.cpp:165 VARIABLE result_40 LOOP systolic1 BUNDLEDNAME {} DSP 0 BRAM 0 URAM 0 STORAGESUBTYPE {} DISPNAME {bind_op add} VISIBLE true} {BINDTYPE op ID {} IMPL auto_sel LATENCY 0 OPTYPE select PRAGMA {} RTLNAME last_41_fu_6745_p3 SOURCE mmult.cpp:159 VARIABLE last_41 LOOP systolic1 BUNDLEDNAME {} DSP 0 BRAM 0 URAM 0 STORAGESUBTYPE {} DISPNAME {bind_op select} VISIBLE false} {BINDTYPE op ID {} IMPL auto LATENCY 1 OPTYPE mul PRAGMA {} RTLNAME mul_32s_32s_32_2_1_U78 SOURCE mmult.cpp:165 VARIABLE mul_ln165_41 LOOP systolic1 BUNDLEDNAME {} DSP 3 BRAM 0 URAM 0 STORAGESUBTYPE {} DISPNAME {bind_op mul} VISIBLE true} {BINDTYPE op ID {} IMPL fabric LATENCY 0 OPTYPE add PRAGMA {} RTLNAME result_41_fu_6752_p2 SOURCE mmult.cpp:165 VARIABLE result_41 LOOP systolic1 BUNDLEDNAME {} DSP 0 BRAM 0 URAM 0 STORAGESUBTYPE {} DISPNAME {bind_op add} VISIBLE true} {BINDTYPE op ID {} IMPL auto_sel LATENCY 0 OPTYPE select PRAGMA {} RTLNAME last_42_fu_6757_p3 SOURCE mmult.cpp:159 VARIABLE last_42 LOOP systolic1 BUNDLEDNAME {} DSP 0 BRAM 0 URAM 0 STORAGESUBTYPE {} DISPNAME {bind_op select} VISIBLE false} {BINDTYPE op ID {} IMPL auto LATENCY 1 OPTYPE mul PRAGMA {} RTLNAME mul_32s_32s_32_2_1_U79 SOURCE mmult.cpp:165 VARIABLE mul_ln165_42 LOOP systolic1 BUNDLEDNAME {} DSP 3 BRAM 0 URAM 0 STORAGESUBTYPE {} DISPNAME {bind_op mul} VISIBLE true} {BINDTYPE op ID {} IMPL fabric LATENCY 0 OPTYPE add PRAGMA {} RTLNAME result_42_fu_6764_p2 SOURCE mmult.cpp:165 VARIABLE result_42 LOOP systolic1 BUNDLEDNAME {} DSP 0 BRAM 0 URAM 0 STORAGESUBTYPE {} DISPNAME {bind_op add} VISIBLE true} {BINDTYPE op ID {} IMPL auto_sel LATENCY 0 OPTYPE select PRAGMA {} RTLNAME last_43_fu_6769_p3 SOURCE mmult.cpp:159 VARIABLE last_43 LOOP systolic1 BUNDLEDNAME {} DSP 0 BRAM 0 URAM 0 STORAGESUBTYPE {} DISPNAME {bind_op select} VISIBLE false} {BINDTYPE op ID {} IMPL auto LATENCY 1 OPTYPE mul PRAGMA {} RTLNAME mul_32s_32s_32_2_1_U80 SOURCE mmult.cpp:165 VARIABLE mul_ln165_43 LOOP systolic1 BUNDLEDNAME {} DSP 3 BRAM 0 URAM 0 STORAGESUBTYPE {} DISPNAME {bind_op mul} VISIBLE true} {BINDTYPE op ID {} IMPL fabric LATENCY 0 OPTYPE add PRAGMA {} RTLNAME result_43_fu_6776_p2 SOURCE mmult.cpp:165 VARIABLE result_43 LOOP systolic1 BUNDLEDNAME {} DSP 0 BRAM 0 URAM 0 STORAGESUBTYPE {} DISPNAME {bind_op add} VISIBLE true} {BINDTYPE op ID {} IMPL auto_sel LATENCY 0 OPTYPE select PRAGMA {} RTLNAME last_44_fu_6781_p3 SOURCE mmult.cpp:159 VARIABLE last_44 LOOP systolic1 BUNDLEDNAME {} DSP 0 BRAM 0 URAM 0 STORAGESUBTYPE {} DISPNAME {bind_op select} VISIBLE false} {BINDTYPE op ID {} IMPL auto LATENCY 1 OPTYPE mul PRAGMA {} RTLNAME mul_32s_32s_32_2_1_U81 SOURCE mmult.cpp:165 VARIABLE mul_ln165_44 LOOP systolic1 BUNDLEDNAME {} DSP 3 BRAM 0 URAM 0 STORAGESUBTYPE {} DISPNAME {bind_op mul} VISIBLE true} {BINDTYPE op ID {} IMPL fabric LATENCY 0 OPTYPE add PRAGMA {} RTLNAME result_44_fu_6788_p2 SOURCE mmult.cpp:165 VARIABLE result_44 LOOP systolic1 BUNDLEDNAME {} DSP 0 BRAM 0 URAM 0 STORAGESUBTYPE {} DISPNAME {bind_op add} VISIBLE true} {BINDTYPE op ID {} IMPL auto_sel LATENCY 0 OPTYPE select PRAGMA {} RTLNAME last_45_fu_6793_p3 SOURCE mmult.cpp:159 VARIABLE last_45 LOOP systolic1 BUNDLEDNAME {} DSP 0 BRAM 0 URAM 0 STORAGESUBTYPE {} DISPNAME {bind_op select} VISIBLE false} {BINDTYPE op ID {} IMPL auto LATENCY 1 OPTYPE mul PRAGMA {} RTLNAME mul_32s_32s_32_2_1_U82 SOURCE mmult.cpp:165 VARIABLE mul_ln165_45 LOOP systolic1 BUNDLEDNAME {} DSP 3 BRAM 0 URAM 0 STORAGESUBTYPE {} DISPNAME {bind_op mul} VISIBLE true} {BINDTYPE op ID {} IMPL fabric LATENCY 0 OPTYPE add PRAGMA {} RTLNAME result_45_fu_6800_p2 SOURCE mmult.cpp:165 VARIABLE result_45 LOOP systolic1 BUNDLEDNAME {} DSP 0 BRAM 0 URAM 0 STORAGESUBTYPE {} DISPNAME {bind_op add} VISIBLE true} {BINDTYPE op ID {} IMPL auto_sel LATENCY 0 OPTYPE select PRAGMA {} RTLNAME last_46_fu_6805_p3 SOURCE mmult.cpp:159 VARIABLE last_46 LOOP systolic1 BUNDLEDNAME {} DSP 0 BRAM 0 URAM 0 STORAGESUBTYPE {} DISPNAME {bind_op select} VISIBLE false} {BINDTYPE op ID {} IMPL auto LATENCY 1 OPTYPE mul PRAGMA {} RTLNAME mul_32s_32s_32_2_1_U83 SOURCE mmult.cpp:165 VARIABLE mul_ln165_46 LOOP systolic1 BUNDLEDNAME {} DSP 3 BRAM 0 URAM 0 STORAGESUBTYPE {} DISPNAME {bind_op mul} VISIBLE true} {BINDTYPE op ID {} IMPL fabric LATENCY 0 OPTYPE add PRAGMA {} RTLNAME result_46_fu_6812_p2 SOURCE mmult.cpp:165 VARIABLE result_46 LOOP systolic1 BUNDLEDNAME {} DSP 0 BRAM 0 URAM 0 STORAGESUBTYPE {} DISPNAME {bind_op add} VISIBLE true} {BINDTYPE op ID {} IMPL auto_sel LATENCY 0 OPTYPE select PRAGMA {} RTLNAME last_47_fu_6817_p3 SOURCE mmult.cpp:159 VARIABLE last_47 LOOP systolic1 BUNDLEDNAME {} DSP 0 BRAM 0 URAM 0 STORAGESUBTYPE {} DISPNAME {bind_op select} VISIBLE false} {BINDTYPE op ID {} IMPL auto LATENCY 1 OPTYPE mul PRAGMA {} RTLNAME mul_32s_32s_32_2_1_U84 SOURCE mmult.cpp:165 VARIABLE mul_ln165_47 LOOP systolic1 BUNDLEDNAME {} DSP 3 BRAM 0 URAM 0 STORAGESUBTYPE {} DISPNAME {bind_op mul} VISIBLE true} {BINDTYPE op ID {} IMPL fabric LATENCY 0 OPTYPE add PRAGMA {} RTLNAME result_47_fu_6824_p2 SOURCE mmult.cpp:165 VARIABLE result_47 LOOP systolic1 BUNDLEDNAME {} DSP 0 BRAM 0 URAM 0 STORAGESUBTYPE {} DISPNAME {bind_op add} VISIBLE true} {BINDTYPE op ID {} IMPL auto_sel LATENCY 0 OPTYPE select PRAGMA {} RTLNAME last_48_fu_6829_p3 SOURCE mmult.cpp:159 VARIABLE last_48 LOOP systolic1 BUNDLEDNAME {} DSP 0 BRAM 0 URAM 0 STORAGESUBTYPE {} DISPNAME {bind_op select} VISIBLE false} {BINDTYPE op ID {} IMPL auto_sel LATENCY 0 OPTYPE select PRAGMA {} RTLNAME a_val_3_fu_5394_p3 SOURCE mmult.cpp:163 VARIABLE a_val_3 LOOP systolic1 BUNDLEDNAME {} DSP 0 BRAM 0 URAM 0 STORAGESUBTYPE {} DISPNAME {bind_op select} VISIBLE false} {BINDTYPE op ID {} IMPL auto LATENCY 1 OPTYPE mul PRAGMA {} RTLNAME mul_32s_32s_32_2_1_U85 SOURCE mmult.cpp:165 VARIABLE mul_ln165_48 LOOP systolic1 BUNDLEDNAME {} DSP 3 BRAM 0 URAM 0 STORAGESUBTYPE {} DISPNAME {bind_op mul} VISIBLE true} {BINDTYPE op ID {} IMPL fabric LATENCY 0 OPTYPE add PRAGMA {} RTLNAME result_48_fu_6836_p2 SOURCE mmult.cpp:165 VARIABLE result_48 LOOP systolic1 BUNDLEDNAME {} DSP 0 BRAM 0 URAM 0 STORAGESUBTYPE {} DISPNAME {bind_op add} VISIBLE true} {BINDTYPE op ID {} IMPL auto_sel LATENCY 0 OPTYPE select PRAGMA {} RTLNAME last_49_fu_6841_p3 SOURCE mmult.cpp:159 VARIABLE last_49 LOOP systolic1 BUNDLEDNAME {} DSP 0 BRAM 0 URAM 0 STORAGESUBTYPE {} DISPNAME {bind_op select} VISIBLE false} {BINDTYPE op ID {} IMPL auto LATENCY 1 OPTYPE mul PRAGMA {} RTLNAME mul_32s_32s_32_2_1_U86 SOURCE mmult.cpp:165 VARIABLE mul_ln165_49 LOOP systolic1 BUNDLEDNAME {} DSP 3 BRAM 0 URAM 0 STORAGESUBTYPE {} DISPNAME {bind_op mul} VISIBLE true} {BINDTYPE op ID {} IMPL fabric LATENCY 0 OPTYPE add PRAGMA {} RTLNAME result_49_fu_6848_p2 SOURCE mmult.cpp:165 VARIABLE result_49 LOOP systolic1 BUNDLEDNAME {} DSP 0 BRAM 0 URAM 0 STORAGESUBTYPE {} DISPNAME {bind_op add} VISIBLE true} {BINDTYPE op ID {} IMPL auto_sel LATENCY 0 OPTYPE select PRAGMA {} RTLNAME last_50_fu_6853_p3 SOURCE mmult.cpp:159 VARIABLE last_50 LOOP systolic1 BUNDLEDNAME {} DSP 0 BRAM 0 URAM 0 STORAGESUBTYPE {} DISPNAME {bind_op select} VISIBLE false} {BINDTYPE op ID {} IMPL auto LATENCY 1 OPTYPE mul PRAGMA {} RTLNAME mul_32s_32s_32_2_1_U87 SOURCE mmult.cpp:165 VARIABLE mul_ln165_50 LOOP systolic1 BUNDLEDNAME {} DSP 3 BRAM 0 URAM 0 STORAGESUBTYPE {} DISPNAME {bind_op mul} VISIBLE true} {BINDTYPE op ID {} IMPL fabric LATENCY 0 OPTYPE add PRAGMA {} RTLNAME result_50_fu_6860_p2 SOURCE mmult.cpp:165 VARIABLE result_50 LOOP systolic1 BUNDLEDNAME {} DSP 0 BRAM 0 URAM 0 STORAGESUBTYPE {} DISPNAME {bind_op add} VISIBLE true} {BINDTYPE op ID {} IMPL auto_sel LATENCY 0 OPTYPE select PRAGMA {} RTLNAME last_51_fu_6865_p3 SOURCE mmult.cpp:159 VARIABLE last_51 LOOP systolic1 BUNDLEDNAME {} DSP 0 BRAM 0 URAM 0 STORAGESUBTYPE {} DISPNAME {bind_op select} VISIBLE false} {BINDTYPE op ID {} IMPL auto LATENCY 1 OPTYPE mul PRAGMA {} RTLNAME mul_32s_32s_32_2_1_U88 SOURCE mmult.cpp:165 VARIABLE mul_ln165_51 LOOP systolic1 BUNDLEDNAME {} DSP 3 BRAM 0 URAM 0 STORAGESUBTYPE {} DISPNAME {bind_op mul} VISIBLE true} {BINDTYPE op ID {} IMPL fabric LATENCY 0 OPTYPE add PRAGMA {} RTLNAME result_51_fu_6872_p2 SOURCE mmult.cpp:165 VARIABLE result_51 LOOP systolic1 BUNDLEDNAME {} DSP 0 BRAM 0 URAM 0 STORAGESUBTYPE {} DISPNAME {bind_op add} VISIBLE true} {BINDTYPE op ID {} IMPL auto_sel LATENCY 0 OPTYPE select PRAGMA {} RTLNAME last_52_fu_6877_p3 SOURCE mmult.cpp:159 VARIABLE last_52 LOOP systolic1 BUNDLEDNAME {} DSP 0 BRAM 0 URAM 0 STORAGESUBTYPE {} DISPNAME {bind_op select} VISIBLE false} {BINDTYPE op ID {} IMPL auto LATENCY 1 OPTYPE mul PRAGMA {} RTLNAME mul_32s_32s_32_2_1_U89 SOURCE mmult.cpp:165 VARIABLE mul_ln165_52 LOOP systolic1 BUNDLEDNAME {} DSP 3 BRAM 0 URAM 0 STORAGESUBTYPE {} DISPNAME {bind_op mul} VISIBLE true} {BINDTYPE op ID {} IMPL fabric LATENCY 0 OPTYPE add PRAGMA {} RTLNAME result_52_fu_6884_p2 SOURCE mmult.cpp:165 VARIABLE result_52 LOOP systolic1 BUNDLEDNAME {} DSP 0 BRAM 0 URAM 0 STORAGESUBTYPE {} DISPNAME {bind_op add} VISIBLE true} {BINDTYPE op ID {} IMPL auto_sel LATENCY 0 OPTYPE select PRAGMA {} RTLNAME last_53_fu_6889_p3 SOURCE mmult.cpp:159 VARIABLE last_53 LOOP systolic1 BUNDLEDNAME {} DSP 0 BRAM 0 URAM 0 STORAGESUBTYPE {} DISPNAME {bind_op select} VISIBLE false} {BINDTYPE op ID {} IMPL auto LATENCY 1 OPTYPE mul PRAGMA {} RTLNAME mul_32s_32s_32_2_1_U90 SOURCE mmult.cpp:165 VARIABLE mul_ln165_53 LOOP systolic1 BUNDLEDNAME {} DSP 3 BRAM 0 URAM 0 STORAGESUBTYPE {} DISPNAME {bind_op mul} VISIBLE true} {BINDTYPE op ID {} IMPL fabric LATENCY 0 OPTYPE add PRAGMA {} RTLNAME result_53_fu_6896_p2 SOURCE mmult.cpp:165 VARIABLE result_53 LOOP systolic1 BUNDLEDNAME {} DSP 0 BRAM 0 URAM 0 STORAGESUBTYPE {} DISPNAME {bind_op add} VISIBLE true} {BINDTYPE op ID {} IMPL auto_sel LATENCY 0 OPTYPE select PRAGMA {} RTLNAME last_54_fu_6901_p3 SOURCE mmult.cpp:159 VARIABLE last_54 LOOP systolic1 BUNDLEDNAME {} DSP 0 BRAM 0 URAM 0 STORAGESUBTYPE {} DISPNAME {bind_op select} VISIBLE false} {BINDTYPE op ID {} IMPL auto LATENCY 1 OPTYPE mul PRAGMA {} RTLNAME mul_32s_32s_32_2_1_U91 SOURCE mmult.cpp:165 VARIABLE mul_ln165_54 LOOP systolic1 BUNDLEDNAME {} DSP 3 BRAM 0 URAM 0 STORAGESUBTYPE {} DISPNAME {bind_op mul} VISIBLE true} {BINDTYPE op ID {} IMPL fabric LATENCY 0 OPTYPE add PRAGMA {} RTLNAME result_54_fu_6908_p2 SOURCE mmult.cpp:165 VARIABLE result_54 LOOP systolic1 BUNDLEDNAME {} DSP 0 BRAM 0 URAM 0 STORAGESUBTYPE {} DISPNAME {bind_op add} VISIBLE true} {BINDTYPE op ID {} IMPL auto_sel LATENCY 0 OPTYPE select PRAGMA {} RTLNAME last_55_fu_6913_p3 SOURCE mmult.cpp:159 VARIABLE last_55 LOOP systolic1 BUNDLEDNAME {} DSP 0 BRAM 0 URAM 0 STORAGESUBTYPE {} DISPNAME {bind_op select} VISIBLE false} {BINDTYPE op ID {} IMPL auto LATENCY 1 OPTYPE mul PRAGMA {} RTLNAME mul_32s_32s_32_2_1_U92 SOURCE mmult.cpp:165 VARIABLE mul_ln165_55 LOOP systolic1 BUNDLEDNAME {} DSP 3 BRAM 0 URAM 0 STORAGESUBTYPE {} DISPNAME {bind_op mul} VISIBLE true} {BINDTYPE op ID {} IMPL fabric LATENCY 0 OPTYPE add PRAGMA {} RTLNAME result_55_fu_6920_p2 SOURCE mmult.cpp:165 VARIABLE result_55 LOOP systolic1 BUNDLEDNAME {} DSP 0 BRAM 0 URAM 0 STORAGESUBTYPE {} DISPNAME {bind_op add} VISIBLE true} {BINDTYPE op ID {} IMPL auto_sel LATENCY 0 OPTYPE select PRAGMA {} RTLNAME last_56_fu_6925_p3 SOURCE mmult.cpp:159 VARIABLE last_56 LOOP systolic1 BUNDLEDNAME {} DSP 0 BRAM 0 URAM 0 STORAGESUBTYPE {} DISPNAME {bind_op select} VISIBLE false} {BINDTYPE op ID {} IMPL auto LATENCY 1 OPTYPE mul PRAGMA {} RTLNAME mul_32s_32s_32_2_1_U93 SOURCE mmult.cpp:165 VARIABLE mul_ln165_56 LOOP systolic1 BUNDLEDNAME {} DSP 3 BRAM 0 URAM 0 STORAGESUBTYPE {} DISPNAME {bind_op mul} VISIBLE true} {BINDTYPE op ID {} IMPL fabric LATENCY 0 OPTYPE add PRAGMA {} RTLNAME result_56_fu_6932_p2 SOURCE mmult.cpp:165 VARIABLE result_56 LOOP systolic1 BUNDLEDNAME {} DSP 0 BRAM 0 URAM 0 STORAGESUBTYPE {} DISPNAME {bind_op add} VISIBLE true} {BINDTYPE op ID {} IMPL auto_sel LATENCY 0 OPTYPE select PRAGMA {} RTLNAME last_57_fu_6937_p3 SOURCE mmult.cpp:159 VARIABLE last_57 LOOP systolic1 BUNDLEDNAME {} DSP 0 BRAM 0 URAM 0 STORAGESUBTYPE {} DISPNAME {bind_op select} VISIBLE false} {BINDTYPE op ID {} IMPL auto LATENCY 1 OPTYPE mul PRAGMA {} RTLNAME mul_32s_32s_32_2_1_U94 SOURCE mmult.cpp:165 VARIABLE mul_ln165_57 LOOP systolic1 BUNDLEDNAME {} DSP 3 BRAM 0 URAM 0 STORAGESUBTYPE {} DISPNAME {bind_op mul} VISIBLE true} {BINDTYPE op ID {} IMPL fabric LATENCY 0 OPTYPE add PRAGMA {} RTLNAME result_57_fu_6944_p2 SOURCE mmult.cpp:165 VARIABLE result_57 LOOP systolic1 BUNDLEDNAME {} DSP 0 BRAM 0 URAM 0 STORAGESUBTYPE {} DISPNAME {bind_op add} VISIBLE true} {BINDTYPE op ID {} IMPL auto_sel LATENCY 0 OPTYPE select PRAGMA {} RTLNAME last_58_fu_6949_p3 SOURCE mmult.cpp:159 VARIABLE last_58 LOOP systolic1 BUNDLEDNAME {} DSP 0 BRAM 0 URAM 0 STORAGESUBTYPE {} DISPNAME {bind_op select} VISIBLE false} {BINDTYPE op ID {} IMPL auto LATENCY 1 OPTYPE mul PRAGMA {} RTLNAME mul_32s_32s_32_2_1_U95 SOURCE mmult.cpp:165 VARIABLE mul_ln165_58 LOOP systolic1 BUNDLEDNAME {} DSP 3 BRAM 0 URAM 0 STORAGESUBTYPE {} DISPNAME {bind_op mul} VISIBLE true} {BINDTYPE op ID {} IMPL fabric LATENCY 0 OPTYPE add PRAGMA {} RTLNAME result_58_fu_6956_p2 SOURCE mmult.cpp:165 VARIABLE result_58 LOOP systolic1 BUNDLEDNAME {} DSP 0 BRAM 0 URAM 0 STORAGESUBTYPE {} DISPNAME {bind_op add} VISIBLE true} {BINDTYPE op ID {} IMPL auto_sel LATENCY 0 OPTYPE select PRAGMA {} RTLNAME last_59_fu_6961_p3 SOURCE mmult.cpp:159 VARIABLE last_59 LOOP systolic1 BUNDLEDNAME {} DSP 0 BRAM 0 URAM 0 STORAGESUBTYPE {} DISPNAME {bind_op select} VISIBLE false} {BINDTYPE op ID {} IMPL auto LATENCY 1 OPTYPE mul PRAGMA {} RTLNAME mul_32s_32s_32_2_1_U96 SOURCE mmult.cpp:165 VARIABLE mul_ln165_59 LOOP systolic1 BUNDLEDNAME {} DSP 3 BRAM 0 URAM 0 STORAGESUBTYPE {} DISPNAME {bind_op mul} VISIBLE true} {BINDTYPE op ID {} IMPL fabric LATENCY 0 OPTYPE add PRAGMA {} RTLNAME result_59_fu_6968_p2 SOURCE mmult.cpp:165 VARIABLE result_59 LOOP systolic1 BUNDLEDNAME {} DSP 0 BRAM 0 URAM 0 STORAGESUBTYPE {} DISPNAME {bind_op add} VISIBLE true} {BINDTYPE op ID {} IMPL auto_sel LATENCY 0 OPTYPE select PRAGMA {} RTLNAME last_60_fu_6973_p3 SOURCE mmult.cpp:159 VARIABLE last_60 LOOP systolic1 BUNDLEDNAME {} DSP 0 BRAM 0 URAM 0 STORAGESUBTYPE {} DISPNAME {bind_op select} VISIBLE false} {BINDTYPE op ID {} IMPL auto LATENCY 1 OPTYPE mul PRAGMA {} RTLNAME mul_32s_32s_32_2_1_U97 SOURCE mmult.cpp:165 VARIABLE mul_ln165_60 LOOP systolic1 BUNDLEDNAME {} DSP 3 BRAM 0 URAM 0 STORAGESUBTYPE {} DISPNAME {bind_op mul} VISIBLE true} {BINDTYPE op ID {} IMPL fabric LATENCY 0 OPTYPE add PRAGMA {} RTLNAME result_60_fu_6980_p2 SOURCE mmult.cpp:165 VARIABLE result_60 LOOP systolic1 BUNDLEDNAME {} DSP 0 BRAM 0 URAM 0 STORAGESUBTYPE {} DISPNAME {bind_op add} VISIBLE true} {BINDTYPE op ID {} IMPL auto_sel LATENCY 0 OPTYPE select PRAGMA {} RTLNAME last_61_fu_6985_p3 SOURCE mmult.cpp:159 VARIABLE last_61 LOOP systolic1 BUNDLEDNAME {} DSP 0 BRAM 0 URAM 0 STORAGESUBTYPE {} DISPNAME {bind_op select} VISIBLE false} {BINDTYPE op ID {} IMPL auto LATENCY 1 OPTYPE mul PRAGMA {} RTLNAME mul_32s_32s_32_2_1_U98 SOURCE mmult.cpp:165 VARIABLE mul_ln165_61 LOOP systolic1 BUNDLEDNAME {} DSP 3 BRAM 0 URAM 0 STORAGESUBTYPE {} DISPNAME {bind_op mul} VISIBLE true} {BINDTYPE op ID {} IMPL fabric LATENCY 0 OPTYPE add PRAGMA {} RTLNAME result_61_fu_6992_p2 SOURCE mmult.cpp:165 VARIABLE result_61 LOOP systolic1 BUNDLEDNAME {} DSP 0 BRAM 0 URAM 0 STORAGESUBTYPE {} DISPNAME {bind_op add} VISIBLE true} {BINDTYPE op ID {} IMPL auto_sel LATENCY 0 OPTYPE select PRAGMA {} RTLNAME last_62_fu_6997_p3 SOURCE mmult.cpp:159 VARIABLE last_62 LOOP systolic1 BUNDLEDNAME {} DSP 0 BRAM 0 URAM 0 STORAGESUBTYPE {} DISPNAME {bind_op select} VISIBLE false} {BINDTYPE op ID {} IMPL auto LATENCY 1 OPTYPE mul PRAGMA {} RTLNAME mul_32s_32s_32_2_1_U99 SOURCE mmult.cpp:165 VARIABLE mul_ln165_62 LOOP systolic1 BUNDLEDNAME {} DSP 3 BRAM 0 URAM 0 STORAGESUBTYPE {} DISPNAME {bind_op mul} VISIBLE true} {BINDTYPE op ID {} IMPL fabric LATENCY 0 OPTYPE add PRAGMA {} RTLNAME result_62_fu_7004_p2 SOURCE mmult.cpp:165 VARIABLE result_62 LOOP systolic1 BUNDLEDNAME {} DSP 0 BRAM 0 URAM 0 STORAGESUBTYPE {} DISPNAME {bind_op add} VISIBLE true} {BINDTYPE op ID {} IMPL auto_sel LATENCY 0 OPTYPE select PRAGMA {} RTLNAME last_63_fu_7009_p3 SOURCE mmult.cpp:159 VARIABLE last_63 LOOP systolic1 BUNDLEDNAME {} DSP 0 BRAM 0 URAM 0 STORAGESUBTYPE {} DISPNAME {bind_op select} VISIBLE false} {BINDTYPE op ID {} IMPL auto LATENCY 1 OPTYPE mul PRAGMA {} RTLNAME mul_32s_32s_32_2_1_U100 SOURCE mmult.cpp:165 VARIABLE mul_ln165_63 LOOP systolic1 BUNDLEDNAME {} DSP 3 BRAM 0 URAM 0 STORAGESUBTYPE {} DISPNAME {bind_op mul} VISIBLE true} {BINDTYPE op ID {} IMPL fabric LATENCY 0 OPTYPE add PRAGMA {} RTLNAME result_63_fu_7016_p2 SOURCE mmult.cpp:165 VARIABLE result_63 LOOP systolic1 BUNDLEDNAME {} DSP 0 BRAM 0 URAM 0 STORAGESUBTYPE {} DISPNAME {bind_op add} VISIBLE true} {BINDTYPE op ID {} IMPL auto_sel LATENCY 0 OPTYPE select PRAGMA {} RTLNAME last_64_fu_7021_p3 SOURCE mmult.cpp:159 VARIABLE last_64 LOOP systolic1 BUNDLEDNAME {} DSP 0 BRAM 0 URAM 0 STORAGESUBTYPE {} DISPNAME {bind_op select} VISIBLE false} {BINDTYPE op ID {} IMPL auto_sel LATENCY 0 OPTYPE select PRAGMA {} RTLNAME a_val_4_fu_5401_p3 SOURCE mmult.cpp:163 VARIABLE a_val_4 LOOP systolic1 BUNDLEDNAME {} DSP 0 BRAM 0 URAM 0 STORAGESUBTYPE {} DISPNAME {bind_op select} VISIBLE false} {BINDTYPE op ID {} IMPL auto LATENCY 1 OPTYPE mul PRAGMA {} RTLNAME mul_32s_32s_32_2_1_U101 SOURCE mmult.cpp:165 VARIABLE mul_ln165_64 LOOP systolic1 BUNDLEDNAME {} DSP 3 BRAM 0 URAM 0 STORAGESUBTYPE {} DISPNAME {bind_op mul} VISIBLE true} {BINDTYPE op ID {} IMPL fabric LATENCY 0 OPTYPE add PRAGMA {} RTLNAME result_64_fu_7028_p2 SOURCE mmult.cpp:165 VARIABLE result_64 LOOP systolic1 BUNDLEDNAME {} DSP 0 BRAM 0 URAM 0 STORAGESUBTYPE {} DISPNAME {bind_op add} VISIBLE true} {BINDTYPE op ID {} IMPL auto_sel LATENCY 0 OPTYPE select PRAGMA {} RTLNAME last_65_fu_7033_p3 SOURCE mmult.cpp:159 VARIABLE last_65 LOOP systolic1 BUNDLEDNAME {} DSP 0 BRAM 0 URAM 0 STORAGESUBTYPE {} DISPNAME {bind_op select} VISIBLE false} {BINDTYPE op ID {} IMPL auto LATENCY 1 OPTYPE mul PRAGMA {} RTLNAME mul_32s_32s_32_2_1_U102 SOURCE mmult.cpp:165 VARIABLE mul_ln165_65 LOOP systolic1 BUNDLEDNAME {} DSP 3 BRAM 0 URAM 0 STORAGESUBTYPE {} DISPNAME {bind_op mul} VISIBLE true} {BINDTYPE op ID {} IMPL fabric LATENCY 0 OPTYPE add PRAGMA {} RTLNAME result_65_fu_7040_p2 SOURCE mmult.cpp:165 VARIABLE result_65 LOOP systolic1 BUNDLEDNAME {} DSP 0 BRAM 0 URAM 0 STORAGESUBTYPE {} DISPNAME {bind_op add} VISIBLE true} {BINDTYPE op ID {} IMPL auto_sel LATENCY 0 OPTYPE select PRAGMA {} RTLNAME last_66_fu_7045_p3 SOURCE mmult.cpp:159 VARIABLE last_66 LOOP systolic1 BUNDLEDNAME {} DSP 0 BRAM 0 URAM 0 STORAGESUBTYPE {} DISPNAME {bind_op select} VISIBLE false} {BINDTYPE op ID {} IMPL auto LATENCY 1 OPTYPE mul PRAGMA {} RTLNAME mul_32s_32s_32_2_1_U103 SOURCE mmult.cpp:165 VARIABLE mul_ln165_66 LOOP systolic1 BUNDLEDNAME {} DSP 3 BRAM 0 URAM 0 STORAGESUBTYPE {} DISPNAME {bind_op mul} VISIBLE true} {BINDTYPE op ID {} IMPL fabric LATENCY 0 OPTYPE add PRAGMA {} RTLNAME result_66_fu_7052_p2 SOURCE mmult.cpp:165 VARIABLE result_66 LOOP systolic1 BUNDLEDNAME {} DSP 0 BRAM 0 URAM 0 STORAGESUBTYPE {} DISPNAME {bind_op add} VISIBLE true} {BINDTYPE op ID {} IMPL auto_sel LATENCY 0 OPTYPE select PRAGMA {} RTLNAME last_67_fu_7057_p3 SOURCE mmult.cpp:159 VARIABLE last_67 LOOP systolic1 BUNDLEDNAME {} DSP 0 BRAM 0 URAM 0 STORAGESUBTYPE {} DISPNAME {bind_op select} VISIBLE false} {BINDTYPE op ID {} IMPL auto LATENCY 1 OPTYPE mul PRAGMA {} RTLNAME mul_32s_32s_32_2_1_U104 SOURCE mmult.cpp:165 VARIABLE mul_ln165_67 LOOP systolic1 BUNDLEDNAME {} DSP 3 BRAM 0 URAM 0 STORAGESUBTYPE {} DISPNAME {bind_op mul} VISIBLE true} {BINDTYPE op ID {} IMPL fabric LATENCY 0 OPTYPE add PRAGMA {} RTLNAME result_67_fu_7064_p2 SOURCE mmult.cpp:165 VARIABLE result_67 LOOP systolic1 BUNDLEDNAME {} DSP 0 BRAM 0 URAM 0 STORAGESUBTYPE {} DISPNAME {bind_op add} VISIBLE true} {BINDTYPE op ID {} IMPL auto_sel LATENCY 0 OPTYPE select PRAGMA {} RTLNAME last_68_fu_7069_p3 SOURCE mmult.cpp:159 VARIABLE last_68 LOOP systolic1 BUNDLEDNAME {} DSP 0 BRAM 0 URAM 0 STORAGESUBTYPE {} DISPNAME {bind_op select} VISIBLE false} {BINDTYPE op ID {} IMPL auto LATENCY 1 OPTYPE mul PRAGMA {} RTLNAME mul_32s_32s_32_2_1_U105 SOURCE mmult.cpp:165 VARIABLE mul_ln165_68 LOOP systolic1 BUNDLEDNAME {} DSP 3 BRAM 0 URAM 0 STORAGESUBTYPE {} DISPNAME {bind_op mul} VISIBLE true} {BINDTYPE op ID {} IMPL fabric LATENCY 0 OPTYPE add PRAGMA {} RTLNAME result_68_fu_7076_p2 SOURCE mmult.cpp:165 VARIABLE result_68 LOOP systolic1 BUNDLEDNAME {} DSP 0 BRAM 0 URAM 0 STORAGESUBTYPE {} DISPNAME {bind_op add} VISIBLE true} {BINDTYPE op ID {} IMPL auto_sel LATENCY 0 OPTYPE select PRAGMA {} RTLNAME last_69_fu_7081_p3 SOURCE mmult.cpp:159 VARIABLE last_69 LOOP systolic1 BUNDLEDNAME {} DSP 0 BRAM 0 URAM 0 STORAGESUBTYPE {} DISPNAME {bind_op select} VISIBLE false} {BINDTYPE op ID {} IMPL auto LATENCY 1 OPTYPE mul PRAGMA {} RTLNAME mul_32s_32s_32_2_1_U106 SOURCE mmult.cpp:165 VARIABLE mul_ln165_69 LOOP systolic1 BUNDLEDNAME {} DSP 3 BRAM 0 URAM 0 STORAGESUBTYPE {} DISPNAME {bind_op mul} VISIBLE true} {BINDTYPE op ID {} IMPL fabric LATENCY 0 OPTYPE add PRAGMA {} RTLNAME result_69_fu_7088_p2 SOURCE mmult.cpp:165 VARIABLE result_69 LOOP systolic1 BUNDLEDNAME {} DSP 0 BRAM 0 URAM 0 STORAGESUBTYPE {} DISPNAME {bind_op add} VISIBLE true} {BINDTYPE op ID {} IMPL auto_sel LATENCY 0 OPTYPE select PRAGMA {} RTLNAME last_70_fu_7093_p3 SOURCE mmult.cpp:159 VARIABLE last_70 LOOP systolic1 BUNDLEDNAME {} DSP 0 BRAM 0 URAM 0 STORAGESUBTYPE {} DISPNAME {bind_op select} VISIBLE false} {BINDTYPE op ID {} IMPL auto LATENCY 1 OPTYPE mul PRAGMA {} RTLNAME mul_32s_32s_32_2_1_U107 SOURCE mmult.cpp:165 VARIABLE mul_ln165_70 LOOP systolic1 BUNDLEDNAME {} DSP 3 BRAM 0 URAM 0 STORAGESUBTYPE {} DISPNAME {bind_op mul} VISIBLE true} {BINDTYPE op ID {} IMPL fabric LATENCY 0 OPTYPE add PRAGMA {} RTLNAME result_70_fu_7100_p2 SOURCE mmult.cpp:165 VARIABLE result_70 LOOP systolic1 BUNDLEDNAME {} DSP 0 BRAM 0 URAM 0 STORAGESUBTYPE {} DISPNAME {bind_op add} VISIBLE true} {BINDTYPE op ID {} IMPL auto_sel LATENCY 0 OPTYPE select PRAGMA {} RTLNAME last_71_fu_7105_p3 SOURCE mmult.cpp:159 VARIABLE last_71 LOOP systolic1 BUNDLEDNAME {} DSP 0 BRAM 0 URAM 0 STORAGESUBTYPE {} DISPNAME {bind_op select} VISIBLE false} {BINDTYPE op ID {} IMPL auto LATENCY 1 OPTYPE mul PRAGMA {} RTLNAME mul_32s_32s_32_2_1_U108 SOURCE mmult.cpp:165 VARIABLE mul_ln165_71 LOOP systolic1 BUNDLEDNAME {} DSP 3 BRAM 0 URAM 0 STORAGESUBTYPE {} DISPNAME {bind_op mul} VISIBLE true} {BINDTYPE op ID {} IMPL fabric LATENCY 0 OPTYPE add PRAGMA {} RTLNAME result_71_fu_7112_p2 SOURCE mmult.cpp:165 VARIABLE result_71 LOOP systolic1 BUNDLEDNAME {} DSP 0 BRAM 0 URAM 0 STORAGESUBTYPE {} DISPNAME {bind_op add} VISIBLE true} {BINDTYPE op ID {} IMPL auto_sel LATENCY 0 OPTYPE select PRAGMA {} RTLNAME last_72_fu_7117_p3 SOURCE mmult.cpp:159 VARIABLE last_72 LOOP systolic1 BUNDLEDNAME {} DSP 0 BRAM 0 URAM 0 STORAGESUBTYPE {} DISPNAME {bind_op select} VISIBLE false} {BINDTYPE op ID {} IMPL auto LATENCY 1 OPTYPE mul PRAGMA {} RTLNAME mul_32s_32s_32_2_1_U109 SOURCE mmult.cpp:165 VARIABLE mul_ln165_72 LOOP systolic1 BUNDLEDNAME {} DSP 3 BRAM 0 URAM 0 STORAGESUBTYPE {} DISPNAME {bind_op mul} VISIBLE true} {BINDTYPE op ID {} IMPL fabric LATENCY 0 OPTYPE add PRAGMA {} RTLNAME result_72_fu_7124_p2 SOURCE mmult.cpp:165 VARIABLE result_72 LOOP systolic1 BUNDLEDNAME {} DSP 0 BRAM 0 URAM 0 STORAGESUBTYPE {} DISPNAME {bind_op add} VISIBLE true} {BINDTYPE op ID {} IMPL auto_sel LATENCY 0 OPTYPE select PRAGMA {} RTLNAME last_73_fu_7129_p3 SOURCE mmult.cpp:159 VARIABLE last_73 LOOP systolic1 BUNDLEDNAME {} DSP 0 BRAM 0 URAM 0 STORAGESUBTYPE {} DISPNAME {bind_op select} VISIBLE false} {BINDTYPE op ID {} IMPL auto LATENCY 1 OPTYPE mul PRAGMA {} RTLNAME mul_32s_32s_32_2_1_U110 SOURCE mmult.cpp:165 VARIABLE mul_ln165_73 LOOP systolic1 BUNDLEDNAME {} DSP 3 BRAM 0 URAM 0 STORAGESUBTYPE {} DISPNAME {bind_op mul} VISIBLE true} {BINDTYPE op ID {} IMPL fabric LATENCY 0 OPTYPE add PRAGMA {} RTLNAME result_73_fu_7136_p2 SOURCE mmult.cpp:165 VARIABLE result_73 LOOP systolic1 BUNDLEDNAME {} DSP 0 BRAM 0 URAM 0 STORAGESUBTYPE {} DISPNAME {bind_op add} VISIBLE true} {BINDTYPE op ID {} IMPL auto_sel LATENCY 0 OPTYPE select PRAGMA {} RTLNAME last_74_fu_7141_p3 SOURCE mmult.cpp:159 VARIABLE last_74 LOOP systolic1 BUNDLEDNAME {} DSP 0 BRAM 0 URAM 0 STORAGESUBTYPE {} DISPNAME {bind_op select} VISIBLE false} {BINDTYPE op ID {} IMPL auto LATENCY 1 OPTYPE mul PRAGMA {} RTLNAME mul_32s_32s_32_2_1_U111 SOURCE mmult.cpp:165 VARIABLE mul_ln165_74 LOOP systolic1 BUNDLEDNAME {} DSP 3 BRAM 0 URAM 0 STORAGESUBTYPE {} DISPNAME {bind_op mul} VISIBLE true} {BINDTYPE op ID {} IMPL fabric LATENCY 0 OPTYPE add PRAGMA {} RTLNAME result_74_fu_7148_p2 SOURCE mmult.cpp:165 VARIABLE result_74 LOOP systolic1 BUNDLEDNAME {} DSP 0 BRAM 0 URAM 0 STORAGESUBTYPE {} DISPNAME {bind_op add} VISIBLE true} {BINDTYPE op ID {} IMPL auto_sel LATENCY 0 OPTYPE select PRAGMA {} RTLNAME last_75_fu_7153_p3 SOURCE mmult.cpp:159 VARIABLE last_75 LOOP systolic1 BUNDLEDNAME {} DSP 0 BRAM 0 URAM 0 STORAGESUBTYPE {} DISPNAME {bind_op select} VISIBLE false} {BINDTYPE op ID {} IMPL auto LATENCY 1 OPTYPE mul PRAGMA {} RTLNAME mul_32s_32s_32_2_1_U112 SOURCE mmult.cpp:165 VARIABLE mul_ln165_75 LOOP systolic1 BUNDLEDNAME {} DSP 3 BRAM 0 URAM 0 STORAGESUBTYPE {} DISPNAME {bind_op mul} VISIBLE true} {BINDTYPE op ID {} IMPL fabric LATENCY 0 OPTYPE add PRAGMA {} RTLNAME result_75_fu_7160_p2 SOURCE mmult.cpp:165 VARIABLE result_75 LOOP systolic1 BUNDLEDNAME {} DSP 0 BRAM 0 URAM 0 STORAGESUBTYPE {} DISPNAME {bind_op add} VISIBLE true} {BINDTYPE op ID {} IMPL auto_sel LATENCY 0 OPTYPE select PRAGMA {} RTLNAME last_76_fu_7165_p3 SOURCE mmult.cpp:159 VARIABLE last_76 LOOP systolic1 BUNDLEDNAME {} DSP 0 BRAM 0 URAM 0 STORAGESUBTYPE {} DISPNAME {bind_op select} VISIBLE false} {BINDTYPE op ID {} IMPL auto LATENCY 1 OPTYPE mul PRAGMA {} RTLNAME mul_32s_32s_32_2_1_U113 SOURCE mmult.cpp:165 VARIABLE mul_ln165_76 LOOP systolic1 BUNDLEDNAME {} DSP 3 BRAM 0 URAM 0 STORAGESUBTYPE {} DISPNAME {bind_op mul} VISIBLE true} {BINDTYPE op ID {} IMPL fabric LATENCY 0 OPTYPE add PRAGMA {} RTLNAME result_76_fu_7172_p2 SOURCE mmult.cpp:165 VARIABLE result_76 LOOP systolic1 BUNDLEDNAME {} DSP 0 BRAM 0 URAM 0 STORAGESUBTYPE {} DISPNAME {bind_op add} VISIBLE true} {BINDTYPE op ID {} IMPL auto_sel LATENCY 0 OPTYPE select PRAGMA {} RTLNAME last_77_fu_7177_p3 SOURCE mmult.cpp:159 VARIABLE last_77 LOOP systolic1 BUNDLEDNAME {} DSP 0 BRAM 0 URAM 0 STORAGESUBTYPE {} DISPNAME {bind_op select} VISIBLE false} {BINDTYPE op ID {} IMPL auto LATENCY 1 OPTYPE mul PRAGMA {} RTLNAME mul_32s_32s_32_2_1_U114 SOURCE mmult.cpp:165 VARIABLE mul_ln165_77 LOOP systolic1 BUNDLEDNAME {} DSP 3 BRAM 0 URAM 0 STORAGESUBTYPE {} DISPNAME {bind_op mul} VISIBLE true} {BINDTYPE op ID {} IMPL fabric LATENCY 0 OPTYPE add PRAGMA {} RTLNAME result_77_fu_7184_p2 SOURCE mmult.cpp:165 VARIABLE result_77 LOOP systolic1 BUNDLEDNAME {} DSP 0 BRAM 0 URAM 0 STORAGESUBTYPE {} DISPNAME {bind_op add} VISIBLE true} {BINDTYPE op ID {} IMPL auto_sel LATENCY 0 OPTYPE select PRAGMA {} RTLNAME last_78_fu_7189_p3 SOURCE mmult.cpp:159 VARIABLE last_78 LOOP systolic1 BUNDLEDNAME {} DSP 0 BRAM 0 URAM 0 STORAGESUBTYPE {} DISPNAME {bind_op select} VISIBLE false} {BINDTYPE op ID {} IMPL auto LATENCY 1 OPTYPE mul PRAGMA {} RTLNAME mul_32s_32s_32_2_1_U115 SOURCE mmult.cpp:165 VARIABLE mul_ln165_78 LOOP systolic1 BUNDLEDNAME {} DSP 3 BRAM 0 URAM 0 STORAGESUBTYPE {} DISPNAME {bind_op mul} VISIBLE true} {BINDTYPE op ID {} IMPL fabric LATENCY 0 OPTYPE add PRAGMA {} RTLNAME result_78_fu_7196_p2 SOURCE mmult.cpp:165 VARIABLE result_78 LOOP systolic1 BUNDLEDNAME {} DSP 0 BRAM 0 URAM 0 STORAGESUBTYPE {} DISPNAME {bind_op add} VISIBLE true} {BINDTYPE op ID {} IMPL auto_sel LATENCY 0 OPTYPE select PRAGMA {} RTLNAME last_79_fu_7201_p3 SOURCE mmult.cpp:159 VARIABLE last_79 LOOP systolic1 BUNDLEDNAME {} DSP 0 BRAM 0 URAM 0 STORAGESUBTYPE {} DISPNAME {bind_op select} VISIBLE false} {BINDTYPE op ID {} IMPL auto LATENCY 1 OPTYPE mul PRAGMA {} RTLNAME mul_32s_32s_32_2_1_U116 SOURCE mmult.cpp:165 VARIABLE mul_ln165_79 LOOP systolic1 BUNDLEDNAME {} DSP 3 BRAM 0 URAM 0 STORAGESUBTYPE {} DISPNAME {bind_op mul} VISIBLE true} {BINDTYPE op ID {} IMPL fabric LATENCY 0 OPTYPE add PRAGMA {} RTLNAME result_79_fu_7208_p2 SOURCE mmult.cpp:165 VARIABLE result_79 LOOP systolic1 BUNDLEDNAME {} DSP 0 BRAM 0 URAM 0 STORAGESUBTYPE {} DISPNAME {bind_op add} VISIBLE true} {BINDTYPE op ID {} IMPL auto_sel LATENCY 0 OPTYPE select PRAGMA {} RTLNAME last_80_fu_7213_p3 SOURCE mmult.cpp:159 VARIABLE last_80 LOOP systolic1 BUNDLEDNAME {} DSP 0 BRAM 0 URAM 0 STORAGESUBTYPE {} DISPNAME {bind_op select} VISIBLE false} {BINDTYPE op ID {} IMPL auto_sel LATENCY 0 OPTYPE select PRAGMA {} RTLNAME a_val_5_fu_5408_p3 SOURCE mmult.cpp:163 VARIABLE a_val_5 LOOP systolic1 BUNDLEDNAME {} DSP 0 BRAM 0 URAM 0 STORAGESUBTYPE {} DISPNAME {bind_op select} VISIBLE false} {BINDTYPE op ID {} IMPL auto LATENCY 1 OPTYPE mul PRAGMA {} RTLNAME mul_32s_32s_32_2_1_U117 SOURCE mmult.cpp:165 VARIABLE mul_ln165_80 LOOP systolic1 BUNDLEDNAME {} DSP 3 BRAM 0 URAM 0 STORAGESUBTYPE {} DISPNAME {bind_op mul} VISIBLE true} {BINDTYPE op ID {} IMPL fabric LATENCY 0 OPTYPE add PRAGMA {} RTLNAME result_80_fu_7220_p2 SOURCE mmult.cpp:165 VARIABLE result_80 LOOP systolic1 BUNDLEDNAME {} DSP 0 BRAM 0 URAM 0 STORAGESUBTYPE {} DISPNAME {bind_op add} VISIBLE true} {BINDTYPE op ID {} IMPL auto_sel LATENCY 0 OPTYPE select PRAGMA {} RTLNAME last_81_fu_7225_p3 SOURCE mmult.cpp:159 VARIABLE last_81 LOOP systolic1 BUNDLEDNAME {} DSP 0 BRAM 0 URAM 0 STORAGESUBTYPE {} DISPNAME {bind_op select} VISIBLE false} {BINDTYPE op ID {} IMPL auto LATENCY 1 OPTYPE mul PRAGMA {} RTLNAME mul_32s_32s_32_2_1_U118 SOURCE mmult.cpp:165 VARIABLE mul_ln165_81 LOOP systolic1 BUNDLEDNAME {} DSP 3 BRAM 0 URAM 0 STORAGESUBTYPE {} DISPNAME {bind_op mul} VISIBLE true} {BINDTYPE op ID {} IMPL fabric LATENCY 0 OPTYPE add PRAGMA {} RTLNAME result_81_fu_7232_p2 SOURCE mmult.cpp:165 VARIABLE result_81 LOOP systolic1 BUNDLEDNAME {} DSP 0 BRAM 0 URAM 0 STORAGESUBTYPE {} DISPNAME {bind_op add} VISIBLE true} {BINDTYPE op ID {} IMPL auto_sel LATENCY 0 OPTYPE select PRAGMA {} RTLNAME last_82_fu_7237_p3 SOURCE mmult.cpp:159 VARIABLE last_82 LOOP systolic1 BUNDLEDNAME {} DSP 0 BRAM 0 URAM 0 STORAGESUBTYPE {} DISPNAME {bind_op select} VISIBLE false} {BINDTYPE op ID {} IMPL auto LATENCY 1 OPTYPE mul PRAGMA {} RTLNAME mul_32s_32s_32_2_1_U119 SOURCE mmult.cpp:165 VARIABLE mul_ln165_82 LOOP systolic1 BUNDLEDNAME {} DSP 3 BRAM 0 URAM 0 STORAGESUBTYPE {} DISPNAME {bind_op mul} VISIBLE true} {BINDTYPE op ID {} IMPL fabric LATENCY 0 OPTYPE add PRAGMA {} RTLNAME result_82_fu_7244_p2 SOURCE mmult.cpp:165 VARIABLE result_82 LOOP systolic1 BUNDLEDNAME {} DSP 0 BRAM 0 URAM 0 STORAGESUBTYPE {} DISPNAME {bind_op add} VISIBLE true} {BINDTYPE op ID {} IMPL auto_sel LATENCY 0 OPTYPE select PRAGMA {} RTLNAME last_83_fu_7249_p3 SOURCE mmult.cpp:159 VARIABLE last_83 LOOP systolic1 BUNDLEDNAME {} DSP 0 BRAM 0 URAM 0 STORAGESUBTYPE {} DISPNAME {bind_op select} VISIBLE false} {BINDTYPE op ID {} IMPL auto LATENCY 1 OPTYPE mul PRAGMA {} RTLNAME mul_32s_32s_32_2_1_U120 SOURCE mmult.cpp:165 VARIABLE mul_ln165_83 LOOP systolic1 BUNDLEDNAME {} DSP 3 BRAM 0 URAM 0 STORAGESUBTYPE {} DISPNAME {bind_op mul} VISIBLE true} {BINDTYPE op ID {} IMPL fabric LATENCY 0 OPTYPE add PRAGMA {} RTLNAME result_83_fu_7256_p2 SOURCE mmult.cpp:165 VARIABLE result_83 LOOP systolic1 BUNDLEDNAME {} DSP 0 BRAM 0 URAM 0 STORAGESUBTYPE {} DISPNAME {bind_op add} VISIBLE true} {BINDTYPE op ID {} IMPL auto_sel LATENCY 0 OPTYPE select PRAGMA {} RTLNAME last_84_fu_7261_p3 SOURCE mmult.cpp:159 VARIABLE last_84 LOOP systolic1 BUNDLEDNAME {} DSP 0 BRAM 0 URAM 0 STORAGESUBTYPE {} DISPNAME {bind_op select} VISIBLE false} {BINDTYPE op ID {} IMPL auto LATENCY 1 OPTYPE mul PRAGMA {} RTLNAME mul_32s_32s_32_2_1_U121 SOURCE mmult.cpp:165 VARIABLE mul_ln165_84 LOOP systolic1 BUNDLEDNAME {} DSP 3 BRAM 0 URAM 0 STORAGESUBTYPE {} DISPNAME {bind_op mul} VISIBLE true} {BINDTYPE op ID {} IMPL fabric LATENCY 0 OPTYPE add PRAGMA {} RTLNAME result_84_fu_7268_p2 SOURCE mmult.cpp:165 VARIABLE result_84 LOOP systolic1 BUNDLEDNAME {} DSP 0 BRAM 0 URAM 0 STORAGESUBTYPE {} DISPNAME {bind_op add} VISIBLE true} {BINDTYPE op ID {} IMPL auto_sel LATENCY 0 OPTYPE select PRAGMA {} RTLNAME last_85_fu_7273_p3 SOURCE mmult.cpp:159 VARIABLE last_85 LOOP systolic1 BUNDLEDNAME {} DSP 0 BRAM 0 URAM 0 STORAGESUBTYPE {} DISPNAME {bind_op select} VISIBLE false} {BINDTYPE op ID {} IMPL auto LATENCY 1 OPTYPE mul PRAGMA {} RTLNAME mul_32s_32s_32_2_1_U122 SOURCE mmult.cpp:165 VARIABLE mul_ln165_85 LOOP systolic1 BUNDLEDNAME {} DSP 3 BRAM 0 URAM 0 STORAGESUBTYPE {} DISPNAME {bind_op mul} VISIBLE true} {BINDTYPE op ID {} IMPL fabric LATENCY 0 OPTYPE add PRAGMA {} RTLNAME result_85_fu_7280_p2 SOURCE mmult.cpp:165 VARIABLE result_85 LOOP systolic1 BUNDLEDNAME {} DSP 0 BRAM 0 URAM 0 STORAGESUBTYPE {} DISPNAME {bind_op add} VISIBLE true} {BINDTYPE op ID {} IMPL auto_sel LATENCY 0 OPTYPE select PRAGMA {} RTLNAME last_86_fu_7285_p3 SOURCE mmult.cpp:159 VARIABLE last_86 LOOP systolic1 BUNDLEDNAME {} DSP 0 BRAM 0 URAM 0 STORAGESUBTYPE {} DISPNAME {bind_op select} VISIBLE false} {BINDTYPE op ID {} IMPL auto LATENCY 1 OPTYPE mul PRAGMA {} RTLNAME mul_32s_32s_32_2_1_U123 SOURCE mmult.cpp:165 VARIABLE mul_ln165_86 LOOP systolic1 BUNDLEDNAME {} DSP 3 BRAM 0 URAM 0 STORAGESUBTYPE {} DISPNAME {bind_op mul} VISIBLE true} {BINDTYPE op ID {} IMPL fabric LATENCY 0 OPTYPE add PRAGMA {} RTLNAME result_86_fu_7292_p2 SOURCE mmult.cpp:165 VARIABLE result_86 LOOP systolic1 BUNDLEDNAME {} DSP 0 BRAM 0 URAM 0 STORAGESUBTYPE {} DISPNAME {bind_op add} VISIBLE true} {BINDTYPE op ID {} IMPL auto_sel LATENCY 0 OPTYPE select PRAGMA {} RTLNAME last_87_fu_7297_p3 SOURCE mmult.cpp:159 VARIABLE last_87 LOOP systolic1 BUNDLEDNAME {} DSP 0 BRAM 0 URAM 0 STORAGESUBTYPE {} DISPNAME {bind_op select} VISIBLE false} {BINDTYPE op ID {} IMPL auto LATENCY 1 OPTYPE mul PRAGMA {} RTLNAME mul_32s_32s_32_2_1_U124 SOURCE mmult.cpp:165 VARIABLE mul_ln165_87 LOOP systolic1 BUNDLEDNAME {} DSP 3 BRAM 0 URAM 0 STORAGESUBTYPE {} DISPNAME {bind_op mul} VISIBLE true} {BINDTYPE op ID {} IMPL fabric LATENCY 0 OPTYPE add PRAGMA {} RTLNAME result_87_fu_7304_p2 SOURCE mmult.cpp:165 VARIABLE result_87 LOOP systolic1 BUNDLEDNAME {} DSP 0 BRAM 0 URAM 0 STORAGESUBTYPE {} DISPNAME {bind_op add} VISIBLE true} {BINDTYPE op ID {} IMPL auto_sel LATENCY 0 OPTYPE select PRAGMA {} RTLNAME last_88_fu_7309_p3 SOURCE mmult.cpp:159 VARIABLE last_88 LOOP systolic1 BUNDLEDNAME {} DSP 0 BRAM 0 URAM 0 STORAGESUBTYPE {} DISPNAME {bind_op select} VISIBLE false} {BINDTYPE op ID {} IMPL auto LATENCY 1 OPTYPE mul PRAGMA {} RTLNAME mul_32s_32s_32_2_1_U125 SOURCE mmult.cpp:165 VARIABLE mul_ln165_88 LOOP systolic1 BUNDLEDNAME {} DSP 3 BRAM 0 URAM 0 STORAGESUBTYPE {} DISPNAME {bind_op mul} VISIBLE true} {BINDTYPE op ID {} IMPL fabric LATENCY 0 OPTYPE add PRAGMA {} RTLNAME result_88_fu_7316_p2 SOURCE mmult.cpp:165 VARIABLE result_88 LOOP systolic1 BUNDLEDNAME {} DSP 0 BRAM 0 URAM 0 STORAGESUBTYPE {} DISPNAME {bind_op add} VISIBLE true} {BINDTYPE op ID {} IMPL auto_sel LATENCY 0 OPTYPE select PRAGMA {} RTLNAME last_89_fu_7321_p3 SOURCE mmult.cpp:159 VARIABLE last_89 LOOP systolic1 BUNDLEDNAME {} DSP 0 BRAM 0 URAM 0 STORAGESUBTYPE {} DISPNAME {bind_op select} VISIBLE false} {BINDTYPE op ID {} IMPL auto LATENCY 1 OPTYPE mul PRAGMA {} RTLNAME mul_32s_32s_32_2_1_U126 SOURCE mmult.cpp:165 VARIABLE mul_ln165_89 LOOP systolic1 BUNDLEDNAME {} DSP 3 BRAM 0 URAM 0 STORAGESUBTYPE {} DISPNAME {bind_op mul} VISIBLE true} {BINDTYPE op ID {} IMPL fabric LATENCY 0 OPTYPE add PRAGMA {} RTLNAME result_89_fu_7328_p2 SOURCE mmult.cpp:165 VARIABLE result_89 LOOP systolic1 BUNDLEDNAME {} DSP 0 BRAM 0 URAM 0 STORAGESUBTYPE {} DISPNAME {bind_op add} VISIBLE true} {BINDTYPE op ID {} IMPL auto_sel LATENCY 0 OPTYPE select PRAGMA {} RTLNAME last_90_fu_7333_p3 SOURCE mmult.cpp:159 VARIABLE last_90 LOOP systolic1 BUNDLEDNAME {} DSP 0 BRAM 0 URAM 0 STORAGESUBTYPE {} DISPNAME {bind_op select} VISIBLE false} {BINDTYPE op ID {} IMPL auto LATENCY 1 OPTYPE mul PRAGMA {} RTLNAME mul_32s_32s_32_2_1_U127 SOURCE mmult.cpp:165 VARIABLE mul_ln165_90 LOOP systolic1 BUNDLEDNAME {} DSP 3 BRAM 0 URAM 0 STORAGESUBTYPE {} DISPNAME {bind_op mul} VISIBLE true} {BINDTYPE op ID {} IMPL fabric LATENCY 0 OPTYPE add PRAGMA {} RTLNAME result_90_fu_7340_p2 SOURCE mmult.cpp:165 VARIABLE result_90 LOOP systolic1 BUNDLEDNAME {} DSP 0 BRAM 0 URAM 0 STORAGESUBTYPE {} DISPNAME {bind_op add} VISIBLE true} {BINDTYPE op ID {} IMPL auto_sel LATENCY 0 OPTYPE select PRAGMA {} RTLNAME last_91_fu_7345_p3 SOURCE mmult.cpp:159 VARIABLE last_91 LOOP systolic1 BUNDLEDNAME {} DSP 0 BRAM 0 URAM 0 STORAGESUBTYPE {} DISPNAME {bind_op select} VISIBLE false} {BINDTYPE op ID {} IMPL auto LATENCY 1 OPTYPE mul PRAGMA {} RTLNAME mul_32s_32s_32_2_1_U128 SOURCE mmult.cpp:165 VARIABLE mul_ln165_91 LOOP systolic1 BUNDLEDNAME {} DSP 3 BRAM 0 URAM 0 STORAGESUBTYPE {} DISPNAME {bind_op mul} VISIBLE true} {BINDTYPE op ID {} IMPL fabric LATENCY 0 OPTYPE add PRAGMA {} RTLNAME result_91_fu_7352_p2 SOURCE mmult.cpp:165 VARIABLE result_91 LOOP systolic1 BUNDLEDNAME {} DSP 0 BRAM 0 URAM 0 STORAGESUBTYPE {} DISPNAME {bind_op add} VISIBLE true} {BINDTYPE op ID {} IMPL auto_sel LATENCY 0 OPTYPE select PRAGMA {} RTLNAME last_92_fu_7357_p3 SOURCE mmult.cpp:159 VARIABLE last_92 LOOP systolic1 BUNDLEDNAME {} DSP 0 BRAM 0 URAM 0 STORAGESUBTYPE {} DISPNAME {bind_op select} VISIBLE false} {BINDTYPE op ID {} IMPL auto LATENCY 1 OPTYPE mul PRAGMA {} RTLNAME mul_32s_32s_32_2_1_U129 SOURCE mmult.cpp:165 VARIABLE mul_ln165_92 LOOP systolic1 BUNDLEDNAME {} DSP 3 BRAM 0 URAM 0 STORAGESUBTYPE {} DISPNAME {bind_op mul} VISIBLE true} {BINDTYPE op ID {} IMPL fabric LATENCY 0 OPTYPE add PRAGMA {} RTLNAME result_92_fu_7364_p2 SOURCE mmult.cpp:165 VARIABLE result_92 LOOP systolic1 BUNDLEDNAME {} DSP 0 BRAM 0 URAM 0 STORAGESUBTYPE {} DISPNAME {bind_op add} VISIBLE true} {BINDTYPE op ID {} IMPL auto_sel LATENCY 0 OPTYPE select PRAGMA {} RTLNAME last_93_fu_7369_p3 SOURCE mmult.cpp:159 VARIABLE last_93 LOOP systolic1 BUNDLEDNAME {} DSP 0 BRAM 0 URAM 0 STORAGESUBTYPE {} DISPNAME {bind_op select} VISIBLE false} {BINDTYPE op ID {} IMPL auto LATENCY 1 OPTYPE mul PRAGMA {} RTLNAME mul_32s_32s_32_2_1_U130 SOURCE mmult.cpp:165 VARIABLE mul_ln165_93 LOOP systolic1 BUNDLEDNAME {} DSP 3 BRAM 0 URAM 0 STORAGESUBTYPE {} DISPNAME {bind_op mul} VISIBLE true} {BINDTYPE op ID {} IMPL fabric LATENCY 0 OPTYPE add PRAGMA {} RTLNAME result_93_fu_7376_p2 SOURCE mmult.cpp:165 VARIABLE result_93 LOOP systolic1 BUNDLEDNAME {} DSP 0 BRAM 0 URAM 0 STORAGESUBTYPE {} DISPNAME {bind_op add} VISIBLE true} {BINDTYPE op ID {} IMPL auto_sel LATENCY 0 OPTYPE select PRAGMA {} RTLNAME last_94_fu_7381_p3 SOURCE mmult.cpp:159 VARIABLE last_94 LOOP systolic1 BUNDLEDNAME {} DSP 0 BRAM 0 URAM 0 STORAGESUBTYPE {} DISPNAME {bind_op select} VISIBLE false} {BINDTYPE op ID {} IMPL auto LATENCY 1 OPTYPE mul PRAGMA {} RTLNAME mul_32s_32s_32_2_1_U131 SOURCE mmult.cpp:165 VARIABLE mul_ln165_94 LOOP systolic1 BUNDLEDNAME {} DSP 3 BRAM 0 URAM 0 STORAGESUBTYPE {} DISPNAME {bind_op mul} VISIBLE true} {BINDTYPE op ID {} IMPL fabric LATENCY 0 OPTYPE add PRAGMA {} RTLNAME result_94_fu_7388_p2 SOURCE mmult.cpp:165 VARIABLE result_94 LOOP systolic1 BUNDLEDNAME {} DSP 0 BRAM 0 URAM 0 STORAGESUBTYPE {} DISPNAME {bind_op add} VISIBLE true} {BINDTYPE op ID {} IMPL auto_sel LATENCY 0 OPTYPE select PRAGMA {} RTLNAME last_95_fu_7393_p3 SOURCE mmult.cpp:159 VARIABLE last_95 LOOP systolic1 BUNDLEDNAME {} DSP 0 BRAM 0 URAM 0 STORAGESUBTYPE {} DISPNAME {bind_op select} VISIBLE false} {BINDTYPE op ID {} IMPL auto LATENCY 1 OPTYPE mul PRAGMA {} RTLNAME mul_32s_32s_32_2_1_U132 SOURCE mmult.cpp:165 VARIABLE mul_ln165_95 LOOP systolic1 BUNDLEDNAME {} DSP 3 BRAM 0 URAM 0 STORAGESUBTYPE {} DISPNAME {bind_op mul} VISIBLE true} {BINDTYPE op ID {} IMPL fabric LATENCY 0 OPTYPE add PRAGMA {} RTLNAME result_95_fu_7400_p2 SOURCE mmult.cpp:165 VARIABLE result_95 LOOP systolic1 BUNDLEDNAME {} DSP 0 BRAM 0 URAM 0 STORAGESUBTYPE {} DISPNAME {bind_op add} VISIBLE true} {BINDTYPE op ID {} IMPL auto_sel LATENCY 0 OPTYPE select PRAGMA {} RTLNAME last_96_fu_7405_p3 SOURCE mmult.cpp:159 VARIABLE last_96 LOOP systolic1 BUNDLEDNAME {} DSP 0 BRAM 0 URAM 0 STORAGESUBTYPE {} DISPNAME {bind_op select} VISIBLE false} {BINDTYPE op ID {} IMPL auto_sel LATENCY 0 OPTYPE select PRAGMA {} RTLNAME a_val_6_fu_5415_p3 SOURCE mmult.cpp:163 VARIABLE a_val_6 LOOP systolic1 BUNDLEDNAME {} DSP 0 BRAM 0 URAM 0 STORAGESUBTYPE {} DISPNAME {bind_op select} VISIBLE false} {BINDTYPE op ID {} IMPL auto LATENCY 1 OPTYPE mul PRAGMA {} RTLNAME mul_32s_32s_32_2_1_U133 SOURCE mmult.cpp:165 VARIABLE mul_ln165_96 LOOP systolic1 BUNDLEDNAME {} DSP 3 BRAM 0 URAM 0 STORAGESUBTYPE {} DISPNAME {bind_op mul} VISIBLE true} {BINDTYPE op ID {} IMPL fabric LATENCY 0 OPTYPE add PRAGMA {} RTLNAME result_96_fu_7412_p2 SOURCE mmult.cpp:165 VARIABLE result_96 LOOP systolic1 BUNDLEDNAME {} DSP 0 BRAM 0 URAM 0 STORAGESUBTYPE {} DISPNAME {bind_op add} VISIBLE true} {BINDTYPE op ID {} IMPL auto_sel LATENCY 0 OPTYPE select PRAGMA {} RTLNAME last_97_fu_7417_p3 SOURCE mmult.cpp:159 VARIABLE last_97 LOOP systolic1 BUNDLEDNAME {} DSP 0 BRAM 0 URAM 0 STORAGESUBTYPE {} DISPNAME {bind_op select} VISIBLE false} {BINDTYPE op ID {} IMPL auto LATENCY 1 OPTYPE mul PRAGMA {} RTLNAME mul_32s_32s_32_2_1_U134 SOURCE mmult.cpp:165 VARIABLE mul_ln165_97 LOOP systolic1 BUNDLEDNAME {} DSP 3 BRAM 0 URAM 0 STORAGESUBTYPE {} DISPNAME {bind_op mul} VISIBLE true} {BINDTYPE op ID {} IMPL fabric LATENCY 0 OPTYPE add PRAGMA {} RTLNAME result_97_fu_7424_p2 SOURCE mmult.cpp:165 VARIABLE result_97 LOOP systolic1 BUNDLEDNAME {} DSP 0 BRAM 0 URAM 0 STORAGESUBTYPE {} DISPNAME {bind_op add} VISIBLE true} {BINDTYPE op ID {} IMPL auto_sel LATENCY 0 OPTYPE select PRAGMA {} RTLNAME last_98_fu_7429_p3 SOURCE mmult.cpp:159 VARIABLE last_98 LOOP systolic1 BUNDLEDNAME {} DSP 0 BRAM 0 URAM 0 STORAGESUBTYPE {} DISPNAME {bind_op select} VISIBLE false} {BINDTYPE op ID {} IMPL auto LATENCY 1 OPTYPE mul PRAGMA {} RTLNAME mul_32s_32s_32_2_1_U135 SOURCE mmult.cpp:165 VARIABLE mul_ln165_98 LOOP systolic1 BUNDLEDNAME {} DSP 3 BRAM 0 URAM 0 STORAGESUBTYPE {} DISPNAME {bind_op mul} VISIBLE true} {BINDTYPE op ID {} IMPL fabric LATENCY 0 OPTYPE add PRAGMA {} RTLNAME result_98_fu_7436_p2 SOURCE mmult.cpp:165 VARIABLE result_98 LOOP systolic1 BUNDLEDNAME {} DSP 0 BRAM 0 URAM 0 STORAGESUBTYPE {} DISPNAME {bind_op add} VISIBLE true} {BINDTYPE op ID {} IMPL auto_sel LATENCY 0 OPTYPE select PRAGMA {} RTLNAME last_99_fu_7441_p3 SOURCE mmult.cpp:159 VARIABLE last_99 LOOP systolic1 BUNDLEDNAME {} DSP 0 BRAM 0 URAM 0 STORAGESUBTYPE {} DISPNAME {bind_op select} VISIBLE false} {BINDTYPE op ID {} IMPL auto LATENCY 1 OPTYPE mul PRAGMA {} RTLNAME mul_32s_32s_32_2_1_U136 SOURCE mmult.cpp:165 VARIABLE mul_ln165_99 LOOP systolic1 BUNDLEDNAME {} DSP 3 BRAM 0 URAM 0 STORAGESUBTYPE {} DISPNAME {bind_op mul} VISIBLE true} {BINDTYPE op ID {} IMPL fabric LATENCY 0 OPTYPE add PRAGMA {} RTLNAME result_99_fu_7448_p2 SOURCE mmult.cpp:165 VARIABLE result_99 LOOP systolic1 BUNDLEDNAME {} DSP 0 BRAM 0 URAM 0 STORAGESUBTYPE {} DISPNAME {bind_op add} VISIBLE true} {BINDTYPE op ID {} IMPL auto_sel LATENCY 0 OPTYPE select PRAGMA {} RTLNAME last_100_fu_7453_p3 SOURCE mmult.cpp:159 VARIABLE last_100 LOOP systolic1 BUNDLEDNAME {} DSP 0 BRAM 0 URAM 0 STORAGESUBTYPE {} DISPNAME {bind_op select} VISIBLE false} {BINDTYPE op ID {} IMPL auto LATENCY 1 OPTYPE mul PRAGMA {} RTLNAME mul_32s_32s_32_2_1_U137 SOURCE mmult.cpp:165 VARIABLE mul_ln165_100 LOOP systolic1 BUNDLEDNAME {} DSP 3 BRAM 0 URAM 0 STORAGESUBTYPE {} DISPNAME {bind_op mul} VISIBLE true} {BINDTYPE op ID {} IMPL fabric LATENCY 0 OPTYPE add PRAGMA {} RTLNAME result_100_fu_7460_p2 SOURCE mmult.cpp:165 VARIABLE result_100 LOOP systolic1 BUNDLEDNAME {} DSP 0 BRAM 0 URAM 0 STORAGESUBTYPE {} DISPNAME {bind_op add} VISIBLE true} {BINDTYPE op ID {} IMPL auto_sel LATENCY 0 OPTYPE select PRAGMA {} RTLNAME last_101_fu_7465_p3 SOURCE mmult.cpp:159 VARIABLE last_101 LOOP systolic1 BUNDLEDNAME {} DSP 0 BRAM 0 URAM 0 STORAGESUBTYPE {} DISPNAME {bind_op select} VISIBLE false} {BINDTYPE op ID {} IMPL auto LATENCY 1 OPTYPE mul PRAGMA {} RTLNAME mul_32s_32s_32_2_1_U138 SOURCE mmult.cpp:165 VARIABLE mul_ln165_101 LOOP systolic1 BUNDLEDNAME {} DSP 3 BRAM 0 URAM 0 STORAGESUBTYPE {} DISPNAME {bind_op mul} VISIBLE true} {BINDTYPE op ID {} IMPL fabric LATENCY 0 OPTYPE add PRAGMA {} RTLNAME result_101_fu_7472_p2 SOURCE mmult.cpp:165 VARIABLE result_101 LOOP systolic1 BUNDLEDNAME {} DSP 0 BRAM 0 URAM 0 STORAGESUBTYPE {} DISPNAME {bind_op add} VISIBLE true} {BINDTYPE op ID {} IMPL auto_sel LATENCY 0 OPTYPE select PRAGMA {} RTLNAME last_102_fu_7477_p3 SOURCE mmult.cpp:159 VARIABLE last_102 LOOP systolic1 BUNDLEDNAME {} DSP 0 BRAM 0 URAM 0 STORAGESUBTYPE {} DISPNAME {bind_op select} VISIBLE false} {BINDTYPE op ID {} IMPL auto LATENCY 1 OPTYPE mul PRAGMA {} RTLNAME mul_32s_32s_32_2_1_U139 SOURCE mmult.cpp:165 VARIABLE mul_ln165_102 LOOP systolic1 BUNDLEDNAME {} DSP 3 BRAM 0 URAM 0 STORAGESUBTYPE {} DISPNAME {bind_op mul} VISIBLE true} {BINDTYPE op ID {} IMPL fabric LATENCY 0 OPTYPE add PRAGMA {} RTLNAME result_102_fu_7484_p2 SOURCE mmult.cpp:165 VARIABLE result_102 LOOP systolic1 BUNDLEDNAME {} DSP 0 BRAM 0 URAM 0 STORAGESUBTYPE {} DISPNAME {bind_op add} VISIBLE true} {BINDTYPE op ID {} IMPL auto_sel LATENCY 0 OPTYPE select PRAGMA {} RTLNAME last_103_fu_7489_p3 SOURCE mmult.cpp:159 VARIABLE last_103 LOOP systolic1 BUNDLEDNAME {} DSP 0 BRAM 0 URAM 0 STORAGESUBTYPE {} DISPNAME {bind_op select} VISIBLE false} {BINDTYPE op ID {} IMPL auto LATENCY 1 OPTYPE mul PRAGMA {} RTLNAME mul_32s_32s_32_2_1_U140 SOURCE mmult.cpp:165 VARIABLE mul_ln165_103 LOOP systolic1 BUNDLEDNAME {} DSP 3 BRAM 0 URAM 0 STORAGESUBTYPE {} DISPNAME {bind_op mul} VISIBLE true} {BINDTYPE op ID {} IMPL fabric LATENCY 0 OPTYPE add PRAGMA {} RTLNAME result_103_fu_7496_p2 SOURCE mmult.cpp:165 VARIABLE result_103 LOOP systolic1 BUNDLEDNAME {} DSP 0 BRAM 0 URAM 0 STORAGESUBTYPE {} DISPNAME {bind_op add} VISIBLE true} {BINDTYPE op ID {} IMPL auto_sel LATENCY 0 OPTYPE select PRAGMA {} RTLNAME last_104_fu_7501_p3 SOURCE mmult.cpp:159 VARIABLE last_104 LOOP systolic1 BUNDLEDNAME {} DSP 0 BRAM 0 URAM 0 STORAGESUBTYPE {} DISPNAME {bind_op select} VISIBLE false} {BINDTYPE op ID {} IMPL auto LATENCY 1 OPTYPE mul PRAGMA {} RTLNAME mul_32s_32s_32_2_1_U141 SOURCE mmult.cpp:165 VARIABLE mul_ln165_104 LOOP systolic1 BUNDLEDNAME {} DSP 3 BRAM 0 URAM 0 STORAGESUBTYPE {} DISPNAME {bind_op mul} VISIBLE true} {BINDTYPE op ID {} IMPL fabric LATENCY 0 OPTYPE add PRAGMA {} RTLNAME result_104_fu_7508_p2 SOURCE mmult.cpp:165 VARIABLE result_104 LOOP systolic1 BUNDLEDNAME {} DSP 0 BRAM 0 URAM 0 STORAGESUBTYPE {} DISPNAME {bind_op add} VISIBLE true} {BINDTYPE op ID {} IMPL auto_sel LATENCY 0 OPTYPE select PRAGMA {} RTLNAME last_105_fu_7513_p3 SOURCE mmult.cpp:159 VARIABLE last_105 LOOP systolic1 BUNDLEDNAME {} DSP 0 BRAM 0 URAM 0 STORAGESUBTYPE {} DISPNAME {bind_op select} VISIBLE false} {BINDTYPE op ID {} IMPL auto LATENCY 1 OPTYPE mul PRAGMA {} RTLNAME mul_32s_32s_32_2_1_U142 SOURCE mmult.cpp:165 VARIABLE mul_ln165_105 LOOP systolic1 BUNDLEDNAME {} DSP 3 BRAM 0 URAM 0 STORAGESUBTYPE {} DISPNAME {bind_op mul} VISIBLE true} {BINDTYPE op ID {} IMPL fabric LATENCY 0 OPTYPE add PRAGMA {} RTLNAME result_105_fu_7520_p2 SOURCE mmult.cpp:165 VARIABLE result_105 LOOP systolic1 BUNDLEDNAME {} DSP 0 BRAM 0 URAM 0 STORAGESUBTYPE {} DISPNAME {bind_op add} VISIBLE true} {BINDTYPE op ID {} IMPL auto_sel LATENCY 0 OPTYPE select PRAGMA {} RTLNAME last_106_fu_7525_p3 SOURCE mmult.cpp:159 VARIABLE last_106 LOOP systolic1 BUNDLEDNAME {} DSP 0 BRAM 0 URAM 0 STORAGESUBTYPE {} DISPNAME {bind_op select} VISIBLE false} {BINDTYPE op ID {} IMPL auto LATENCY 1 OPTYPE mul PRAGMA {} RTLNAME mul_32s_32s_32_2_1_U143 SOURCE mmult.cpp:165 VARIABLE mul_ln165_106 LOOP systolic1 BUNDLEDNAME {} DSP 3 BRAM 0 URAM 0 STORAGESUBTYPE {} DISPNAME {bind_op mul} VISIBLE true} {BINDTYPE op ID {} IMPL fabric LATENCY 0 OPTYPE add PRAGMA {} RTLNAME result_106_fu_7532_p2 SOURCE mmult.cpp:165 VARIABLE result_106 LOOP systolic1 BUNDLEDNAME {} DSP 0 BRAM 0 URAM 0 STORAGESUBTYPE {} DISPNAME {bind_op add} VISIBLE true} {BINDTYPE op ID {} IMPL auto_sel LATENCY 0 OPTYPE select PRAGMA {} RTLNAME last_107_fu_7537_p3 SOURCE mmult.cpp:159 VARIABLE last_107 LOOP systolic1 BUNDLEDNAME {} DSP 0 BRAM 0 URAM 0 STORAGESUBTYPE {} DISPNAME {bind_op select} VISIBLE false} {BINDTYPE op ID {} IMPL auto LATENCY 1 OPTYPE mul PRAGMA {} RTLNAME mul_32s_32s_32_2_1_U144 SOURCE mmult.cpp:165 VARIABLE mul_ln165_107 LOOP systolic1 BUNDLEDNAME {} DSP 3 BRAM 0 URAM 0 STORAGESUBTYPE {} DISPNAME {bind_op mul} VISIBLE true} {BINDTYPE op ID {} IMPL fabric LATENCY 0 OPTYPE add PRAGMA {} RTLNAME result_107_fu_7544_p2 SOURCE mmult.cpp:165 VARIABLE result_107 LOOP systolic1 BUNDLEDNAME {} DSP 0 BRAM 0 URAM 0 STORAGESUBTYPE {} DISPNAME {bind_op add} VISIBLE true} {BINDTYPE op ID {} IMPL auto_sel LATENCY 0 OPTYPE select PRAGMA {} RTLNAME last_108_fu_7549_p3 SOURCE mmult.cpp:159 VARIABLE last_108 LOOP systolic1 BUNDLEDNAME {} DSP 0 BRAM 0 URAM 0 STORAGESUBTYPE {} DISPNAME {bind_op select} VISIBLE false} {BINDTYPE op ID {} IMPL auto LATENCY 1 OPTYPE mul PRAGMA {} RTLNAME mul_32s_32s_32_2_1_U145 SOURCE mmult.cpp:165 VARIABLE mul_ln165_108 LOOP systolic1 BUNDLEDNAME {} DSP 3 BRAM 0 URAM 0 STORAGESUBTYPE {} DISPNAME {bind_op mul} VISIBLE true} {BINDTYPE op ID {} IMPL fabric LATENCY 0 OPTYPE add PRAGMA {} RTLNAME result_108_fu_7556_p2 SOURCE mmult.cpp:165 VARIABLE result_108 LOOP systolic1 BUNDLEDNAME {} DSP 0 BRAM 0 URAM 0 STORAGESUBTYPE {} DISPNAME {bind_op add} VISIBLE true} {BINDTYPE op ID {} IMPL auto_sel LATENCY 0 OPTYPE select PRAGMA {} RTLNAME last_109_fu_7561_p3 SOURCE mmult.cpp:159 VARIABLE last_109 LOOP systolic1 BUNDLEDNAME {} DSP 0 BRAM 0 URAM 0 STORAGESUBTYPE {} DISPNAME {bind_op select} VISIBLE false} {BINDTYPE op ID {} IMPL auto LATENCY 1 OPTYPE mul PRAGMA {} RTLNAME mul_32s_32s_32_2_1_U146 SOURCE mmult.cpp:165 VARIABLE mul_ln165_109 LOOP systolic1 BUNDLEDNAME {} DSP 3 BRAM 0 URAM 0 STORAGESUBTYPE {} DISPNAME {bind_op mul} VISIBLE true} {BINDTYPE op ID {} IMPL fabric LATENCY 0 OPTYPE add PRAGMA {} RTLNAME result_109_fu_7568_p2 SOURCE mmult.cpp:165 VARIABLE result_109 LOOP systolic1 BUNDLEDNAME {} DSP 0 BRAM 0 URAM 0 STORAGESUBTYPE {} DISPNAME {bind_op add} VISIBLE true} {BINDTYPE op ID {} IMPL auto_sel LATENCY 0 OPTYPE select PRAGMA {} RTLNAME last_110_fu_7573_p3 SOURCE mmult.cpp:159 VARIABLE last_110 LOOP systolic1 BUNDLEDNAME {} DSP 0 BRAM 0 URAM 0 STORAGESUBTYPE {} DISPNAME {bind_op select} VISIBLE false} {BINDTYPE op ID {} IMPL auto LATENCY 1 OPTYPE mul PRAGMA {} RTLNAME mul_32s_32s_32_2_1_U147 SOURCE mmult.cpp:165 VARIABLE mul_ln165_110 LOOP systolic1 BUNDLEDNAME {} DSP 3 BRAM 0 URAM 0 STORAGESUBTYPE {} DISPNAME {bind_op mul} VISIBLE true} {BINDTYPE op ID {} IMPL fabric LATENCY 0 OPTYPE add PRAGMA {} RTLNAME result_110_fu_7580_p2 SOURCE mmult.cpp:165 VARIABLE result_110 LOOP systolic1 BUNDLEDNAME {} DSP 0 BRAM 0 URAM 0 STORAGESUBTYPE {} DISPNAME {bind_op add} VISIBLE true} {BINDTYPE op ID {} IMPL auto_sel LATENCY 0 OPTYPE select PRAGMA {} RTLNAME last_111_fu_7585_p3 SOURCE mmult.cpp:159 VARIABLE last_111 LOOP systolic1 BUNDLEDNAME {} DSP 0 BRAM 0 URAM 0 STORAGESUBTYPE {} DISPNAME {bind_op select} VISIBLE false} {BINDTYPE op ID {} IMPL auto LATENCY 1 OPTYPE mul PRAGMA {} RTLNAME mul_32s_32s_32_2_1_U148 SOURCE mmult.cpp:165 VARIABLE mul_ln165_111 LOOP systolic1 BUNDLEDNAME {} DSP 3 BRAM 0 URAM 0 STORAGESUBTYPE {} DISPNAME {bind_op mul} VISIBLE true} {BINDTYPE op ID {} IMPL fabric LATENCY 0 OPTYPE add PRAGMA {} RTLNAME result_111_fu_7592_p2 SOURCE mmult.cpp:165 VARIABLE result_111 LOOP systolic1 BUNDLEDNAME {} DSP 0 BRAM 0 URAM 0 STORAGESUBTYPE {} DISPNAME {bind_op add} VISIBLE true} {BINDTYPE op ID {} IMPL auto_sel LATENCY 0 OPTYPE select PRAGMA {} RTLNAME last_112_fu_7597_p3 SOURCE mmult.cpp:159 VARIABLE last_112 LOOP systolic1 BUNDLEDNAME {} DSP 0 BRAM 0 URAM 0 STORAGESUBTYPE {} DISPNAME {bind_op select} VISIBLE false} {BINDTYPE op ID {} IMPL auto_sel LATENCY 0 OPTYPE select PRAGMA {} RTLNAME a_val_7_fu_5422_p3 SOURCE mmult.cpp:163 VARIABLE a_val_7 LOOP systolic1 BUNDLEDNAME {} DSP 0 BRAM 0 URAM 0 STORAGESUBTYPE {} DISPNAME {bind_op select} VISIBLE false} {BINDTYPE op ID {} IMPL auto LATENCY 1 OPTYPE mul PRAGMA {} RTLNAME mul_32s_32s_32_2_1_U149 SOURCE mmult.cpp:165 VARIABLE mul_ln165_112 LOOP systolic1 BUNDLEDNAME {} DSP 3 BRAM 0 URAM 0 STORAGESUBTYPE {} DISPNAME {bind_op mul} VISIBLE true} {BINDTYPE op ID {} IMPL fabric LATENCY 0 OPTYPE add PRAGMA {} RTLNAME result_112_fu_7604_p2 SOURCE mmult.cpp:165 VARIABLE result_112 LOOP systolic1 BUNDLEDNAME {} DSP 0 BRAM 0 URAM 0 STORAGESUBTYPE {} DISPNAME {bind_op add} VISIBLE true} {BINDTYPE op ID {} IMPL auto_sel LATENCY 0 OPTYPE select PRAGMA {} RTLNAME last_113_fu_7609_p3 SOURCE mmult.cpp:159 VARIABLE last_113 LOOP systolic1 BUNDLEDNAME {} DSP 0 BRAM 0 URAM 0 STORAGESUBTYPE {} DISPNAME {bind_op select} VISIBLE false} {BINDTYPE op ID {} IMPL auto LATENCY 1 OPTYPE mul PRAGMA {} RTLNAME mul_32s_32s_32_2_1_U150 SOURCE mmult.cpp:165 VARIABLE mul_ln165_113 LOOP systolic1 BUNDLEDNAME {} DSP 3 BRAM 0 URAM 0 STORAGESUBTYPE {} DISPNAME {bind_op mul} VISIBLE true} {BINDTYPE op ID {} IMPL fabric LATENCY 0 OPTYPE add PRAGMA {} RTLNAME result_113_fu_7616_p2 SOURCE mmult.cpp:165 VARIABLE result_113 LOOP systolic1 BUNDLEDNAME {} DSP 0 BRAM 0 URAM 0 STORAGESUBTYPE {} DISPNAME {bind_op add} VISIBLE true} {BINDTYPE op ID {} IMPL auto_sel LATENCY 0 OPTYPE select PRAGMA {} RTLNAME last_114_fu_7621_p3 SOURCE mmult.cpp:159 VARIABLE last_114 LOOP systolic1 BUNDLEDNAME {} DSP 0 BRAM 0 URAM 0 STORAGESUBTYPE {} DISPNAME {bind_op select} VISIBLE false} {BINDTYPE op ID {} IMPL auto LATENCY 1 OPTYPE mul PRAGMA {} RTLNAME mul_32s_32s_32_2_1_U151 SOURCE mmult.cpp:165 VARIABLE mul_ln165_114 LOOP systolic1 BUNDLEDNAME {} DSP 3 BRAM 0 URAM 0 STORAGESUBTYPE {} DISPNAME {bind_op mul} VISIBLE true} {BINDTYPE op ID {} IMPL fabric LATENCY 0 OPTYPE add PRAGMA {} RTLNAME result_114_fu_7628_p2 SOURCE mmult.cpp:165 VARIABLE result_114 LOOP systolic1 BUNDLEDNAME {} DSP 0 BRAM 0 URAM 0 STORAGESUBTYPE {} DISPNAME {bind_op add} VISIBLE true} {BINDTYPE op ID {} IMPL auto_sel LATENCY 0 OPTYPE select PRAGMA {} RTLNAME last_115_fu_7633_p3 SOURCE mmult.cpp:159 VARIABLE last_115 LOOP systolic1 BUNDLEDNAME {} DSP 0 BRAM 0 URAM 0 STORAGESUBTYPE {} DISPNAME {bind_op select} VISIBLE false} {BINDTYPE op ID {} IMPL auto LATENCY 1 OPTYPE mul PRAGMA {} RTLNAME mul_32s_32s_32_2_1_U152 SOURCE mmult.cpp:165 VARIABLE mul_ln165_115 LOOP systolic1 BUNDLEDNAME {} DSP 3 BRAM 0 URAM 0 STORAGESUBTYPE {} DISPNAME {bind_op mul} VISIBLE true} {BINDTYPE op ID {} IMPL fabric LATENCY 0 OPTYPE add PRAGMA {} RTLNAME result_115_fu_7640_p2 SOURCE mmult.cpp:165 VARIABLE result_115 LOOP systolic1 BUNDLEDNAME {} DSP 0 BRAM 0 URAM 0 STORAGESUBTYPE {} DISPNAME {bind_op add} VISIBLE true} {BINDTYPE op ID {} IMPL auto_sel LATENCY 0 OPTYPE select PRAGMA {} RTLNAME last_116_fu_7645_p3 SOURCE mmult.cpp:159 VARIABLE last_116 LOOP systolic1 BUNDLEDNAME {} DSP 0 BRAM 0 URAM 0 STORAGESUBTYPE {} DISPNAME {bind_op select} VISIBLE false} {BINDTYPE op ID {} IMPL auto LATENCY 1 OPTYPE mul PRAGMA {} RTLNAME mul_32s_32s_32_2_1_U153 SOURCE mmult.cpp:165 VARIABLE mul_ln165_116 LOOP systolic1 BUNDLEDNAME {} DSP 3 BRAM 0 URAM 0 STORAGESUBTYPE {} DISPNAME {bind_op mul} VISIBLE true} {BINDTYPE op ID {} IMPL fabric LATENCY 0 OPTYPE add PRAGMA {} RTLNAME result_116_fu_7652_p2 SOURCE mmult.cpp:165 VARIABLE result_116 LOOP systolic1 BUNDLEDNAME {} DSP 0 BRAM 0 URAM 0 STORAGESUBTYPE {} DISPNAME {bind_op add} VISIBLE true} {BINDTYPE op ID {} IMPL auto_sel LATENCY 0 OPTYPE select PRAGMA {} RTLNAME last_117_fu_7657_p3 SOURCE mmult.cpp:159 VARIABLE last_117 LOOP systolic1 BUNDLEDNAME {} DSP 0 BRAM 0 URAM 0 STORAGESUBTYPE {} DISPNAME {bind_op select} VISIBLE false} {BINDTYPE op ID {} IMPL auto LATENCY 1 OPTYPE mul PRAGMA {} RTLNAME mul_32s_32s_32_2_1_U154 SOURCE mmult.cpp:165 VARIABLE mul_ln165_117 LOOP systolic1 BUNDLEDNAME {} DSP 3 BRAM 0 URAM 0 STORAGESUBTYPE {} DISPNAME {bind_op mul} VISIBLE true} {BINDTYPE op ID {} IMPL fabric LATENCY 0 OPTYPE add PRAGMA {} RTLNAME result_117_fu_7664_p2 SOURCE mmult.cpp:165 VARIABLE result_117 LOOP systolic1 BUNDLEDNAME {} DSP 0 BRAM 0 URAM 0 STORAGESUBTYPE {} DISPNAME {bind_op add} VISIBLE true} {BINDTYPE op ID {} IMPL auto_sel LATENCY 0 OPTYPE select PRAGMA {} RTLNAME last_118_fu_7669_p3 SOURCE mmult.cpp:159 VARIABLE last_118 LOOP systolic1 BUNDLEDNAME {} DSP 0 BRAM 0 URAM 0 STORAGESUBTYPE {} DISPNAME {bind_op select} VISIBLE false} {BINDTYPE op ID {} IMPL auto LATENCY 1 OPTYPE mul PRAGMA {} RTLNAME mul_32s_32s_32_2_1_U155 SOURCE mmult.cpp:165 VARIABLE mul_ln165_118 LOOP systolic1 BUNDLEDNAME {} DSP 3 BRAM 0 URAM 0 STORAGESUBTYPE {} DISPNAME {bind_op mul} VISIBLE true} {BINDTYPE op ID {} IMPL fabric LATENCY 0 OPTYPE add PRAGMA {} RTLNAME result_118_fu_7676_p2 SOURCE mmult.cpp:165 VARIABLE result_118 LOOP systolic1 BUNDLEDNAME {} DSP 0 BRAM 0 URAM 0 STORAGESUBTYPE {} DISPNAME {bind_op add} VISIBLE true} {BINDTYPE op ID {} IMPL auto_sel LATENCY 0 OPTYPE select PRAGMA {} RTLNAME last_119_fu_7681_p3 SOURCE mmult.cpp:159 VARIABLE last_119 LOOP systolic1 BUNDLEDNAME {} DSP 0 BRAM 0 URAM 0 STORAGESUBTYPE {} DISPNAME {bind_op select} VISIBLE false} {BINDTYPE op ID {} IMPL auto LATENCY 1 OPTYPE mul PRAGMA {} RTLNAME mul_32s_32s_32_2_1_U156 SOURCE mmult.cpp:165 VARIABLE mul_ln165_119 LOOP systolic1 BUNDLEDNAME {} DSP 3 BRAM 0 URAM 0 STORAGESUBTYPE {} DISPNAME {bind_op mul} VISIBLE true} {BINDTYPE op ID {} IMPL fabric LATENCY 0 OPTYPE add PRAGMA {} RTLNAME result_119_fu_7688_p2 SOURCE mmult.cpp:165 VARIABLE result_119 LOOP systolic1 BUNDLEDNAME {} DSP 0 BRAM 0 URAM 0 STORAGESUBTYPE {} DISPNAME {bind_op add} VISIBLE true} {BINDTYPE op ID {} IMPL auto_sel LATENCY 0 OPTYPE select PRAGMA {} RTLNAME last_120_fu_7693_p3 SOURCE mmult.cpp:159 VARIABLE last_120 LOOP systolic1 BUNDLEDNAME {} DSP 0 BRAM 0 URAM 0 STORAGESUBTYPE {} DISPNAME {bind_op select} VISIBLE false} {BINDTYPE op ID {} IMPL auto LATENCY 1 OPTYPE mul PRAGMA {} RTLNAME mul_32s_32s_32_2_1_U157 SOURCE mmult.cpp:165 VARIABLE mul_ln165_120 LOOP systolic1 BUNDLEDNAME {} DSP 3 BRAM 0 URAM 0 STORAGESUBTYPE {} DISPNAME {bind_op mul} VISIBLE true} {BINDTYPE op ID {} IMPL fabric LATENCY 0 OPTYPE add PRAGMA {} RTLNAME result_120_fu_7700_p2 SOURCE mmult.cpp:165 VARIABLE result_120 LOOP systolic1 BUNDLEDNAME {} DSP 0 BRAM 0 URAM 0 STORAGESUBTYPE {} DISPNAME {bind_op add} VISIBLE true} {BINDTYPE op ID {} IMPL auto_sel LATENCY 0 OPTYPE select PRAGMA {} RTLNAME last_121_fu_7705_p3 SOURCE mmult.cpp:159 VARIABLE last_121 LOOP systolic1 BUNDLEDNAME {} DSP 0 BRAM 0 URAM 0 STORAGESUBTYPE {} DISPNAME {bind_op select} VISIBLE false} {BINDTYPE op ID {} IMPL auto LATENCY 1 OPTYPE mul PRAGMA {} RTLNAME mul_32s_32s_32_2_1_U158 SOURCE mmult.cpp:165 VARIABLE mul_ln165_121 LOOP systolic1 BUNDLEDNAME {} DSP 3 BRAM 0 URAM 0 STORAGESUBTYPE {} DISPNAME {bind_op mul} VISIBLE true} {BINDTYPE op ID {} IMPL fabric LATENCY 0 OPTYPE add PRAGMA {} RTLNAME result_121_fu_7712_p2 SOURCE mmult.cpp:165 VARIABLE result_121 LOOP systolic1 BUNDLEDNAME {} DSP 0 BRAM 0 URAM 0 STORAGESUBTYPE {} DISPNAME {bind_op add} VISIBLE true} {BINDTYPE op ID {} IMPL auto_sel LATENCY 0 OPTYPE select PRAGMA {} RTLNAME last_122_fu_7717_p3 SOURCE mmult.cpp:159 VARIABLE last_122 LOOP systolic1 BUNDLEDNAME {} DSP 0 BRAM 0 URAM 0 STORAGESUBTYPE {} DISPNAME {bind_op select} VISIBLE false} {BINDTYPE op ID {} IMPL auto LATENCY 1 OPTYPE mul PRAGMA {} RTLNAME mul_32s_32s_32_2_1_U159 SOURCE mmult.cpp:165 VARIABLE mul_ln165_122 LOOP systolic1 BUNDLEDNAME {} DSP 3 BRAM 0 URAM 0 STORAGESUBTYPE {} DISPNAME {bind_op mul} VISIBLE true} {BINDTYPE op ID {} IMPL fabric LATENCY 0 OPTYPE add PRAGMA {} RTLNAME result_122_fu_7724_p2 SOURCE mmult.cpp:165 VARIABLE result_122 LOOP systolic1 BUNDLEDNAME {} DSP 0 BRAM 0 URAM 0 STORAGESUBTYPE {} DISPNAME {bind_op add} VISIBLE true} {BINDTYPE op ID {} IMPL auto_sel LATENCY 0 OPTYPE select PRAGMA {} RTLNAME last_123_fu_7729_p3 SOURCE mmult.cpp:159 VARIABLE last_123 LOOP systolic1 BUNDLEDNAME {} DSP 0 BRAM 0 URAM 0 STORAGESUBTYPE {} DISPNAME {bind_op select} VISIBLE false} {BINDTYPE op ID {} IMPL auto LATENCY 1 OPTYPE mul PRAGMA {} RTLNAME mul_32s_32s_32_2_1_U160 SOURCE mmult.cpp:165 VARIABLE mul_ln165_123 LOOP systolic1 BUNDLEDNAME {} DSP 3 BRAM 0 URAM 0 STORAGESUBTYPE {} DISPNAME {bind_op mul} VISIBLE true} {BINDTYPE op ID {} IMPL fabric LATENCY 0 OPTYPE add PRAGMA {} RTLNAME result_123_fu_7736_p2 SOURCE mmult.cpp:165 VARIABLE result_123 LOOP systolic1 BUNDLEDNAME {} DSP 0 BRAM 0 URAM 0 STORAGESUBTYPE {} DISPNAME {bind_op add} VISIBLE true} {BINDTYPE op ID {} IMPL auto_sel LATENCY 0 OPTYPE select PRAGMA {} RTLNAME last_124_fu_7741_p3 SOURCE mmult.cpp:159 VARIABLE last_124 LOOP systolic1 BUNDLEDNAME {} DSP 0 BRAM 0 URAM 0 STORAGESUBTYPE {} DISPNAME {bind_op select} VISIBLE false} {BINDTYPE op ID {} IMPL auto LATENCY 1 OPTYPE mul PRAGMA {} RTLNAME mul_32s_32s_32_2_1_U161 SOURCE mmult.cpp:165 VARIABLE mul_ln165_124 LOOP systolic1 BUNDLEDNAME {} DSP 3 BRAM 0 URAM 0 STORAGESUBTYPE {} DISPNAME {bind_op mul} VISIBLE true} {BINDTYPE op ID {} IMPL fabric LATENCY 0 OPTYPE add PRAGMA {} RTLNAME result_124_fu_7748_p2 SOURCE mmult.cpp:165 VARIABLE result_124 LOOP systolic1 BUNDLEDNAME {} DSP 0 BRAM 0 URAM 0 STORAGESUBTYPE {} DISPNAME {bind_op add} VISIBLE true} {BINDTYPE op ID {} IMPL auto_sel LATENCY 0 OPTYPE select PRAGMA {} RTLNAME last_125_fu_7753_p3 SOURCE mmult.cpp:159 VARIABLE last_125 LOOP systolic1 BUNDLEDNAME {} DSP 0 BRAM 0 URAM 0 STORAGESUBTYPE {} DISPNAME {bind_op select} VISIBLE false} {BINDTYPE op ID {} IMPL auto LATENCY 1 OPTYPE mul PRAGMA {} RTLNAME mul_32s_32s_32_2_1_U162 SOURCE mmult.cpp:165 VARIABLE mul_ln165_125 LOOP systolic1 BUNDLEDNAME {} DSP 3 BRAM 0 URAM 0 STORAGESUBTYPE {} DISPNAME {bind_op mul} VISIBLE true} {BINDTYPE op ID {} IMPL fabric LATENCY 0 OPTYPE add PRAGMA {} RTLNAME result_125_fu_7760_p2 SOURCE mmult.cpp:165 VARIABLE result_125 LOOP systolic1 BUNDLEDNAME {} DSP 0 BRAM 0 URAM 0 STORAGESUBTYPE {} DISPNAME {bind_op add} VISIBLE true} {BINDTYPE op ID {} IMPL auto_sel LATENCY 0 OPTYPE select PRAGMA {} RTLNAME last_126_fu_7765_p3 SOURCE mmult.cpp:159 VARIABLE last_126 LOOP systolic1 BUNDLEDNAME {} DSP 0 BRAM 0 URAM 0 STORAGESUBTYPE {} DISPNAME {bind_op select} VISIBLE false} {BINDTYPE op ID {} IMPL auto LATENCY 1 OPTYPE mul PRAGMA {} RTLNAME mul_32s_32s_32_2_1_U163 SOURCE mmult.cpp:165 VARIABLE mul_ln165_126 LOOP systolic1 BUNDLEDNAME {} DSP 3 BRAM 0 URAM 0 STORAGESUBTYPE {} DISPNAME {bind_op mul} VISIBLE true} {BINDTYPE op ID {} IMPL fabric LATENCY 0 OPTYPE add PRAGMA {} RTLNAME result_126_fu_7772_p2 SOURCE mmult.cpp:165 VARIABLE result_126 LOOP systolic1 BUNDLEDNAME {} DSP 0 BRAM 0 URAM 0 STORAGESUBTYPE {} DISPNAME {bind_op add} VISIBLE true} {BINDTYPE op ID {} IMPL auto_sel LATENCY 0 OPTYPE select PRAGMA {} RTLNAME last_127_fu_7777_p3 SOURCE mmult.cpp:159 VARIABLE last_127 LOOP systolic1 BUNDLEDNAME {} DSP 0 BRAM 0 URAM 0 STORAGESUBTYPE {} DISPNAME {bind_op select} VISIBLE false} {BINDTYPE op ID {} IMPL auto LATENCY 1 OPTYPE mul PRAGMA {} RTLNAME mul_32s_32s_32_2_1_U164 SOURCE mmult.cpp:165 VARIABLE mul_ln165_127 LOOP systolic1 BUNDLEDNAME {} DSP 3 BRAM 0 URAM 0 STORAGESUBTYPE {} DISPNAME {bind_op mul} VISIBLE true} {BINDTYPE op ID {} IMPL fabric LATENCY 0 OPTYPE add PRAGMA {} RTLNAME result_127_fu_7784_p2 SOURCE mmult.cpp:165 VARIABLE result_127 LOOP systolic1 BUNDLEDNAME {} DSP 0 BRAM 0 URAM 0 STORAGESUBTYPE {} DISPNAME {bind_op add} VISIBLE true} {BINDTYPE op ID {} IMPL auto_sel LATENCY 0 OPTYPE select PRAGMA {} RTLNAME last_128_fu_7789_p3 SOURCE mmult.cpp:159 VARIABLE last_128 LOOP systolic1 BUNDLEDNAME {} DSP 0 BRAM 0 URAM 0 STORAGESUBTYPE {} DISPNAME {bind_op select} VISIBLE false} {BINDTYPE op ID {} IMPL auto_sel LATENCY 0 OPTYPE select PRAGMA {} RTLNAME a_val_8_fu_5429_p3 SOURCE mmult.cpp:163 VARIABLE a_val_8 LOOP systolic1 BUNDLEDNAME {} DSP 0 BRAM 0 URAM 0 STORAGESUBTYPE {} DISPNAME {bind_op select} VISIBLE false} {BINDTYPE op ID {} IMPL auto LATENCY 1 OPTYPE mul PRAGMA {} RTLNAME mul_32s_32s_32_2_1_U165 SOURCE mmult.cpp:165 VARIABLE mul_ln165_128 LOOP systolic1 BUNDLEDNAME {} DSP 3 BRAM 0 URAM 0 STORAGESUBTYPE {} DISPNAME {bind_op mul} VISIBLE true} {BINDTYPE op ID {} IMPL fabric LATENCY 0 OPTYPE add PRAGMA {} RTLNAME result_128_fu_7796_p2 SOURCE mmult.cpp:165 VARIABLE result_128 LOOP systolic1 BUNDLEDNAME {} DSP 0 BRAM 0 URAM 0 STORAGESUBTYPE {} DISPNAME {bind_op add} VISIBLE true} {BINDTYPE op ID {} IMPL auto_sel LATENCY 0 OPTYPE select PRAGMA {} RTLNAME last_129_fu_7801_p3 SOURCE mmult.cpp:159 VARIABLE last_129 LOOP systolic1 BUNDLEDNAME {} DSP 0 BRAM 0 URAM 0 STORAGESUBTYPE {} DISPNAME {bind_op select} VISIBLE false} {BINDTYPE op ID {} IMPL auto LATENCY 1 OPTYPE mul PRAGMA {} RTLNAME mul_32s_32s_32_2_1_U166 SOURCE mmult.cpp:165 VARIABLE mul_ln165_129 LOOP systolic1 BUNDLEDNAME {} DSP 3 BRAM 0 URAM 0 STORAGESUBTYPE {} DISPNAME {bind_op mul} VISIBLE true} {BINDTYPE op ID {} IMPL fabric LATENCY 0 OPTYPE add PRAGMA {} RTLNAME result_129_fu_7808_p2 SOURCE mmult.cpp:165 VARIABLE result_129 LOOP systolic1 BUNDLEDNAME {} DSP 0 BRAM 0 URAM 0 STORAGESUBTYPE {} DISPNAME {bind_op add} VISIBLE true} {BINDTYPE op ID {} IMPL auto_sel LATENCY 0 OPTYPE select PRAGMA {} RTLNAME last_130_fu_7813_p3 SOURCE mmult.cpp:159 VARIABLE last_130 LOOP systolic1 BUNDLEDNAME {} DSP 0 BRAM 0 URAM 0 STORAGESUBTYPE {} DISPNAME {bind_op select} VISIBLE false} {BINDTYPE op ID {} IMPL auto LATENCY 1 OPTYPE mul PRAGMA {} RTLNAME mul_32s_32s_32_2_1_U167 SOURCE mmult.cpp:165 VARIABLE mul_ln165_130 LOOP systolic1 BUNDLEDNAME {} DSP 3 BRAM 0 URAM 0 STORAGESUBTYPE {} DISPNAME {bind_op mul} VISIBLE true} {BINDTYPE op ID {} IMPL fabric LATENCY 0 OPTYPE add PRAGMA {} RTLNAME result_130_fu_7820_p2 SOURCE mmult.cpp:165 VARIABLE result_130 LOOP systolic1 BUNDLEDNAME {} DSP 0 BRAM 0 URAM 0 STORAGESUBTYPE {} DISPNAME {bind_op add} VISIBLE true} {BINDTYPE op ID {} IMPL auto_sel LATENCY 0 OPTYPE select PRAGMA {} RTLNAME last_131_fu_7825_p3 SOURCE mmult.cpp:159 VARIABLE last_131 LOOP systolic1 BUNDLEDNAME {} DSP 0 BRAM 0 URAM 0 STORAGESUBTYPE {} DISPNAME {bind_op select} VISIBLE false} {BINDTYPE op ID {} IMPL auto LATENCY 1 OPTYPE mul PRAGMA {} RTLNAME mul_32s_32s_32_2_1_U168 SOURCE mmult.cpp:165 VARIABLE mul_ln165_131 LOOP systolic1 BUNDLEDNAME {} DSP 3 BRAM 0 URAM 0 STORAGESUBTYPE {} DISPNAME {bind_op mul} VISIBLE true} {BINDTYPE op ID {} IMPL fabric LATENCY 0 OPTYPE add PRAGMA {} RTLNAME result_131_fu_7832_p2 SOURCE mmult.cpp:165 VARIABLE result_131 LOOP systolic1 BUNDLEDNAME {} DSP 0 BRAM 0 URAM 0 STORAGESUBTYPE {} DISPNAME {bind_op add} VISIBLE true} {BINDTYPE op ID {} IMPL auto_sel LATENCY 0 OPTYPE select PRAGMA {} RTLNAME last_132_fu_7837_p3 SOURCE mmult.cpp:159 VARIABLE last_132 LOOP systolic1 BUNDLEDNAME {} DSP 0 BRAM 0 URAM 0 STORAGESUBTYPE {} DISPNAME {bind_op select} VISIBLE false} {BINDTYPE op ID {} IMPL auto LATENCY 1 OPTYPE mul PRAGMA {} RTLNAME mul_32s_32s_32_2_1_U169 SOURCE mmult.cpp:165 VARIABLE mul_ln165_132 LOOP systolic1 BUNDLEDNAME {} DSP 3 BRAM 0 URAM 0 STORAGESUBTYPE {} DISPNAME {bind_op mul} VISIBLE true} {BINDTYPE op ID {} IMPL fabric LATENCY 0 OPTYPE add PRAGMA {} RTLNAME result_132_fu_7844_p2 SOURCE mmult.cpp:165 VARIABLE result_132 LOOP systolic1 BUNDLEDNAME {} DSP 0 BRAM 0 URAM 0 STORAGESUBTYPE {} DISPNAME {bind_op add} VISIBLE true} {BINDTYPE op ID {} IMPL auto_sel LATENCY 0 OPTYPE select PRAGMA {} RTLNAME last_133_fu_7849_p3 SOURCE mmult.cpp:159 VARIABLE last_133 LOOP systolic1 BUNDLEDNAME {} DSP 0 BRAM 0 URAM 0 STORAGESUBTYPE {} DISPNAME {bind_op select} VISIBLE false} {BINDTYPE op ID {} IMPL auto LATENCY 1 OPTYPE mul PRAGMA {} RTLNAME mul_32s_32s_32_2_1_U170 SOURCE mmult.cpp:165 VARIABLE mul_ln165_133 LOOP systolic1 BUNDLEDNAME {} DSP 3 BRAM 0 URAM 0 STORAGESUBTYPE {} DISPNAME {bind_op mul} VISIBLE true} {BINDTYPE op ID {} IMPL fabric LATENCY 0 OPTYPE add PRAGMA {} RTLNAME result_133_fu_7856_p2 SOURCE mmult.cpp:165 VARIABLE result_133 LOOP systolic1 BUNDLEDNAME {} DSP 0 BRAM 0 URAM 0 STORAGESUBTYPE {} DISPNAME {bind_op add} VISIBLE true} {BINDTYPE op ID {} IMPL auto_sel LATENCY 0 OPTYPE select PRAGMA {} RTLNAME last_134_fu_7861_p3 SOURCE mmult.cpp:159 VARIABLE last_134 LOOP systolic1 BUNDLEDNAME {} DSP 0 BRAM 0 URAM 0 STORAGESUBTYPE {} DISPNAME {bind_op select} VISIBLE false} {BINDTYPE op ID {} IMPL auto LATENCY 1 OPTYPE mul PRAGMA {} RTLNAME mul_32s_32s_32_2_1_U171 SOURCE mmult.cpp:165 VARIABLE mul_ln165_134 LOOP systolic1 BUNDLEDNAME {} DSP 3 BRAM 0 URAM 0 STORAGESUBTYPE {} DISPNAME {bind_op mul} VISIBLE true} {BINDTYPE op ID {} IMPL fabric LATENCY 0 OPTYPE add PRAGMA {} RTLNAME result_134_fu_7868_p2 SOURCE mmult.cpp:165 VARIABLE result_134 LOOP systolic1 BUNDLEDNAME {} DSP 0 BRAM 0 URAM 0 STORAGESUBTYPE {} DISPNAME {bind_op add} VISIBLE true} {BINDTYPE op ID {} IMPL auto_sel LATENCY 0 OPTYPE select PRAGMA {} RTLNAME last_135_fu_7873_p3 SOURCE mmult.cpp:159 VARIABLE last_135 LOOP systolic1 BUNDLEDNAME {} DSP 0 BRAM 0 URAM 0 STORAGESUBTYPE {} DISPNAME {bind_op select} VISIBLE false} {BINDTYPE op ID {} IMPL auto LATENCY 1 OPTYPE mul PRAGMA {} RTLNAME mul_32s_32s_32_2_1_U172 SOURCE mmult.cpp:165 VARIABLE mul_ln165_135 LOOP systolic1 BUNDLEDNAME {} DSP 3 BRAM 0 URAM 0 STORAGESUBTYPE {} DISPNAME {bind_op mul} VISIBLE true} {BINDTYPE op ID {} IMPL fabric LATENCY 0 OPTYPE add PRAGMA {} RTLNAME result_135_fu_7880_p2 SOURCE mmult.cpp:165 VARIABLE result_135 LOOP systolic1 BUNDLEDNAME {} DSP 0 BRAM 0 URAM 0 STORAGESUBTYPE {} DISPNAME {bind_op add} VISIBLE true} {BINDTYPE op ID {} IMPL auto_sel LATENCY 0 OPTYPE select PRAGMA {} RTLNAME last_136_fu_7885_p3 SOURCE mmult.cpp:159 VARIABLE last_136 LOOP systolic1 BUNDLEDNAME {} DSP 0 BRAM 0 URAM 0 STORAGESUBTYPE {} DISPNAME {bind_op select} VISIBLE false} {BINDTYPE op ID {} IMPL auto LATENCY 1 OPTYPE mul PRAGMA {} RTLNAME mul_32s_32s_32_2_1_U173 SOURCE mmult.cpp:165 VARIABLE mul_ln165_136 LOOP systolic1 BUNDLEDNAME {} DSP 3 BRAM 0 URAM 0 STORAGESUBTYPE {} DISPNAME {bind_op mul} VISIBLE true} {BINDTYPE op ID {} IMPL fabric LATENCY 0 OPTYPE add PRAGMA {} RTLNAME result_136_fu_7892_p2 SOURCE mmult.cpp:165 VARIABLE result_136 LOOP systolic1 BUNDLEDNAME {} DSP 0 BRAM 0 URAM 0 STORAGESUBTYPE {} DISPNAME {bind_op add} VISIBLE true} {BINDTYPE op ID {} IMPL auto_sel LATENCY 0 OPTYPE select PRAGMA {} RTLNAME last_137_fu_7897_p3 SOURCE mmult.cpp:159 VARIABLE last_137 LOOP systolic1 BUNDLEDNAME {} DSP 0 BRAM 0 URAM 0 STORAGESUBTYPE {} DISPNAME {bind_op select} VISIBLE false} {BINDTYPE op ID {} IMPL auto LATENCY 1 OPTYPE mul PRAGMA {} RTLNAME mul_32s_32s_32_2_1_U174 SOURCE mmult.cpp:165 VARIABLE mul_ln165_137 LOOP systolic1 BUNDLEDNAME {} DSP 3 BRAM 0 URAM 0 STORAGESUBTYPE {} DISPNAME {bind_op mul} VISIBLE true} {BINDTYPE op ID {} IMPL fabric LATENCY 0 OPTYPE add PRAGMA {} RTLNAME result_137_fu_7904_p2 SOURCE mmult.cpp:165 VARIABLE result_137 LOOP systolic1 BUNDLEDNAME {} DSP 0 BRAM 0 URAM 0 STORAGESUBTYPE {} DISPNAME {bind_op add} VISIBLE true} {BINDTYPE op ID {} IMPL auto_sel LATENCY 0 OPTYPE select PRAGMA {} RTLNAME last_138_fu_7909_p3 SOURCE mmult.cpp:159 VARIABLE last_138 LOOP systolic1 BUNDLEDNAME {} DSP 0 BRAM 0 URAM 0 STORAGESUBTYPE {} DISPNAME {bind_op select} VISIBLE false} {BINDTYPE op ID {} IMPL auto LATENCY 1 OPTYPE mul PRAGMA {} RTLNAME mul_32s_32s_32_2_1_U175 SOURCE mmult.cpp:165 VARIABLE mul_ln165_138 LOOP systolic1 BUNDLEDNAME {} DSP 3 BRAM 0 URAM 0 STORAGESUBTYPE {} DISPNAME {bind_op mul} VISIBLE true} {BINDTYPE op ID {} IMPL fabric LATENCY 0 OPTYPE add PRAGMA {} RTLNAME result_138_fu_7916_p2 SOURCE mmult.cpp:165 VARIABLE result_138 LOOP systolic1 BUNDLEDNAME {} DSP 0 BRAM 0 URAM 0 STORAGESUBTYPE {} DISPNAME {bind_op add} VISIBLE true} {BINDTYPE op ID {} IMPL auto_sel LATENCY 0 OPTYPE select PRAGMA {} RTLNAME last_139_fu_7921_p3 SOURCE mmult.cpp:159 VARIABLE last_139 LOOP systolic1 BUNDLEDNAME {} DSP 0 BRAM 0 URAM 0 STORAGESUBTYPE {} DISPNAME {bind_op select} VISIBLE false} {BINDTYPE op ID {} IMPL auto LATENCY 1 OPTYPE mul PRAGMA {} RTLNAME mul_32s_32s_32_2_1_U176 SOURCE mmult.cpp:165 VARIABLE mul_ln165_139 LOOP systolic1 BUNDLEDNAME {} DSP 3 BRAM 0 URAM 0 STORAGESUBTYPE {} DISPNAME {bind_op mul} VISIBLE true} {BINDTYPE op ID {} IMPL fabric LATENCY 0 OPTYPE add PRAGMA {} RTLNAME result_139_fu_7928_p2 SOURCE mmult.cpp:165 VARIABLE result_139 LOOP systolic1 BUNDLEDNAME {} DSP 0 BRAM 0 URAM 0 STORAGESUBTYPE {} DISPNAME {bind_op add} VISIBLE true} {BINDTYPE op ID {} IMPL auto_sel LATENCY 0 OPTYPE select PRAGMA {} RTLNAME last_140_fu_7933_p3 SOURCE mmult.cpp:159 VARIABLE last_140 LOOP systolic1 BUNDLEDNAME {} DSP 0 BRAM 0 URAM 0 STORAGESUBTYPE {} DISPNAME {bind_op select} VISIBLE false} {BINDTYPE op ID {} IMPL auto LATENCY 1 OPTYPE mul PRAGMA {} RTLNAME mul_32s_32s_32_2_1_U177 SOURCE mmult.cpp:165 VARIABLE mul_ln165_140 LOOP systolic1 BUNDLEDNAME {} DSP 3 BRAM 0 URAM 0 STORAGESUBTYPE {} DISPNAME {bind_op mul} VISIBLE true} {BINDTYPE op ID {} IMPL fabric LATENCY 0 OPTYPE add PRAGMA {} RTLNAME result_140_fu_7940_p2 SOURCE mmult.cpp:165 VARIABLE result_140 LOOP systolic1 BUNDLEDNAME {} DSP 0 BRAM 0 URAM 0 STORAGESUBTYPE {} DISPNAME {bind_op add} VISIBLE true} {BINDTYPE op ID {} IMPL auto_sel LATENCY 0 OPTYPE select PRAGMA {} RTLNAME last_141_fu_7945_p3 SOURCE mmult.cpp:159 VARIABLE last_141 LOOP systolic1 BUNDLEDNAME {} DSP 0 BRAM 0 URAM 0 STORAGESUBTYPE {} DISPNAME {bind_op select} VISIBLE false} {BINDTYPE op ID {} IMPL auto LATENCY 1 OPTYPE mul PRAGMA {} RTLNAME mul_32s_32s_32_2_1_U178 SOURCE mmult.cpp:165 VARIABLE mul_ln165_141 LOOP systolic1 BUNDLEDNAME {} DSP 3 BRAM 0 URAM 0 STORAGESUBTYPE {} DISPNAME {bind_op mul} VISIBLE true} {BINDTYPE op ID {} IMPL fabric LATENCY 0 OPTYPE add PRAGMA {} RTLNAME result_141_fu_7952_p2 SOURCE mmult.cpp:165 VARIABLE result_141 LOOP systolic1 BUNDLEDNAME {} DSP 0 BRAM 0 URAM 0 STORAGESUBTYPE {} DISPNAME {bind_op add} VISIBLE true} {BINDTYPE op ID {} IMPL auto_sel LATENCY 0 OPTYPE select PRAGMA {} RTLNAME last_142_fu_7957_p3 SOURCE mmult.cpp:159 VARIABLE last_142 LOOP systolic1 BUNDLEDNAME {} DSP 0 BRAM 0 URAM 0 STORAGESUBTYPE {} DISPNAME {bind_op select} VISIBLE false} {BINDTYPE op ID {} IMPL auto LATENCY 1 OPTYPE mul PRAGMA {} RTLNAME mul_32s_32s_32_2_1_U179 SOURCE mmult.cpp:165 VARIABLE mul_ln165_142 LOOP systolic1 BUNDLEDNAME {} DSP 3 BRAM 0 URAM 0 STORAGESUBTYPE {} DISPNAME {bind_op mul} VISIBLE true} {BINDTYPE op ID {} IMPL fabric LATENCY 0 OPTYPE add PRAGMA {} RTLNAME result_142_fu_7964_p2 SOURCE mmult.cpp:165 VARIABLE result_142 LOOP systolic1 BUNDLEDNAME {} DSP 0 BRAM 0 URAM 0 STORAGESUBTYPE {} DISPNAME {bind_op add} VISIBLE true} {BINDTYPE op ID {} IMPL auto_sel LATENCY 0 OPTYPE select PRAGMA {} RTLNAME last_143_fu_7969_p3 SOURCE mmult.cpp:159 VARIABLE last_143 LOOP systolic1 BUNDLEDNAME {} DSP 0 BRAM 0 URAM 0 STORAGESUBTYPE {} DISPNAME {bind_op select} VISIBLE false} {BINDTYPE op ID {} IMPL auto LATENCY 1 OPTYPE mul PRAGMA {} RTLNAME mul_32s_32s_32_2_1_U180 SOURCE mmult.cpp:165 VARIABLE mul_ln165_143 LOOP systolic1 BUNDLEDNAME {} DSP 3 BRAM 0 URAM 0 STORAGESUBTYPE {} DISPNAME {bind_op mul} VISIBLE true} {BINDTYPE op ID {} IMPL fabric LATENCY 0 OPTYPE add PRAGMA {} RTLNAME result_143_fu_7976_p2 SOURCE mmult.cpp:165 VARIABLE result_143 LOOP systolic1 BUNDLEDNAME {} DSP 0 BRAM 0 URAM 0 STORAGESUBTYPE {} DISPNAME {bind_op add} VISIBLE true} {BINDTYPE op ID {} IMPL auto_sel LATENCY 0 OPTYPE select PRAGMA {} RTLNAME last_144_fu_7981_p3 SOURCE mmult.cpp:159 VARIABLE last_144 LOOP systolic1 BUNDLEDNAME {} DSP 0 BRAM 0 URAM 0 STORAGESUBTYPE {} DISPNAME {bind_op select} VISIBLE false} {BINDTYPE op ID {} IMPL auto_sel LATENCY 0 OPTYPE select PRAGMA {} RTLNAME a_val_9_fu_5436_p3 SOURCE mmult.cpp:163 VARIABLE a_val_9 LOOP systolic1 BUNDLEDNAME {} DSP 0 BRAM 0 URAM 0 STORAGESUBTYPE {} DISPNAME {bind_op select} VISIBLE false} {BINDTYPE op ID {} IMPL auto LATENCY 1 OPTYPE mul PRAGMA {} RTLNAME mul_32s_32s_32_2_1_U181 SOURCE mmult.cpp:165 VARIABLE mul_ln165_144 LOOP systolic1 BUNDLEDNAME {} DSP 3 BRAM 0 URAM 0 STORAGESUBTYPE {} DISPNAME {bind_op mul} VISIBLE true} {BINDTYPE op ID {} IMPL fabric LATENCY 0 OPTYPE add PRAGMA {} RTLNAME result_144_fu_7988_p2 SOURCE mmult.cpp:165 VARIABLE result_144 LOOP systolic1 BUNDLEDNAME {} DSP 0 BRAM 0 URAM 0 STORAGESUBTYPE {} DISPNAME {bind_op add} VISIBLE true} {BINDTYPE op ID {} IMPL auto_sel LATENCY 0 OPTYPE select PRAGMA {} RTLNAME last_145_fu_7993_p3 SOURCE mmult.cpp:159 VARIABLE last_145 LOOP systolic1 BUNDLEDNAME {} DSP 0 BRAM 0 URAM 0 STORAGESUBTYPE {} DISPNAME {bind_op select} VISIBLE false} {BINDTYPE op ID {} IMPL auto LATENCY 1 OPTYPE mul PRAGMA {} RTLNAME mul_32s_32s_32_2_1_U182 SOURCE mmult.cpp:165 VARIABLE mul_ln165_145 LOOP systolic1 BUNDLEDNAME {} DSP 3 BRAM 0 URAM 0 STORAGESUBTYPE {} DISPNAME {bind_op mul} VISIBLE true} {BINDTYPE op ID {} IMPL fabric LATENCY 0 OPTYPE add PRAGMA {} RTLNAME result_145_fu_8000_p2 SOURCE mmult.cpp:165 VARIABLE result_145 LOOP systolic1 BUNDLEDNAME {} DSP 0 BRAM 0 URAM 0 STORAGESUBTYPE {} DISPNAME {bind_op add} VISIBLE true} {BINDTYPE op ID {} IMPL auto_sel LATENCY 0 OPTYPE select PRAGMA {} RTLNAME last_146_fu_8005_p3 SOURCE mmult.cpp:159 VARIABLE last_146 LOOP systolic1 BUNDLEDNAME {} DSP 0 BRAM 0 URAM 0 STORAGESUBTYPE {} DISPNAME {bind_op select} VISIBLE false} {BINDTYPE op ID {} IMPL auto LATENCY 1 OPTYPE mul PRAGMA {} RTLNAME mul_32s_32s_32_2_1_U183 SOURCE mmult.cpp:165 VARIABLE mul_ln165_146 LOOP systolic1 BUNDLEDNAME {} DSP 3 BRAM 0 URAM 0 STORAGESUBTYPE {} DISPNAME {bind_op mul} VISIBLE true} {BINDTYPE op ID {} IMPL fabric LATENCY 0 OPTYPE add PRAGMA {} RTLNAME result_146_fu_8012_p2 SOURCE mmult.cpp:165 VARIABLE result_146 LOOP systolic1 BUNDLEDNAME {} DSP 0 BRAM 0 URAM 0 STORAGESUBTYPE {} DISPNAME {bind_op add} VISIBLE true} {BINDTYPE op ID {} IMPL auto_sel LATENCY 0 OPTYPE select PRAGMA {} RTLNAME last_147_fu_8017_p3 SOURCE mmult.cpp:159 VARIABLE last_147 LOOP systolic1 BUNDLEDNAME {} DSP 0 BRAM 0 URAM 0 STORAGESUBTYPE {} DISPNAME {bind_op select} VISIBLE false} {BINDTYPE op ID {} IMPL auto LATENCY 1 OPTYPE mul PRAGMA {} RTLNAME mul_32s_32s_32_2_1_U184 SOURCE mmult.cpp:165 VARIABLE mul_ln165_147 LOOP systolic1 BUNDLEDNAME {} DSP 3 BRAM 0 URAM 0 STORAGESUBTYPE {} DISPNAME {bind_op mul} VISIBLE true} {BINDTYPE op ID {} IMPL fabric LATENCY 0 OPTYPE add PRAGMA {} RTLNAME result_147_fu_8024_p2 SOURCE mmult.cpp:165 VARIABLE result_147 LOOP systolic1 BUNDLEDNAME {} DSP 0 BRAM 0 URAM 0 STORAGESUBTYPE {} DISPNAME {bind_op add} VISIBLE true} {BINDTYPE op ID {} IMPL auto_sel LATENCY 0 OPTYPE select PRAGMA {} RTLNAME last_148_fu_8029_p3 SOURCE mmult.cpp:159 VARIABLE last_148 LOOP systolic1 BUNDLEDNAME {} DSP 0 BRAM 0 URAM 0 STORAGESUBTYPE {} DISPNAME {bind_op select} VISIBLE false} {BINDTYPE op ID {} IMPL auto LATENCY 1 OPTYPE mul PRAGMA {} RTLNAME mul_32s_32s_32_2_1_U185 SOURCE mmult.cpp:165 VARIABLE mul_ln165_148 LOOP systolic1 BUNDLEDNAME {} DSP 3 BRAM 0 URAM 0 STORAGESUBTYPE {} DISPNAME {bind_op mul} VISIBLE true} {BINDTYPE op ID {} IMPL fabric LATENCY 0 OPTYPE add PRAGMA {} RTLNAME result_148_fu_8036_p2 SOURCE mmult.cpp:165 VARIABLE result_148 LOOP systolic1 BUNDLEDNAME {} DSP 0 BRAM 0 URAM 0 STORAGESUBTYPE {} DISPNAME {bind_op add} VISIBLE true} {BINDTYPE op ID {} IMPL auto_sel LATENCY 0 OPTYPE select PRAGMA {} RTLNAME last_149_fu_8041_p3 SOURCE mmult.cpp:159 VARIABLE last_149 LOOP systolic1 BUNDLEDNAME {} DSP 0 BRAM 0 URAM 0 STORAGESUBTYPE {} DISPNAME {bind_op select} VISIBLE false} {BINDTYPE op ID {} IMPL auto LATENCY 1 OPTYPE mul PRAGMA {} RTLNAME mul_32s_32s_32_2_1_U186 SOURCE mmult.cpp:165 VARIABLE mul_ln165_149 LOOP systolic1 BUNDLEDNAME {} DSP 3 BRAM 0 URAM 0 STORAGESUBTYPE {} DISPNAME {bind_op mul} VISIBLE true} {BINDTYPE op ID {} IMPL fabric LATENCY 0 OPTYPE add PRAGMA {} RTLNAME result_149_fu_8048_p2 SOURCE mmult.cpp:165 VARIABLE result_149 LOOP systolic1 BUNDLEDNAME {} DSP 0 BRAM 0 URAM 0 STORAGESUBTYPE {} DISPNAME {bind_op add} VISIBLE true} {BINDTYPE op ID {} IMPL auto_sel LATENCY 0 OPTYPE select PRAGMA {} RTLNAME last_150_fu_8053_p3 SOURCE mmult.cpp:159 VARIABLE last_150 LOOP systolic1 BUNDLEDNAME {} DSP 0 BRAM 0 URAM 0 STORAGESUBTYPE {} DISPNAME {bind_op select} VISIBLE false} {BINDTYPE op ID {} IMPL auto LATENCY 1 OPTYPE mul PRAGMA {} RTLNAME mul_32s_32s_32_2_1_U187 SOURCE mmult.cpp:165 VARIABLE mul_ln165_150 LOOP systolic1 BUNDLEDNAME {} DSP 3 BRAM 0 URAM 0 STORAGESUBTYPE {} DISPNAME {bind_op mul} VISIBLE true} {BINDTYPE op ID {} IMPL fabric LATENCY 0 OPTYPE add PRAGMA {} RTLNAME result_150_fu_8060_p2 SOURCE mmult.cpp:165 VARIABLE result_150 LOOP systolic1 BUNDLEDNAME {} DSP 0 BRAM 0 URAM 0 STORAGESUBTYPE {} DISPNAME {bind_op add} VISIBLE true} {BINDTYPE op ID {} IMPL auto_sel LATENCY 0 OPTYPE select PRAGMA {} RTLNAME last_151_fu_8065_p3 SOURCE mmult.cpp:159 VARIABLE last_151 LOOP systolic1 BUNDLEDNAME {} DSP 0 BRAM 0 URAM 0 STORAGESUBTYPE {} DISPNAME {bind_op select} VISIBLE false} {BINDTYPE op ID {} IMPL auto LATENCY 1 OPTYPE mul PRAGMA {} RTLNAME mul_32s_32s_32_2_1_U188 SOURCE mmult.cpp:165 VARIABLE mul_ln165_151 LOOP systolic1 BUNDLEDNAME {} DSP 3 BRAM 0 URAM 0 STORAGESUBTYPE {} DISPNAME {bind_op mul} VISIBLE true} {BINDTYPE op ID {} IMPL fabric LATENCY 0 OPTYPE add PRAGMA {} RTLNAME result_151_fu_8072_p2 SOURCE mmult.cpp:165 VARIABLE result_151 LOOP systolic1 BUNDLEDNAME {} DSP 0 BRAM 0 URAM 0 STORAGESUBTYPE {} DISPNAME {bind_op add} VISIBLE true} {BINDTYPE op ID {} IMPL auto_sel LATENCY 0 OPTYPE select PRAGMA {} RTLNAME last_152_fu_8077_p3 SOURCE mmult.cpp:159 VARIABLE last_152 LOOP systolic1 BUNDLEDNAME {} DSP 0 BRAM 0 URAM 0 STORAGESUBTYPE {} DISPNAME {bind_op select} VISIBLE false} {BINDTYPE op ID {} IMPL auto LATENCY 1 OPTYPE mul PRAGMA {} RTLNAME mul_32s_32s_32_2_1_U189 SOURCE mmult.cpp:165 VARIABLE mul_ln165_152 LOOP systolic1 BUNDLEDNAME {} DSP 3 BRAM 0 URAM 0 STORAGESUBTYPE {} DISPNAME {bind_op mul} VISIBLE true} {BINDTYPE op ID {} IMPL fabric LATENCY 0 OPTYPE add PRAGMA {} RTLNAME result_152_fu_8084_p2 SOURCE mmult.cpp:165 VARIABLE result_152 LOOP systolic1 BUNDLEDNAME {} DSP 0 BRAM 0 URAM 0 STORAGESUBTYPE {} DISPNAME {bind_op add} VISIBLE true} {BINDTYPE op ID {} IMPL auto_sel LATENCY 0 OPTYPE select PRAGMA {} RTLNAME last_153_fu_8089_p3 SOURCE mmult.cpp:159 VARIABLE last_153 LOOP systolic1 BUNDLEDNAME {} DSP 0 BRAM 0 URAM 0 STORAGESUBTYPE {} DISPNAME {bind_op select} VISIBLE false} {BINDTYPE op ID {} IMPL auto LATENCY 1 OPTYPE mul PRAGMA {} RTLNAME mul_32s_32s_32_2_1_U190 SOURCE mmult.cpp:165 VARIABLE mul_ln165_153 LOOP systolic1 BUNDLEDNAME {} DSP 3 BRAM 0 URAM 0 STORAGESUBTYPE {} DISPNAME {bind_op mul} VISIBLE true} {BINDTYPE op ID {} IMPL fabric LATENCY 0 OPTYPE add PRAGMA {} RTLNAME result_153_fu_8096_p2 SOURCE mmult.cpp:165 VARIABLE result_153 LOOP systolic1 BUNDLEDNAME {} DSP 0 BRAM 0 URAM 0 STORAGESUBTYPE {} DISPNAME {bind_op add} VISIBLE true} {BINDTYPE op ID {} IMPL auto_sel LATENCY 0 OPTYPE select PRAGMA {} RTLNAME last_154_fu_8101_p3 SOURCE mmult.cpp:159 VARIABLE last_154 LOOP systolic1 BUNDLEDNAME {} DSP 0 BRAM 0 URAM 0 STORAGESUBTYPE {} DISPNAME {bind_op select} VISIBLE false} {BINDTYPE op ID {} IMPL auto LATENCY 1 OPTYPE mul PRAGMA {} RTLNAME mul_32s_32s_32_2_1_U191 SOURCE mmult.cpp:165 VARIABLE mul_ln165_154 LOOP systolic1 BUNDLEDNAME {} DSP 3 BRAM 0 URAM 0 STORAGESUBTYPE {} DISPNAME {bind_op mul} VISIBLE true} {BINDTYPE op ID {} IMPL fabric LATENCY 0 OPTYPE add PRAGMA {} RTLNAME result_154_fu_8108_p2 SOURCE mmult.cpp:165 VARIABLE result_154 LOOP systolic1 BUNDLEDNAME {} DSP 0 BRAM 0 URAM 0 STORAGESUBTYPE {} DISPNAME {bind_op add} VISIBLE true} {BINDTYPE op ID {} IMPL auto_sel LATENCY 0 OPTYPE select PRAGMA {} RTLNAME last_155_fu_8113_p3 SOURCE mmult.cpp:159 VARIABLE last_155 LOOP systolic1 BUNDLEDNAME {} DSP 0 BRAM 0 URAM 0 STORAGESUBTYPE {} DISPNAME {bind_op select} VISIBLE false} {BINDTYPE op ID {} IMPL auto LATENCY 1 OPTYPE mul PRAGMA {} RTLNAME mul_32s_32s_32_2_1_U192 SOURCE mmult.cpp:165 VARIABLE mul_ln165_155 LOOP systolic1 BUNDLEDNAME {} DSP 3 BRAM 0 URAM 0 STORAGESUBTYPE {} DISPNAME {bind_op mul} VISIBLE true} {BINDTYPE op ID {} IMPL fabric LATENCY 0 OPTYPE add PRAGMA {} RTLNAME result_155_fu_8120_p2 SOURCE mmult.cpp:165 VARIABLE result_155 LOOP systolic1 BUNDLEDNAME {} DSP 0 BRAM 0 URAM 0 STORAGESUBTYPE {} DISPNAME {bind_op add} VISIBLE true} {BINDTYPE op ID {} IMPL auto_sel LATENCY 0 OPTYPE select PRAGMA {} RTLNAME last_156_fu_8125_p3 SOURCE mmult.cpp:159 VARIABLE last_156 LOOP systolic1 BUNDLEDNAME {} DSP 0 BRAM 0 URAM 0 STORAGESUBTYPE {} DISPNAME {bind_op select} VISIBLE false} {BINDTYPE op ID {} IMPL auto LATENCY 1 OPTYPE mul PRAGMA {} RTLNAME mul_32s_32s_32_2_1_U193 SOURCE mmult.cpp:165 VARIABLE mul_ln165_156 LOOP systolic1 BUNDLEDNAME {} DSP 3 BRAM 0 URAM 0 STORAGESUBTYPE {} DISPNAME {bind_op mul} VISIBLE true} {BINDTYPE op ID {} IMPL fabric LATENCY 0 OPTYPE add PRAGMA {} RTLNAME result_156_fu_8132_p2 SOURCE mmult.cpp:165 VARIABLE result_156 LOOP systolic1 BUNDLEDNAME {} DSP 0 BRAM 0 URAM 0 STORAGESUBTYPE {} DISPNAME {bind_op add} VISIBLE true} {BINDTYPE op ID {} IMPL auto_sel LATENCY 0 OPTYPE select PRAGMA {} RTLNAME last_157_fu_8137_p3 SOURCE mmult.cpp:159 VARIABLE last_157 LOOP systolic1 BUNDLEDNAME {} DSP 0 BRAM 0 URAM 0 STORAGESUBTYPE {} DISPNAME {bind_op select} VISIBLE false} {BINDTYPE op ID {} IMPL auto LATENCY 1 OPTYPE mul PRAGMA {} RTLNAME mul_32s_32s_32_2_1_U194 SOURCE mmult.cpp:165 VARIABLE mul_ln165_157 LOOP systolic1 BUNDLEDNAME {} DSP 3 BRAM 0 URAM 0 STORAGESUBTYPE {} DISPNAME {bind_op mul} VISIBLE true} {BINDTYPE op ID {} IMPL fabric LATENCY 0 OPTYPE add PRAGMA {} RTLNAME result_157_fu_8144_p2 SOURCE mmult.cpp:165 VARIABLE result_157 LOOP systolic1 BUNDLEDNAME {} DSP 0 BRAM 0 URAM 0 STORAGESUBTYPE {} DISPNAME {bind_op add} VISIBLE true} {BINDTYPE op ID {} IMPL auto_sel LATENCY 0 OPTYPE select PRAGMA {} RTLNAME last_158_fu_8149_p3 SOURCE mmult.cpp:159 VARIABLE last_158 LOOP systolic1 BUNDLEDNAME {} DSP 0 BRAM 0 URAM 0 STORAGESUBTYPE {} DISPNAME {bind_op select} VISIBLE false} {BINDTYPE op ID {} IMPL auto LATENCY 1 OPTYPE mul PRAGMA {} RTLNAME mul_32s_32s_32_2_1_U195 SOURCE mmult.cpp:165 VARIABLE mul_ln165_158 LOOP systolic1 BUNDLEDNAME {} DSP 3 BRAM 0 URAM 0 STORAGESUBTYPE {} DISPNAME {bind_op mul} VISIBLE true} {BINDTYPE op ID {} IMPL fabric LATENCY 0 OPTYPE add PRAGMA {} RTLNAME result_158_fu_8156_p2 SOURCE mmult.cpp:165 VARIABLE result_158 LOOP systolic1 BUNDLEDNAME {} DSP 0 BRAM 0 URAM 0 STORAGESUBTYPE {} DISPNAME {bind_op add} VISIBLE true} {BINDTYPE op ID {} IMPL auto_sel LATENCY 0 OPTYPE select PRAGMA {} RTLNAME last_159_fu_8161_p3 SOURCE mmult.cpp:159 VARIABLE last_159 LOOP systolic1 BUNDLEDNAME {} DSP 0 BRAM 0 URAM 0 STORAGESUBTYPE {} DISPNAME {bind_op select} VISIBLE false} {BINDTYPE op ID {} IMPL auto LATENCY 1 OPTYPE mul PRAGMA {} RTLNAME mul_32s_32s_32_2_1_U196 SOURCE mmult.cpp:165 VARIABLE mul_ln165_159 LOOP systolic1 BUNDLEDNAME {} DSP 3 BRAM 0 URAM 0 STORAGESUBTYPE {} DISPNAME {bind_op mul} VISIBLE true} {BINDTYPE op ID {} IMPL fabric LATENCY 0 OPTYPE add PRAGMA {} RTLNAME result_159_fu_8168_p2 SOURCE mmult.cpp:165 VARIABLE result_159 LOOP systolic1 BUNDLEDNAME {} DSP 0 BRAM 0 URAM 0 STORAGESUBTYPE {} DISPNAME {bind_op add} VISIBLE true} {BINDTYPE op ID {} IMPL auto_sel LATENCY 0 OPTYPE select PRAGMA {} RTLNAME last_160_fu_8173_p3 SOURCE mmult.cpp:159 VARIABLE last_160 LOOP systolic1 BUNDLEDNAME {} DSP 0 BRAM 0 URAM 0 STORAGESUBTYPE {} DISPNAME {bind_op select} VISIBLE false} {BINDTYPE op ID {} IMPL auto_sel LATENCY 0 OPTYPE select PRAGMA {} RTLNAME a_val_10_fu_5443_p3 SOURCE mmult.cpp:163 VARIABLE a_val_10 LOOP systolic1 BUNDLEDNAME {} DSP 0 BRAM 0 URAM 0 STORAGESUBTYPE {} DISPNAME {bind_op select} VISIBLE false} {BINDTYPE op ID {} IMPL auto LATENCY 1 OPTYPE mul PRAGMA {} RTLNAME mul_32s_32s_32_2_1_U197 SOURCE mmult.cpp:165 VARIABLE mul_ln165_160 LOOP systolic1 BUNDLEDNAME {} DSP 3 BRAM 0 URAM 0 STORAGESUBTYPE {} DISPNAME {bind_op mul} VISIBLE true} {BINDTYPE op ID {} IMPL fabric LATENCY 0 OPTYPE add PRAGMA {} RTLNAME result_160_fu_8180_p2 SOURCE mmult.cpp:165 VARIABLE result_160 LOOP systolic1 BUNDLEDNAME {} DSP 0 BRAM 0 URAM 0 STORAGESUBTYPE {} DISPNAME {bind_op add} VISIBLE true} {BINDTYPE op ID {} IMPL auto_sel LATENCY 0 OPTYPE select PRAGMA {} RTLNAME last_161_fu_8185_p3 SOURCE mmult.cpp:159 VARIABLE last_161 LOOP systolic1 BUNDLEDNAME {} DSP 0 BRAM 0 URAM 0 STORAGESUBTYPE {} DISPNAME {bind_op select} VISIBLE false} {BINDTYPE op ID {} IMPL auto LATENCY 1 OPTYPE mul PRAGMA {} RTLNAME mul_32s_32s_32_2_1_U198 SOURCE mmult.cpp:165 VARIABLE mul_ln165_161 LOOP systolic1 BUNDLEDNAME {} DSP 3 BRAM 0 URAM 0 STORAGESUBTYPE {} DISPNAME {bind_op mul} VISIBLE true} {BINDTYPE op ID {} IMPL fabric LATENCY 0 OPTYPE add PRAGMA {} RTLNAME result_161_fu_8192_p2 SOURCE mmult.cpp:165 VARIABLE result_161 LOOP systolic1 BUNDLEDNAME {} DSP 0 BRAM 0 URAM 0 STORAGESUBTYPE {} DISPNAME {bind_op add} VISIBLE true} {BINDTYPE op ID {} IMPL auto_sel LATENCY 0 OPTYPE select PRAGMA {} RTLNAME last_162_fu_8197_p3 SOURCE mmult.cpp:159 VARIABLE last_162 LOOP systolic1 BUNDLEDNAME {} DSP 0 BRAM 0 URAM 0 STORAGESUBTYPE {} DISPNAME {bind_op select} VISIBLE false} {BINDTYPE op ID {} IMPL auto LATENCY 1 OPTYPE mul PRAGMA {} RTLNAME mul_32s_32s_32_2_1_U199 SOURCE mmult.cpp:165 VARIABLE mul_ln165_162 LOOP systolic1 BUNDLEDNAME {} DSP 3 BRAM 0 URAM 0 STORAGESUBTYPE {} DISPNAME {bind_op mul} VISIBLE true} {BINDTYPE op ID {} IMPL fabric LATENCY 0 OPTYPE add PRAGMA {} RTLNAME result_162_fu_8204_p2 SOURCE mmult.cpp:165 VARIABLE result_162 LOOP systolic1 BUNDLEDNAME {} DSP 0 BRAM 0 URAM 0 STORAGESUBTYPE {} DISPNAME {bind_op add} VISIBLE true} {BINDTYPE op ID {} IMPL auto_sel LATENCY 0 OPTYPE select PRAGMA {} RTLNAME last_163_fu_8209_p3 SOURCE mmult.cpp:159 VARIABLE last_163 LOOP systolic1 BUNDLEDNAME {} DSP 0 BRAM 0 URAM 0 STORAGESUBTYPE {} DISPNAME {bind_op select} VISIBLE false} {BINDTYPE op ID {} IMPL auto LATENCY 1 OPTYPE mul PRAGMA {} RTLNAME mul_32s_32s_32_2_1_U200 SOURCE mmult.cpp:165 VARIABLE mul_ln165_163 LOOP systolic1 BUNDLEDNAME {} DSP 3 BRAM 0 URAM 0 STORAGESUBTYPE {} DISPNAME {bind_op mul} VISIBLE true} {BINDTYPE op ID {} IMPL fabric LATENCY 0 OPTYPE add PRAGMA {} RTLNAME result_163_fu_8216_p2 SOURCE mmult.cpp:165 VARIABLE result_163 LOOP systolic1 BUNDLEDNAME {} DSP 0 BRAM 0 URAM 0 STORAGESUBTYPE {} DISPNAME {bind_op add} VISIBLE true} {BINDTYPE op ID {} IMPL auto_sel LATENCY 0 OPTYPE select PRAGMA {} RTLNAME last_164_fu_8221_p3 SOURCE mmult.cpp:159 VARIABLE last_164 LOOP systolic1 BUNDLEDNAME {} DSP 0 BRAM 0 URAM 0 STORAGESUBTYPE {} DISPNAME {bind_op select} VISIBLE false} {BINDTYPE op ID {} IMPL auto LATENCY 1 OPTYPE mul PRAGMA {} RTLNAME mul_32s_32s_32_2_1_U201 SOURCE mmult.cpp:165 VARIABLE mul_ln165_164 LOOP systolic1 BUNDLEDNAME {} DSP 3 BRAM 0 URAM 0 STORAGESUBTYPE {} DISPNAME {bind_op mul} VISIBLE true} {BINDTYPE op ID {} IMPL fabric LATENCY 0 OPTYPE add PRAGMA {} RTLNAME result_164_fu_8228_p2 SOURCE mmult.cpp:165 VARIABLE result_164 LOOP systolic1 BUNDLEDNAME {} DSP 0 BRAM 0 URAM 0 STORAGESUBTYPE {} DISPNAME {bind_op add} VISIBLE true} {BINDTYPE op ID {} IMPL auto_sel LATENCY 0 OPTYPE select PRAGMA {} RTLNAME last_165_fu_8233_p3 SOURCE mmult.cpp:159 VARIABLE last_165 LOOP systolic1 BUNDLEDNAME {} DSP 0 BRAM 0 URAM 0 STORAGESUBTYPE {} DISPNAME {bind_op select} VISIBLE false} {BINDTYPE op ID {} IMPL auto LATENCY 1 OPTYPE mul PRAGMA {} RTLNAME mul_32s_32s_32_2_1_U202 SOURCE mmult.cpp:165 VARIABLE mul_ln165_165 LOOP systolic1 BUNDLEDNAME {} DSP 3 BRAM 0 URAM 0 STORAGESUBTYPE {} DISPNAME {bind_op mul} VISIBLE true} {BINDTYPE op ID {} IMPL fabric LATENCY 0 OPTYPE add PRAGMA {} RTLNAME result_165_fu_8240_p2 SOURCE mmult.cpp:165 VARIABLE result_165 LOOP systolic1 BUNDLEDNAME {} DSP 0 BRAM 0 URAM 0 STORAGESUBTYPE {} DISPNAME {bind_op add} VISIBLE true} {BINDTYPE op ID {} IMPL auto_sel LATENCY 0 OPTYPE select PRAGMA {} RTLNAME last_166_fu_8245_p3 SOURCE mmult.cpp:159 VARIABLE last_166 LOOP systolic1 BUNDLEDNAME {} DSP 0 BRAM 0 URAM 0 STORAGESUBTYPE {} DISPNAME {bind_op select} VISIBLE false} {BINDTYPE op ID {} IMPL auto LATENCY 1 OPTYPE mul PRAGMA {} RTLNAME mul_32s_32s_32_2_1_U203 SOURCE mmult.cpp:165 VARIABLE mul_ln165_166 LOOP systolic1 BUNDLEDNAME {} DSP 3 BRAM 0 URAM 0 STORAGESUBTYPE {} DISPNAME {bind_op mul} VISIBLE true} {BINDTYPE op ID {} IMPL fabric LATENCY 0 OPTYPE add PRAGMA {} RTLNAME result_166_fu_8252_p2 SOURCE mmult.cpp:165 VARIABLE result_166 LOOP systolic1 BUNDLEDNAME {} DSP 0 BRAM 0 URAM 0 STORAGESUBTYPE {} DISPNAME {bind_op add} VISIBLE true} {BINDTYPE op ID {} IMPL auto_sel LATENCY 0 OPTYPE select PRAGMA {} RTLNAME last_167_fu_8257_p3 SOURCE mmult.cpp:159 VARIABLE last_167 LOOP systolic1 BUNDLEDNAME {} DSP 0 BRAM 0 URAM 0 STORAGESUBTYPE {} DISPNAME {bind_op select} VISIBLE false} {BINDTYPE op ID {} IMPL auto LATENCY 1 OPTYPE mul PRAGMA {} RTLNAME mul_32s_32s_32_2_1_U204 SOURCE mmult.cpp:165 VARIABLE mul_ln165_167 LOOP systolic1 BUNDLEDNAME {} DSP 3 BRAM 0 URAM 0 STORAGESUBTYPE {} DISPNAME {bind_op mul} VISIBLE true} {BINDTYPE op ID {} IMPL fabric LATENCY 0 OPTYPE add PRAGMA {} RTLNAME result_167_fu_8264_p2 SOURCE mmult.cpp:165 VARIABLE result_167 LOOP systolic1 BUNDLEDNAME {} DSP 0 BRAM 0 URAM 0 STORAGESUBTYPE {} DISPNAME {bind_op add} VISIBLE true} {BINDTYPE op ID {} IMPL auto_sel LATENCY 0 OPTYPE select PRAGMA {} RTLNAME last_168_fu_8269_p3 SOURCE mmult.cpp:159 VARIABLE last_168 LOOP systolic1 BUNDLEDNAME {} DSP 0 BRAM 0 URAM 0 STORAGESUBTYPE {} DISPNAME {bind_op select} VISIBLE false} {BINDTYPE op ID {} IMPL auto LATENCY 1 OPTYPE mul PRAGMA {} RTLNAME mul_32s_32s_32_2_1_U205 SOURCE mmult.cpp:165 VARIABLE mul_ln165_168 LOOP systolic1 BUNDLEDNAME {} DSP 3 BRAM 0 URAM 0 STORAGESUBTYPE {} DISPNAME {bind_op mul} VISIBLE true} {BINDTYPE op ID {} IMPL fabric LATENCY 0 OPTYPE add PRAGMA {} RTLNAME result_168_fu_8276_p2 SOURCE mmult.cpp:165 VARIABLE result_168 LOOP systolic1 BUNDLEDNAME {} DSP 0 BRAM 0 URAM 0 STORAGESUBTYPE {} DISPNAME {bind_op add} VISIBLE true} {BINDTYPE op ID {} IMPL auto_sel LATENCY 0 OPTYPE select PRAGMA {} RTLNAME last_169_fu_8281_p3 SOURCE mmult.cpp:159 VARIABLE last_169 LOOP systolic1 BUNDLEDNAME {} DSP 0 BRAM 0 URAM 0 STORAGESUBTYPE {} DISPNAME {bind_op select} VISIBLE false} {BINDTYPE op ID {} IMPL auto LATENCY 1 OPTYPE mul PRAGMA {} RTLNAME mul_32s_32s_32_2_1_U206 SOURCE mmult.cpp:165 VARIABLE mul_ln165_169 LOOP systolic1 BUNDLEDNAME {} DSP 3 BRAM 0 URAM 0 STORAGESUBTYPE {} DISPNAME {bind_op mul} VISIBLE true} {BINDTYPE op ID {} IMPL fabric LATENCY 0 OPTYPE add PRAGMA {} RTLNAME result_169_fu_8288_p2 SOURCE mmult.cpp:165 VARIABLE result_169 LOOP systolic1 BUNDLEDNAME {} DSP 0 BRAM 0 URAM 0 STORAGESUBTYPE {} DISPNAME {bind_op add} VISIBLE true} {BINDTYPE op ID {} IMPL auto_sel LATENCY 0 OPTYPE select PRAGMA {} RTLNAME last_170_fu_8293_p3 SOURCE mmult.cpp:159 VARIABLE last_170 LOOP systolic1 BUNDLEDNAME {} DSP 0 BRAM 0 URAM 0 STORAGESUBTYPE {} DISPNAME {bind_op select} VISIBLE false} {BINDTYPE op ID {} IMPL auto LATENCY 1 OPTYPE mul PRAGMA {} RTLNAME mul_32s_32s_32_2_1_U207 SOURCE mmult.cpp:165 VARIABLE mul_ln165_170 LOOP systolic1 BUNDLEDNAME {} DSP 3 BRAM 0 URAM 0 STORAGESUBTYPE {} DISPNAME {bind_op mul} VISIBLE true} {BINDTYPE op ID {} IMPL fabric LATENCY 0 OPTYPE add PRAGMA {} RTLNAME result_170_fu_8300_p2 SOURCE mmult.cpp:165 VARIABLE result_170 LOOP systolic1 BUNDLEDNAME {} DSP 0 BRAM 0 URAM 0 STORAGESUBTYPE {} DISPNAME {bind_op add} VISIBLE true} {BINDTYPE op ID {} IMPL auto_sel LATENCY 0 OPTYPE select PRAGMA {} RTLNAME last_171_fu_8305_p3 SOURCE mmult.cpp:159 VARIABLE last_171 LOOP systolic1 BUNDLEDNAME {} DSP 0 BRAM 0 URAM 0 STORAGESUBTYPE {} DISPNAME {bind_op select} VISIBLE false} {BINDTYPE op ID {} IMPL auto LATENCY 1 OPTYPE mul PRAGMA {} RTLNAME mul_32s_32s_32_2_1_U208 SOURCE mmult.cpp:165 VARIABLE mul_ln165_171 LOOP systolic1 BUNDLEDNAME {} DSP 3 BRAM 0 URAM 0 STORAGESUBTYPE {} DISPNAME {bind_op mul} VISIBLE true} {BINDTYPE op ID {} IMPL fabric LATENCY 0 OPTYPE add PRAGMA {} RTLNAME result_171_fu_8312_p2 SOURCE mmult.cpp:165 VARIABLE result_171 LOOP systolic1 BUNDLEDNAME {} DSP 0 BRAM 0 URAM 0 STORAGESUBTYPE {} DISPNAME {bind_op add} VISIBLE true} {BINDTYPE op ID {} IMPL auto_sel LATENCY 0 OPTYPE select PRAGMA {} RTLNAME last_172_fu_8317_p3 SOURCE mmult.cpp:159 VARIABLE last_172 LOOP systolic1 BUNDLEDNAME {} DSP 0 BRAM 0 URAM 0 STORAGESUBTYPE {} DISPNAME {bind_op select} VISIBLE false} {BINDTYPE op ID {} IMPL auto LATENCY 1 OPTYPE mul PRAGMA {} RTLNAME mul_32s_32s_32_2_1_U209 SOURCE mmult.cpp:165 VARIABLE mul_ln165_172 LOOP systolic1 BUNDLEDNAME {} DSP 3 BRAM 0 URAM 0 STORAGESUBTYPE {} DISPNAME {bind_op mul} VISIBLE true} {BINDTYPE op ID {} IMPL fabric LATENCY 0 OPTYPE add PRAGMA {} RTLNAME result_172_fu_8324_p2 SOURCE mmult.cpp:165 VARIABLE result_172 LOOP systolic1 BUNDLEDNAME {} DSP 0 BRAM 0 URAM 0 STORAGESUBTYPE {} DISPNAME {bind_op add} VISIBLE true} {BINDTYPE op ID {} IMPL auto_sel LATENCY 0 OPTYPE select PRAGMA {} RTLNAME last_173_fu_8329_p3 SOURCE mmult.cpp:159 VARIABLE last_173 LOOP systolic1 BUNDLEDNAME {} DSP 0 BRAM 0 URAM 0 STORAGESUBTYPE {} DISPNAME {bind_op select} VISIBLE false} {BINDTYPE op ID {} IMPL auto LATENCY 1 OPTYPE mul PRAGMA {} RTLNAME mul_32s_32s_32_2_1_U210 SOURCE mmult.cpp:165 VARIABLE mul_ln165_173 LOOP systolic1 BUNDLEDNAME {} DSP 3 BRAM 0 URAM 0 STORAGESUBTYPE {} DISPNAME {bind_op mul} VISIBLE true} {BINDTYPE op ID {} IMPL fabric LATENCY 0 OPTYPE add PRAGMA {} RTLNAME result_173_fu_8336_p2 SOURCE mmult.cpp:165 VARIABLE result_173 LOOP systolic1 BUNDLEDNAME {} DSP 0 BRAM 0 URAM 0 STORAGESUBTYPE {} DISPNAME {bind_op add} VISIBLE true} {BINDTYPE op ID {} IMPL auto_sel LATENCY 0 OPTYPE select PRAGMA {} RTLNAME last_174_fu_8341_p3 SOURCE mmult.cpp:159 VARIABLE last_174 LOOP systolic1 BUNDLEDNAME {} DSP 0 BRAM 0 URAM 0 STORAGESUBTYPE {} DISPNAME {bind_op select} VISIBLE false} {BINDTYPE op ID {} IMPL auto LATENCY 1 OPTYPE mul PRAGMA {} RTLNAME mul_32s_32s_32_2_1_U211 SOURCE mmult.cpp:165 VARIABLE mul_ln165_174 LOOP systolic1 BUNDLEDNAME {} DSP 3 BRAM 0 URAM 0 STORAGESUBTYPE {} DISPNAME {bind_op mul} VISIBLE true} {BINDTYPE op ID {} IMPL fabric LATENCY 0 OPTYPE add PRAGMA {} RTLNAME result_174_fu_8348_p2 SOURCE mmult.cpp:165 VARIABLE result_174 LOOP systolic1 BUNDLEDNAME {} DSP 0 BRAM 0 URAM 0 STORAGESUBTYPE {} DISPNAME {bind_op add} VISIBLE true} {BINDTYPE op ID {} IMPL auto_sel LATENCY 0 OPTYPE select PRAGMA {} RTLNAME last_175_fu_8353_p3 SOURCE mmult.cpp:159 VARIABLE last_175 LOOP systolic1 BUNDLEDNAME {} DSP 0 BRAM 0 URAM 0 STORAGESUBTYPE {} DISPNAME {bind_op select} VISIBLE false} {BINDTYPE op ID {} IMPL auto LATENCY 1 OPTYPE mul PRAGMA {} RTLNAME mul_32s_32s_32_2_1_U212 SOURCE mmult.cpp:165 VARIABLE mul_ln165_175 LOOP systolic1 BUNDLEDNAME {} DSP 3 BRAM 0 URAM 0 STORAGESUBTYPE {} DISPNAME {bind_op mul} VISIBLE true} {BINDTYPE op ID {} IMPL fabric LATENCY 0 OPTYPE add PRAGMA {} RTLNAME result_175_fu_8360_p2 SOURCE mmult.cpp:165 VARIABLE result_175 LOOP systolic1 BUNDLEDNAME {} DSP 0 BRAM 0 URAM 0 STORAGESUBTYPE {} DISPNAME {bind_op add} VISIBLE true} {BINDTYPE op ID {} IMPL auto_sel LATENCY 0 OPTYPE select PRAGMA {} RTLNAME last_176_fu_8365_p3 SOURCE mmult.cpp:159 VARIABLE last_176 LOOP systolic1 BUNDLEDNAME {} DSP 0 BRAM 0 URAM 0 STORAGESUBTYPE {} DISPNAME {bind_op select} VISIBLE false} {BINDTYPE op ID {} IMPL auto_sel LATENCY 0 OPTYPE select PRAGMA {} RTLNAME a_val_11_fu_5450_p3 SOURCE mmult.cpp:163 VARIABLE a_val_11 LOOP systolic1 BUNDLEDNAME {} DSP 0 BRAM 0 URAM 0 STORAGESUBTYPE {} DISPNAME {bind_op select} VISIBLE false} {BINDTYPE op ID {} IMPL auto LATENCY 1 OPTYPE mul PRAGMA {} RTLNAME mul_32s_32s_32_2_1_U213 SOURCE mmult.cpp:165 VARIABLE mul_ln165_176 LOOP systolic1 BUNDLEDNAME {} DSP 3 BRAM 0 URAM 0 STORAGESUBTYPE {} DISPNAME {bind_op mul} VISIBLE true} {BINDTYPE op ID {} IMPL fabric LATENCY 0 OPTYPE add PRAGMA {} RTLNAME result_176_fu_8372_p2 SOURCE mmult.cpp:165 VARIABLE result_176 LOOP systolic1 BUNDLEDNAME {} DSP 0 BRAM 0 URAM 0 STORAGESUBTYPE {} DISPNAME {bind_op add} VISIBLE true} {BINDTYPE op ID {} IMPL auto_sel LATENCY 0 OPTYPE select PRAGMA {} RTLNAME last_177_fu_8377_p3 SOURCE mmult.cpp:159 VARIABLE last_177 LOOP systolic1 BUNDLEDNAME {} DSP 0 BRAM 0 URAM 0 STORAGESUBTYPE {} DISPNAME {bind_op select} VISIBLE false} {BINDTYPE op ID {} IMPL auto LATENCY 1 OPTYPE mul PRAGMA {} RTLNAME mul_32s_32s_32_2_1_U214 SOURCE mmult.cpp:165 VARIABLE mul_ln165_177 LOOP systolic1 BUNDLEDNAME {} DSP 3 BRAM 0 URAM 0 STORAGESUBTYPE {} DISPNAME {bind_op mul} VISIBLE true} {BINDTYPE op ID {} IMPL fabric LATENCY 0 OPTYPE add PRAGMA {} RTLNAME result_177_fu_8384_p2 SOURCE mmult.cpp:165 VARIABLE result_177 LOOP systolic1 BUNDLEDNAME {} DSP 0 BRAM 0 URAM 0 STORAGESUBTYPE {} DISPNAME {bind_op add} VISIBLE true} {BINDTYPE op ID {} IMPL auto_sel LATENCY 0 OPTYPE select PRAGMA {} RTLNAME last_178_fu_8389_p3 SOURCE mmult.cpp:159 VARIABLE last_178 LOOP systolic1 BUNDLEDNAME {} DSP 0 BRAM 0 URAM 0 STORAGESUBTYPE {} DISPNAME {bind_op select} VISIBLE false} {BINDTYPE op ID {} IMPL auto LATENCY 1 OPTYPE mul PRAGMA {} RTLNAME mul_32s_32s_32_2_1_U215 SOURCE mmult.cpp:165 VARIABLE mul_ln165_178 LOOP systolic1 BUNDLEDNAME {} DSP 3 BRAM 0 URAM 0 STORAGESUBTYPE {} DISPNAME {bind_op mul} VISIBLE true} {BINDTYPE op ID {} IMPL fabric LATENCY 0 OPTYPE add PRAGMA {} RTLNAME result_178_fu_8396_p2 SOURCE mmult.cpp:165 VARIABLE result_178 LOOP systolic1 BUNDLEDNAME {} DSP 0 BRAM 0 URAM 0 STORAGESUBTYPE {} DISPNAME {bind_op add} VISIBLE true} {BINDTYPE op ID {} IMPL auto_sel LATENCY 0 OPTYPE select PRAGMA {} RTLNAME last_179_fu_8401_p3 SOURCE mmult.cpp:159 VARIABLE last_179 LOOP systolic1 BUNDLEDNAME {} DSP 0 BRAM 0 URAM 0 STORAGESUBTYPE {} DISPNAME {bind_op select} VISIBLE false} {BINDTYPE op ID {} IMPL auto LATENCY 1 OPTYPE mul PRAGMA {} RTLNAME mul_32s_32s_32_2_1_U216 SOURCE mmult.cpp:165 VARIABLE mul_ln165_179 LOOP systolic1 BUNDLEDNAME {} DSP 3 BRAM 0 URAM 0 STORAGESUBTYPE {} DISPNAME {bind_op mul} VISIBLE true} {BINDTYPE op ID {} IMPL fabric LATENCY 0 OPTYPE add PRAGMA {} RTLNAME result_179_fu_8408_p2 SOURCE mmult.cpp:165 VARIABLE result_179 LOOP systolic1 BUNDLEDNAME {} DSP 0 BRAM 0 URAM 0 STORAGESUBTYPE {} DISPNAME {bind_op add} VISIBLE true} {BINDTYPE op ID {} IMPL auto_sel LATENCY 0 OPTYPE select PRAGMA {} RTLNAME last_180_fu_8413_p3 SOURCE mmult.cpp:159 VARIABLE last_180 LOOP systolic1 BUNDLEDNAME {} DSP 0 BRAM 0 URAM 0 STORAGESUBTYPE {} DISPNAME {bind_op select} VISIBLE false} {BINDTYPE op ID {} IMPL auto LATENCY 1 OPTYPE mul PRAGMA {} RTLNAME mul_32s_32s_32_2_1_U217 SOURCE mmult.cpp:165 VARIABLE mul_ln165_180 LOOP systolic1 BUNDLEDNAME {} DSP 3 BRAM 0 URAM 0 STORAGESUBTYPE {} DISPNAME {bind_op mul} VISIBLE true} {BINDTYPE op ID {} IMPL fabric LATENCY 0 OPTYPE add PRAGMA {} RTLNAME result_180_fu_8420_p2 SOURCE mmult.cpp:165 VARIABLE result_180 LOOP systolic1 BUNDLEDNAME {} DSP 0 BRAM 0 URAM 0 STORAGESUBTYPE {} DISPNAME {bind_op add} VISIBLE true} {BINDTYPE op ID {} IMPL auto_sel LATENCY 0 OPTYPE select PRAGMA {} RTLNAME last_181_fu_8425_p3 SOURCE mmult.cpp:159 VARIABLE last_181 LOOP systolic1 BUNDLEDNAME {} DSP 0 BRAM 0 URAM 0 STORAGESUBTYPE {} DISPNAME {bind_op select} VISIBLE false} {BINDTYPE op ID {} IMPL auto LATENCY 1 OPTYPE mul PRAGMA {} RTLNAME mul_32s_32s_32_2_1_U218 SOURCE mmult.cpp:165 VARIABLE mul_ln165_181 LOOP systolic1 BUNDLEDNAME {} DSP 3 BRAM 0 URAM 0 STORAGESUBTYPE {} DISPNAME {bind_op mul} VISIBLE true} {BINDTYPE op ID {} IMPL fabric LATENCY 0 OPTYPE add PRAGMA {} RTLNAME result_181_fu_8432_p2 SOURCE mmult.cpp:165 VARIABLE result_181 LOOP systolic1 BUNDLEDNAME {} DSP 0 BRAM 0 URAM 0 STORAGESUBTYPE {} DISPNAME {bind_op add} VISIBLE true} {BINDTYPE op ID {} IMPL auto_sel LATENCY 0 OPTYPE select PRAGMA {} RTLNAME last_182_fu_8437_p3 SOURCE mmult.cpp:159 VARIABLE last_182 LOOP systolic1 BUNDLEDNAME {} DSP 0 BRAM 0 URAM 0 STORAGESUBTYPE {} DISPNAME {bind_op select} VISIBLE false} {BINDTYPE op ID {} IMPL auto LATENCY 1 OPTYPE mul PRAGMA {} RTLNAME mul_32s_32s_32_2_1_U219 SOURCE mmult.cpp:165 VARIABLE mul_ln165_182 LOOP systolic1 BUNDLEDNAME {} DSP 3 BRAM 0 URAM 0 STORAGESUBTYPE {} DISPNAME {bind_op mul} VISIBLE true} {BINDTYPE op ID {} IMPL fabric LATENCY 0 OPTYPE add PRAGMA {} RTLNAME result_182_fu_8444_p2 SOURCE mmult.cpp:165 VARIABLE result_182 LOOP systolic1 BUNDLEDNAME {} DSP 0 BRAM 0 URAM 0 STORAGESUBTYPE {} DISPNAME {bind_op add} VISIBLE true} {BINDTYPE op ID {} IMPL auto_sel LATENCY 0 OPTYPE select PRAGMA {} RTLNAME last_183_fu_8449_p3 SOURCE mmult.cpp:159 VARIABLE last_183 LOOP systolic1 BUNDLEDNAME {} DSP 0 BRAM 0 URAM 0 STORAGESUBTYPE {} DISPNAME {bind_op select} VISIBLE false} {BINDTYPE op ID {} IMPL auto LATENCY 1 OPTYPE mul PRAGMA {} RTLNAME mul_32s_32s_32_2_1_U220 SOURCE mmult.cpp:165 VARIABLE mul_ln165_183 LOOP systolic1 BUNDLEDNAME {} DSP 3 BRAM 0 URAM 0 STORAGESUBTYPE {} DISPNAME {bind_op mul} VISIBLE true} {BINDTYPE op ID {} IMPL fabric LATENCY 0 OPTYPE add PRAGMA {} RTLNAME result_183_fu_8456_p2 SOURCE mmult.cpp:165 VARIABLE result_183 LOOP systolic1 BUNDLEDNAME {} DSP 0 BRAM 0 URAM 0 STORAGESUBTYPE {} DISPNAME {bind_op add} VISIBLE true} {BINDTYPE op ID {} IMPL auto_sel LATENCY 0 OPTYPE select PRAGMA {} RTLNAME last_184_fu_8461_p3 SOURCE mmult.cpp:159 VARIABLE last_184 LOOP systolic1 BUNDLEDNAME {} DSP 0 BRAM 0 URAM 0 STORAGESUBTYPE {} DISPNAME {bind_op select} VISIBLE false} {BINDTYPE op ID {} IMPL auto LATENCY 1 OPTYPE mul PRAGMA {} RTLNAME mul_32s_32s_32_2_1_U221 SOURCE mmult.cpp:165 VARIABLE mul_ln165_184 LOOP systolic1 BUNDLEDNAME {} DSP 3 BRAM 0 URAM 0 STORAGESUBTYPE {} DISPNAME {bind_op mul} VISIBLE true} {BINDTYPE op ID {} IMPL fabric LATENCY 0 OPTYPE add PRAGMA {} RTLNAME result_184_fu_8468_p2 SOURCE mmult.cpp:165 VARIABLE result_184 LOOP systolic1 BUNDLEDNAME {} DSP 0 BRAM 0 URAM 0 STORAGESUBTYPE {} DISPNAME {bind_op add} VISIBLE true} {BINDTYPE op ID {} IMPL auto_sel LATENCY 0 OPTYPE select PRAGMA {} RTLNAME last_185_fu_8473_p3 SOURCE mmult.cpp:159 VARIABLE last_185 LOOP systolic1 BUNDLEDNAME {} DSP 0 BRAM 0 URAM 0 STORAGESUBTYPE {} DISPNAME {bind_op select} VISIBLE false} {BINDTYPE op ID {} IMPL auto LATENCY 1 OPTYPE mul PRAGMA {} RTLNAME mul_32s_32s_32_2_1_U222 SOURCE mmult.cpp:165 VARIABLE mul_ln165_185 LOOP systolic1 BUNDLEDNAME {} DSP 3 BRAM 0 URAM 0 STORAGESUBTYPE {} DISPNAME {bind_op mul} VISIBLE true} {BINDTYPE op ID {} IMPL fabric LATENCY 0 OPTYPE add PRAGMA {} RTLNAME result_185_fu_8480_p2 SOURCE mmult.cpp:165 VARIABLE result_185 LOOP systolic1 BUNDLEDNAME {} DSP 0 BRAM 0 URAM 0 STORAGESUBTYPE {} DISPNAME {bind_op add} VISIBLE true} {BINDTYPE op ID {} IMPL auto_sel LATENCY 0 OPTYPE select PRAGMA {} RTLNAME last_186_fu_8485_p3 SOURCE mmult.cpp:159 VARIABLE last_186 LOOP systolic1 BUNDLEDNAME {} DSP 0 BRAM 0 URAM 0 STORAGESUBTYPE {} DISPNAME {bind_op select} VISIBLE false} {BINDTYPE op ID {} IMPL auto LATENCY 1 OPTYPE mul PRAGMA {} RTLNAME mul_32s_32s_32_2_1_U223 SOURCE mmult.cpp:165 VARIABLE mul_ln165_186 LOOP systolic1 BUNDLEDNAME {} DSP 3 BRAM 0 URAM 0 STORAGESUBTYPE {} DISPNAME {bind_op mul} VISIBLE true} {BINDTYPE op ID {} IMPL fabric LATENCY 0 OPTYPE add PRAGMA {} RTLNAME result_186_fu_8492_p2 SOURCE mmult.cpp:165 VARIABLE result_186 LOOP systolic1 BUNDLEDNAME {} DSP 0 BRAM 0 URAM 0 STORAGESUBTYPE {} DISPNAME {bind_op add} VISIBLE true} {BINDTYPE op ID {} IMPL auto_sel LATENCY 0 OPTYPE select PRAGMA {} RTLNAME last_187_fu_8497_p3 SOURCE mmult.cpp:159 VARIABLE last_187 LOOP systolic1 BUNDLEDNAME {} DSP 0 BRAM 0 URAM 0 STORAGESUBTYPE {} DISPNAME {bind_op select} VISIBLE false} {BINDTYPE op ID {} IMPL auto LATENCY 1 OPTYPE mul PRAGMA {} RTLNAME mul_32s_32s_32_2_1_U224 SOURCE mmult.cpp:165 VARIABLE mul_ln165_187 LOOP systolic1 BUNDLEDNAME {} DSP 3 BRAM 0 URAM 0 STORAGESUBTYPE {} DISPNAME {bind_op mul} VISIBLE true} {BINDTYPE op ID {} IMPL fabric LATENCY 0 OPTYPE add PRAGMA {} RTLNAME result_187_fu_8504_p2 SOURCE mmult.cpp:165 VARIABLE result_187 LOOP systolic1 BUNDLEDNAME {} DSP 0 BRAM 0 URAM 0 STORAGESUBTYPE {} DISPNAME {bind_op add} VISIBLE true} {BINDTYPE op ID {} IMPL auto_sel LATENCY 0 OPTYPE select PRAGMA {} RTLNAME last_188_fu_8509_p3 SOURCE mmult.cpp:159 VARIABLE last_188 LOOP systolic1 BUNDLEDNAME {} DSP 0 BRAM 0 URAM 0 STORAGESUBTYPE {} DISPNAME {bind_op select} VISIBLE false} {BINDTYPE op ID {} IMPL auto LATENCY 1 OPTYPE mul PRAGMA {} RTLNAME mul_32s_32s_32_2_1_U225 SOURCE mmult.cpp:165 VARIABLE mul_ln165_188 LOOP systolic1 BUNDLEDNAME {} DSP 3 BRAM 0 URAM 0 STORAGESUBTYPE {} DISPNAME {bind_op mul} VISIBLE true} {BINDTYPE op ID {} IMPL fabric LATENCY 0 OPTYPE add PRAGMA {} RTLNAME result_188_fu_8516_p2 SOURCE mmult.cpp:165 VARIABLE result_188 LOOP systolic1 BUNDLEDNAME {} DSP 0 BRAM 0 URAM 0 STORAGESUBTYPE {} DISPNAME {bind_op add} VISIBLE true} {BINDTYPE op ID {} IMPL auto_sel LATENCY 0 OPTYPE select PRAGMA {} RTLNAME last_189_fu_8521_p3 SOURCE mmult.cpp:159 VARIABLE last_189 LOOP systolic1 BUNDLEDNAME {} DSP 0 BRAM 0 URAM 0 STORAGESUBTYPE {} DISPNAME {bind_op select} VISIBLE false} {BINDTYPE op ID {} IMPL auto LATENCY 1 OPTYPE mul PRAGMA {} RTLNAME mul_32s_32s_32_2_1_U226 SOURCE mmult.cpp:165 VARIABLE mul_ln165_189 LOOP systolic1 BUNDLEDNAME {} DSP 3 BRAM 0 URAM 0 STORAGESUBTYPE {} DISPNAME {bind_op mul} VISIBLE true} {BINDTYPE op ID {} IMPL fabric LATENCY 0 OPTYPE add PRAGMA {} RTLNAME result_189_fu_8528_p2 SOURCE mmult.cpp:165 VARIABLE result_189 LOOP systolic1 BUNDLEDNAME {} DSP 0 BRAM 0 URAM 0 STORAGESUBTYPE {} DISPNAME {bind_op add} VISIBLE true} {BINDTYPE op ID {} IMPL auto_sel LATENCY 0 OPTYPE select PRAGMA {} RTLNAME last_190_fu_8533_p3 SOURCE mmult.cpp:159 VARIABLE last_190 LOOP systolic1 BUNDLEDNAME {} DSP 0 BRAM 0 URAM 0 STORAGESUBTYPE {} DISPNAME {bind_op select} VISIBLE false} {BINDTYPE op ID {} IMPL auto LATENCY 1 OPTYPE mul PRAGMA {} RTLNAME mul_32s_32s_32_2_1_U227 SOURCE mmult.cpp:165 VARIABLE mul_ln165_190 LOOP systolic1 BUNDLEDNAME {} DSP 3 BRAM 0 URAM 0 STORAGESUBTYPE {} DISPNAME {bind_op mul} VISIBLE true} {BINDTYPE op ID {} IMPL fabric LATENCY 0 OPTYPE add PRAGMA {} RTLNAME result_190_fu_8540_p2 SOURCE mmult.cpp:165 VARIABLE result_190 LOOP systolic1 BUNDLEDNAME {} DSP 0 BRAM 0 URAM 0 STORAGESUBTYPE {} DISPNAME {bind_op add} VISIBLE true} {BINDTYPE op ID {} IMPL auto_sel LATENCY 0 OPTYPE select PRAGMA {} RTLNAME last_191_fu_8545_p3 SOURCE mmult.cpp:159 VARIABLE last_191 LOOP systolic1 BUNDLEDNAME {} DSP 0 BRAM 0 URAM 0 STORAGESUBTYPE {} DISPNAME {bind_op select} VISIBLE false} {BINDTYPE op ID {} IMPL auto LATENCY 1 OPTYPE mul PRAGMA {} RTLNAME mul_32s_32s_32_2_1_U228 SOURCE mmult.cpp:165 VARIABLE mul_ln165_191 LOOP systolic1 BUNDLEDNAME {} DSP 3 BRAM 0 URAM 0 STORAGESUBTYPE {} DISPNAME {bind_op mul} VISIBLE true} {BINDTYPE op ID {} IMPL fabric LATENCY 0 OPTYPE add PRAGMA {} RTLNAME result_191_fu_8552_p2 SOURCE mmult.cpp:165 VARIABLE result_191 LOOP systolic1 BUNDLEDNAME {} DSP 0 BRAM 0 URAM 0 STORAGESUBTYPE {} DISPNAME {bind_op add} VISIBLE true} {BINDTYPE op ID {} IMPL auto_sel LATENCY 0 OPTYPE select PRAGMA {} RTLNAME last_192_fu_8557_p3 SOURCE mmult.cpp:159 VARIABLE last_192 LOOP systolic1 BUNDLEDNAME {} DSP 0 BRAM 0 URAM 0 STORAGESUBTYPE {} DISPNAME {bind_op select} VISIBLE false} {BINDTYPE op ID {} IMPL auto_sel LATENCY 0 OPTYPE select PRAGMA {} RTLNAME a_val_12_fu_5457_p3 SOURCE mmult.cpp:163 VARIABLE a_val_12 LOOP systolic1 BUNDLEDNAME {} DSP 0 BRAM 0 URAM 0 STORAGESUBTYPE {} DISPNAME {bind_op select} VISIBLE false} {BINDTYPE op ID {} IMPL auto LATENCY 1 OPTYPE mul PRAGMA {} RTLNAME mul_32s_32s_32_2_1_U229 SOURCE mmult.cpp:165 VARIABLE mul_ln165_192 LOOP systolic1 BUNDLEDNAME {} DSP 3 BRAM 0 URAM 0 STORAGESUBTYPE {} DISPNAME {bind_op mul} VISIBLE true} {BINDTYPE op ID {} IMPL fabric LATENCY 0 OPTYPE add PRAGMA {} RTLNAME result_192_fu_8564_p2 SOURCE mmult.cpp:165 VARIABLE result_192 LOOP systolic1 BUNDLEDNAME {} DSP 0 BRAM 0 URAM 0 STORAGESUBTYPE {} DISPNAME {bind_op add} VISIBLE true} {BINDTYPE op ID {} IMPL auto_sel LATENCY 0 OPTYPE select PRAGMA {} RTLNAME last_193_fu_8569_p3 SOURCE mmult.cpp:159 VARIABLE last_193 LOOP systolic1 BUNDLEDNAME {} DSP 0 BRAM 0 URAM 0 STORAGESUBTYPE {} DISPNAME {bind_op select} VISIBLE false} {BINDTYPE op ID {} IMPL auto LATENCY 1 OPTYPE mul PRAGMA {} RTLNAME mul_32s_32s_32_2_1_U230 SOURCE mmult.cpp:165 VARIABLE mul_ln165_193 LOOP systolic1 BUNDLEDNAME {} DSP 3 BRAM 0 URAM 0 STORAGESUBTYPE {} DISPNAME {bind_op mul} VISIBLE true} {BINDTYPE op ID {} IMPL fabric LATENCY 0 OPTYPE add PRAGMA {} RTLNAME result_193_fu_8576_p2 SOURCE mmult.cpp:165 VARIABLE result_193 LOOP systolic1 BUNDLEDNAME {} DSP 0 BRAM 0 URAM 0 STORAGESUBTYPE {} DISPNAME {bind_op add} VISIBLE true} {BINDTYPE op ID {} IMPL auto_sel LATENCY 0 OPTYPE select PRAGMA {} RTLNAME last_194_fu_8581_p3 SOURCE mmult.cpp:159 VARIABLE last_194 LOOP systolic1 BUNDLEDNAME {} DSP 0 BRAM 0 URAM 0 STORAGESUBTYPE {} DISPNAME {bind_op select} VISIBLE false} {BINDTYPE op ID {} IMPL auto LATENCY 1 OPTYPE mul PRAGMA {} RTLNAME mul_32s_32s_32_2_1_U231 SOURCE mmult.cpp:165 VARIABLE mul_ln165_194 LOOP systolic1 BUNDLEDNAME {} DSP 3 BRAM 0 URAM 0 STORAGESUBTYPE {} DISPNAME {bind_op mul} VISIBLE true} {BINDTYPE op ID {} IMPL fabric LATENCY 0 OPTYPE add PRAGMA {} RTLNAME result_194_fu_8588_p2 SOURCE mmult.cpp:165 VARIABLE result_194 LOOP systolic1 BUNDLEDNAME {} DSP 0 BRAM 0 URAM 0 STORAGESUBTYPE {} DISPNAME {bind_op add} VISIBLE true} {BINDTYPE op ID {} IMPL auto_sel LATENCY 0 OPTYPE select PRAGMA {} RTLNAME last_195_fu_8593_p3 SOURCE mmult.cpp:159 VARIABLE last_195 LOOP systolic1 BUNDLEDNAME {} DSP 0 BRAM 0 URAM 0 STORAGESUBTYPE {} DISPNAME {bind_op select} VISIBLE false} {BINDTYPE op ID {} IMPL auto LATENCY 1 OPTYPE mul PRAGMA {} RTLNAME mul_32s_32s_32_2_1_U232 SOURCE mmult.cpp:165 VARIABLE mul_ln165_195 LOOP systolic1 BUNDLEDNAME {} DSP 3 BRAM 0 URAM 0 STORAGESUBTYPE {} DISPNAME {bind_op mul} VISIBLE true} {BINDTYPE op ID {} IMPL fabric LATENCY 0 OPTYPE add PRAGMA {} RTLNAME result_195_fu_8600_p2 SOURCE mmult.cpp:165 VARIABLE result_195 LOOP systolic1 BUNDLEDNAME {} DSP 0 BRAM 0 URAM 0 STORAGESUBTYPE {} DISPNAME {bind_op add} VISIBLE true} {BINDTYPE op ID {} IMPL auto_sel LATENCY 0 OPTYPE select PRAGMA {} RTLNAME last_196_fu_8605_p3 SOURCE mmult.cpp:159 VARIABLE last_196 LOOP systolic1 BUNDLEDNAME {} DSP 0 BRAM 0 URAM 0 STORAGESUBTYPE {} DISPNAME {bind_op select} VISIBLE false} {BINDTYPE op ID {} IMPL auto LATENCY 1 OPTYPE mul PRAGMA {} RTLNAME mul_32s_32s_32_2_1_U233 SOURCE mmult.cpp:165 VARIABLE mul_ln165_196 LOOP systolic1 BUNDLEDNAME {} DSP 3 BRAM 0 URAM 0 STORAGESUBTYPE {} DISPNAME {bind_op mul} VISIBLE true} {BINDTYPE op ID {} IMPL fabric LATENCY 0 OPTYPE add PRAGMA {} RTLNAME result_196_fu_8612_p2 SOURCE mmult.cpp:165 VARIABLE result_196 LOOP systolic1 BUNDLEDNAME {} DSP 0 BRAM 0 URAM 0 STORAGESUBTYPE {} DISPNAME {bind_op add} VISIBLE true} {BINDTYPE op ID {} IMPL auto_sel LATENCY 0 OPTYPE select PRAGMA {} RTLNAME last_197_fu_8617_p3 SOURCE mmult.cpp:159 VARIABLE last_197 LOOP systolic1 BUNDLEDNAME {} DSP 0 BRAM 0 URAM 0 STORAGESUBTYPE {} DISPNAME {bind_op select} VISIBLE false} {BINDTYPE op ID {} IMPL auto LATENCY 1 OPTYPE mul PRAGMA {} RTLNAME mul_32s_32s_32_2_1_U234 SOURCE mmult.cpp:165 VARIABLE mul_ln165_197 LOOP systolic1 BUNDLEDNAME {} DSP 3 BRAM 0 URAM 0 STORAGESUBTYPE {} DISPNAME {bind_op mul} VISIBLE true} {BINDTYPE op ID {} IMPL fabric LATENCY 0 OPTYPE add PRAGMA {} RTLNAME result_197_fu_8624_p2 SOURCE mmult.cpp:165 VARIABLE result_197 LOOP systolic1 BUNDLEDNAME {} DSP 0 BRAM 0 URAM 0 STORAGESUBTYPE {} DISPNAME {bind_op add} VISIBLE true} {BINDTYPE op ID {} IMPL auto_sel LATENCY 0 OPTYPE select PRAGMA {} RTLNAME last_198_fu_8629_p3 SOURCE mmult.cpp:159 VARIABLE last_198 LOOP systolic1 BUNDLEDNAME {} DSP 0 BRAM 0 URAM 0 STORAGESUBTYPE {} DISPNAME {bind_op select} VISIBLE false} {BINDTYPE op ID {} IMPL auto LATENCY 1 OPTYPE mul PRAGMA {} RTLNAME mul_32s_32s_32_2_1_U235 SOURCE mmult.cpp:165 VARIABLE mul_ln165_198 LOOP systolic1 BUNDLEDNAME {} DSP 3 BRAM 0 URAM 0 STORAGESUBTYPE {} DISPNAME {bind_op mul} VISIBLE true} {BINDTYPE op ID {} IMPL fabric LATENCY 0 OPTYPE add PRAGMA {} RTLNAME result_198_fu_8636_p2 SOURCE mmult.cpp:165 VARIABLE result_198 LOOP systolic1 BUNDLEDNAME {} DSP 0 BRAM 0 URAM 0 STORAGESUBTYPE {} DISPNAME {bind_op add} VISIBLE true} {BINDTYPE op ID {} IMPL auto_sel LATENCY 0 OPTYPE select PRAGMA {} RTLNAME last_199_fu_8641_p3 SOURCE mmult.cpp:159 VARIABLE last_199 LOOP systolic1 BUNDLEDNAME {} DSP 0 BRAM 0 URAM 0 STORAGESUBTYPE {} DISPNAME {bind_op select} VISIBLE false} {BINDTYPE op ID {} IMPL auto LATENCY 1 OPTYPE mul PRAGMA {} RTLNAME mul_32s_32s_32_2_1_U236 SOURCE mmult.cpp:165 VARIABLE mul_ln165_199 LOOP systolic1 BUNDLEDNAME {} DSP 3 BRAM 0 URAM 0 STORAGESUBTYPE {} DISPNAME {bind_op mul} VISIBLE true} {BINDTYPE op ID {} IMPL fabric LATENCY 0 OPTYPE add PRAGMA {} RTLNAME result_199_fu_8648_p2 SOURCE mmult.cpp:165 VARIABLE result_199 LOOP systolic1 BUNDLEDNAME {} DSP 0 BRAM 0 URAM 0 STORAGESUBTYPE {} DISPNAME {bind_op add} VISIBLE true} {BINDTYPE op ID {} IMPL auto_sel LATENCY 0 OPTYPE select PRAGMA {} RTLNAME last_200_fu_8653_p3 SOURCE mmult.cpp:159 VARIABLE last_200 LOOP systolic1 BUNDLEDNAME {} DSP 0 BRAM 0 URAM 0 STORAGESUBTYPE {} DISPNAME {bind_op select} VISIBLE false} {BINDTYPE op ID {} IMPL auto LATENCY 1 OPTYPE mul PRAGMA {} RTLNAME mul_32s_32s_32_2_1_U237 SOURCE mmult.cpp:165 VARIABLE mul_ln165_200 LOOP systolic1 BUNDLEDNAME {} DSP 3 BRAM 0 URAM 0 STORAGESUBTYPE {} DISPNAME {bind_op mul} VISIBLE true} {BINDTYPE op ID {} IMPL fabric LATENCY 0 OPTYPE add PRAGMA {} RTLNAME result_200_fu_8660_p2 SOURCE mmult.cpp:165 VARIABLE result_200 LOOP systolic1 BUNDLEDNAME {} DSP 0 BRAM 0 URAM 0 STORAGESUBTYPE {} DISPNAME {bind_op add} VISIBLE true} {BINDTYPE op ID {} IMPL auto_sel LATENCY 0 OPTYPE select PRAGMA {} RTLNAME last_201_fu_8665_p3 SOURCE mmult.cpp:159 VARIABLE last_201 LOOP systolic1 BUNDLEDNAME {} DSP 0 BRAM 0 URAM 0 STORAGESUBTYPE {} DISPNAME {bind_op select} VISIBLE false} {BINDTYPE op ID {} IMPL auto LATENCY 1 OPTYPE mul PRAGMA {} RTLNAME mul_32s_32s_32_2_1_U238 SOURCE mmult.cpp:165 VARIABLE mul_ln165_201 LOOP systolic1 BUNDLEDNAME {} DSP 3 BRAM 0 URAM 0 STORAGESUBTYPE {} DISPNAME {bind_op mul} VISIBLE true} {BINDTYPE op ID {} IMPL fabric LATENCY 0 OPTYPE add PRAGMA {} RTLNAME result_201_fu_8672_p2 SOURCE mmult.cpp:165 VARIABLE result_201 LOOP systolic1 BUNDLEDNAME {} DSP 0 BRAM 0 URAM 0 STORAGESUBTYPE {} DISPNAME {bind_op add} VISIBLE true} {BINDTYPE op ID {} IMPL auto_sel LATENCY 0 OPTYPE select PRAGMA {} RTLNAME last_202_fu_8677_p3 SOURCE mmult.cpp:159 VARIABLE last_202 LOOP systolic1 BUNDLEDNAME {} DSP 0 BRAM 0 URAM 0 STORAGESUBTYPE {} DISPNAME {bind_op select} VISIBLE false} {BINDTYPE op ID {} IMPL auto LATENCY 1 OPTYPE mul PRAGMA {} RTLNAME mul_32s_32s_32_2_1_U239 SOURCE mmult.cpp:165 VARIABLE mul_ln165_202 LOOP systolic1 BUNDLEDNAME {} DSP 3 BRAM 0 URAM 0 STORAGESUBTYPE {} DISPNAME {bind_op mul} VISIBLE true} {BINDTYPE op ID {} IMPL fabric LATENCY 0 OPTYPE add PRAGMA {} RTLNAME result_202_fu_8684_p2 SOURCE mmult.cpp:165 VARIABLE result_202 LOOP systolic1 BUNDLEDNAME {} DSP 0 BRAM 0 URAM 0 STORAGESUBTYPE {} DISPNAME {bind_op add} VISIBLE true} {BINDTYPE op ID {} IMPL auto_sel LATENCY 0 OPTYPE select PRAGMA {} RTLNAME last_203_fu_8689_p3 SOURCE mmult.cpp:159 VARIABLE last_203 LOOP systolic1 BUNDLEDNAME {} DSP 0 BRAM 0 URAM 0 STORAGESUBTYPE {} DISPNAME {bind_op select} VISIBLE false} {BINDTYPE op ID {} IMPL auto LATENCY 1 OPTYPE mul PRAGMA {} RTLNAME mul_32s_32s_32_2_1_U240 SOURCE mmult.cpp:165 VARIABLE mul_ln165_203 LOOP systolic1 BUNDLEDNAME {} DSP 3 BRAM 0 URAM 0 STORAGESUBTYPE {} DISPNAME {bind_op mul} VISIBLE true} {BINDTYPE op ID {} IMPL fabric LATENCY 0 OPTYPE add PRAGMA {} RTLNAME result_203_fu_8696_p2 SOURCE mmult.cpp:165 VARIABLE result_203 LOOP systolic1 BUNDLEDNAME {} DSP 0 BRAM 0 URAM 0 STORAGESUBTYPE {} DISPNAME {bind_op add} VISIBLE true} {BINDTYPE op ID {} IMPL auto_sel LATENCY 0 OPTYPE select PRAGMA {} RTLNAME last_204_fu_8701_p3 SOURCE mmult.cpp:159 VARIABLE last_204 LOOP systolic1 BUNDLEDNAME {} DSP 0 BRAM 0 URAM 0 STORAGESUBTYPE {} DISPNAME {bind_op select} VISIBLE false} {BINDTYPE op ID {} IMPL auto LATENCY 1 OPTYPE mul PRAGMA {} RTLNAME mul_32s_32s_32_2_1_U241 SOURCE mmult.cpp:165 VARIABLE mul_ln165_204 LOOP systolic1 BUNDLEDNAME {} DSP 3 BRAM 0 URAM 0 STORAGESUBTYPE {} DISPNAME {bind_op mul} VISIBLE true} {BINDTYPE op ID {} IMPL fabric LATENCY 0 OPTYPE add PRAGMA {} RTLNAME result_204_fu_8708_p2 SOURCE mmult.cpp:165 VARIABLE result_204 LOOP systolic1 BUNDLEDNAME {} DSP 0 BRAM 0 URAM 0 STORAGESUBTYPE {} DISPNAME {bind_op add} VISIBLE true} {BINDTYPE op ID {} IMPL auto_sel LATENCY 0 OPTYPE select PRAGMA {} RTLNAME last_205_fu_8713_p3 SOURCE mmult.cpp:159 VARIABLE last_205 LOOP systolic1 BUNDLEDNAME {} DSP 0 BRAM 0 URAM 0 STORAGESUBTYPE {} DISPNAME {bind_op select} VISIBLE false} {BINDTYPE op ID {} IMPL auto LATENCY 1 OPTYPE mul PRAGMA {} RTLNAME mul_32s_32s_32_2_1_U242 SOURCE mmult.cpp:165 VARIABLE mul_ln165_205 LOOP systolic1 BUNDLEDNAME {} DSP 3 BRAM 0 URAM 0 STORAGESUBTYPE {} DISPNAME {bind_op mul} VISIBLE true} {BINDTYPE op ID {} IMPL fabric LATENCY 0 OPTYPE add PRAGMA {} RTLNAME result_205_fu_8720_p2 SOURCE mmult.cpp:165 VARIABLE result_205 LOOP systolic1 BUNDLEDNAME {} DSP 0 BRAM 0 URAM 0 STORAGESUBTYPE {} DISPNAME {bind_op add} VISIBLE true} {BINDTYPE op ID {} IMPL auto_sel LATENCY 0 OPTYPE select PRAGMA {} RTLNAME last_206_fu_8725_p3 SOURCE mmult.cpp:159 VARIABLE last_206 LOOP systolic1 BUNDLEDNAME {} DSP 0 BRAM 0 URAM 0 STORAGESUBTYPE {} DISPNAME {bind_op select} VISIBLE false} {BINDTYPE op ID {} IMPL auto LATENCY 1 OPTYPE mul PRAGMA {} RTLNAME mul_32s_32s_32_2_1_U243 SOURCE mmult.cpp:165 VARIABLE mul_ln165_206 LOOP systolic1 BUNDLEDNAME {} DSP 3 BRAM 0 URAM 0 STORAGESUBTYPE {} DISPNAME {bind_op mul} VISIBLE true} {BINDTYPE op ID {} IMPL fabric LATENCY 0 OPTYPE add PRAGMA {} RTLNAME result_206_fu_8732_p2 SOURCE mmult.cpp:165 VARIABLE result_206 LOOP systolic1 BUNDLEDNAME {} DSP 0 BRAM 0 URAM 0 STORAGESUBTYPE {} DISPNAME {bind_op add} VISIBLE true} {BINDTYPE op ID {} IMPL auto_sel LATENCY 0 OPTYPE select PRAGMA {} RTLNAME last_207_fu_8737_p3 SOURCE mmult.cpp:159 VARIABLE last_207 LOOP systolic1 BUNDLEDNAME {} DSP 0 BRAM 0 URAM 0 STORAGESUBTYPE {} DISPNAME {bind_op select} VISIBLE false} {BINDTYPE op ID {} IMPL auto LATENCY 1 OPTYPE mul PRAGMA {} RTLNAME mul_32s_32s_32_2_1_U244 SOURCE mmult.cpp:165 VARIABLE mul_ln165_207 LOOP systolic1 BUNDLEDNAME {} DSP 3 BRAM 0 URAM 0 STORAGESUBTYPE {} DISPNAME {bind_op mul} VISIBLE true} {BINDTYPE op ID {} IMPL fabric LATENCY 0 OPTYPE add PRAGMA {} RTLNAME result_207_fu_8744_p2 SOURCE mmult.cpp:165 VARIABLE result_207 LOOP systolic1 BUNDLEDNAME {} DSP 0 BRAM 0 URAM 0 STORAGESUBTYPE {} DISPNAME {bind_op add} VISIBLE true} {BINDTYPE op ID {} IMPL auto_sel LATENCY 0 OPTYPE select PRAGMA {} RTLNAME last_208_fu_8749_p3 SOURCE mmult.cpp:159 VARIABLE last_208 LOOP systolic1 BUNDLEDNAME {} DSP 0 BRAM 0 URAM 0 STORAGESUBTYPE {} DISPNAME {bind_op select} VISIBLE false} {BINDTYPE op ID {} IMPL auto_sel LATENCY 0 OPTYPE select PRAGMA {} RTLNAME a_val_13_fu_5464_p3 SOURCE mmult.cpp:163 VARIABLE a_val_13 LOOP systolic1 BUNDLEDNAME {} DSP 0 BRAM 0 URAM 0 STORAGESUBTYPE {} DISPNAME {bind_op select} VISIBLE false} {BINDTYPE op ID {} IMPL auto LATENCY 1 OPTYPE mul PRAGMA {} RTLNAME mul_32s_32s_32_2_1_U245 SOURCE mmult.cpp:165 VARIABLE mul_ln165_208 LOOP systolic1 BUNDLEDNAME {} DSP 3 BRAM 0 URAM 0 STORAGESUBTYPE {} DISPNAME {bind_op mul} VISIBLE true} {BINDTYPE op ID {} IMPL fabric LATENCY 0 OPTYPE add PRAGMA {} RTLNAME result_208_fu_8756_p2 SOURCE mmult.cpp:165 VARIABLE result_208 LOOP systolic1 BUNDLEDNAME {} DSP 0 BRAM 0 URAM 0 STORAGESUBTYPE {} DISPNAME {bind_op add} VISIBLE true} {BINDTYPE op ID {} IMPL auto_sel LATENCY 0 OPTYPE select PRAGMA {} RTLNAME last_209_fu_8761_p3 SOURCE mmult.cpp:159 VARIABLE last_209 LOOP systolic1 BUNDLEDNAME {} DSP 0 BRAM 0 URAM 0 STORAGESUBTYPE {} DISPNAME {bind_op select} VISIBLE false} {BINDTYPE op ID {} IMPL auto LATENCY 1 OPTYPE mul PRAGMA {} RTLNAME mul_32s_32s_32_2_1_U246 SOURCE mmult.cpp:165 VARIABLE mul_ln165_209 LOOP systolic1 BUNDLEDNAME {} DSP 3 BRAM 0 URAM 0 STORAGESUBTYPE {} DISPNAME {bind_op mul} VISIBLE true} {BINDTYPE op ID {} IMPL fabric LATENCY 0 OPTYPE add PRAGMA {} RTLNAME result_209_fu_8768_p2 SOURCE mmult.cpp:165 VARIABLE result_209 LOOP systolic1 BUNDLEDNAME {} DSP 0 BRAM 0 URAM 0 STORAGESUBTYPE {} DISPNAME {bind_op add} VISIBLE true} {BINDTYPE op ID {} IMPL auto_sel LATENCY 0 OPTYPE select PRAGMA {} RTLNAME last_210_fu_8773_p3 SOURCE mmult.cpp:159 VARIABLE last_210 LOOP systolic1 BUNDLEDNAME {} DSP 0 BRAM 0 URAM 0 STORAGESUBTYPE {} DISPNAME {bind_op select} VISIBLE false} {BINDTYPE op ID {} IMPL auto LATENCY 1 OPTYPE mul PRAGMA {} RTLNAME mul_32s_32s_32_2_1_U247 SOURCE mmult.cpp:165 VARIABLE mul_ln165_210 LOOP systolic1 BUNDLEDNAME {} DSP 3 BRAM 0 URAM 0 STORAGESUBTYPE {} DISPNAME {bind_op mul} VISIBLE true} {BINDTYPE op ID {} IMPL fabric LATENCY 0 OPTYPE add PRAGMA {} RTLNAME result_210_fu_8780_p2 SOURCE mmult.cpp:165 VARIABLE result_210 LOOP systolic1 BUNDLEDNAME {} DSP 0 BRAM 0 URAM 0 STORAGESUBTYPE {} DISPNAME {bind_op add} VISIBLE true} {BINDTYPE op ID {} IMPL auto_sel LATENCY 0 OPTYPE select PRAGMA {} RTLNAME last_211_fu_8785_p3 SOURCE mmult.cpp:159 VARIABLE last_211 LOOP systolic1 BUNDLEDNAME {} DSP 0 BRAM 0 URAM 0 STORAGESUBTYPE {} DISPNAME {bind_op select} VISIBLE false} {BINDTYPE op ID {} IMPL auto LATENCY 1 OPTYPE mul PRAGMA {} RTLNAME mul_32s_32s_32_2_1_U248 SOURCE mmult.cpp:165 VARIABLE mul_ln165_211 LOOP systolic1 BUNDLEDNAME {} DSP 3 BRAM 0 URAM 0 STORAGESUBTYPE {} DISPNAME {bind_op mul} VISIBLE true} {BINDTYPE op ID {} IMPL fabric LATENCY 0 OPTYPE add PRAGMA {} RTLNAME result_211_fu_8792_p2 SOURCE mmult.cpp:165 VARIABLE result_211 LOOP systolic1 BUNDLEDNAME {} DSP 0 BRAM 0 URAM 0 STORAGESUBTYPE {} DISPNAME {bind_op add} VISIBLE true} {BINDTYPE op ID {} IMPL auto_sel LATENCY 0 OPTYPE select PRAGMA {} RTLNAME last_212_fu_8797_p3 SOURCE mmult.cpp:159 VARIABLE last_212 LOOP systolic1 BUNDLEDNAME {} DSP 0 BRAM 0 URAM 0 STORAGESUBTYPE {} DISPNAME {bind_op select} VISIBLE false} {BINDTYPE op ID {} IMPL auto LATENCY 1 OPTYPE mul PRAGMA {} RTLNAME mul_32s_32s_32_2_1_U249 SOURCE mmult.cpp:165 VARIABLE mul_ln165_212 LOOP systolic1 BUNDLEDNAME {} DSP 3 BRAM 0 URAM 0 STORAGESUBTYPE {} DISPNAME {bind_op mul} VISIBLE true} {BINDTYPE op ID {} IMPL fabric LATENCY 0 OPTYPE add PRAGMA {} RTLNAME result_212_fu_8804_p2 SOURCE mmult.cpp:165 VARIABLE result_212 LOOP systolic1 BUNDLEDNAME {} DSP 0 BRAM 0 URAM 0 STORAGESUBTYPE {} DISPNAME {bind_op add} VISIBLE true} {BINDTYPE op ID {} IMPL auto_sel LATENCY 0 OPTYPE select PRAGMA {} RTLNAME last_213_fu_8809_p3 SOURCE mmult.cpp:159 VARIABLE last_213 LOOP systolic1 BUNDLEDNAME {} DSP 0 BRAM 0 URAM 0 STORAGESUBTYPE {} DISPNAME {bind_op select} VISIBLE false} {BINDTYPE op ID {} IMPL auto LATENCY 1 OPTYPE mul PRAGMA {} RTLNAME mul_32s_32s_32_2_1_U250 SOURCE mmult.cpp:165 VARIABLE mul_ln165_213 LOOP systolic1 BUNDLEDNAME {} DSP 3 BRAM 0 URAM 0 STORAGESUBTYPE {} DISPNAME {bind_op mul} VISIBLE true} {BINDTYPE op ID {} IMPL fabric LATENCY 0 OPTYPE add PRAGMA {} RTLNAME result_213_fu_8816_p2 SOURCE mmult.cpp:165 VARIABLE result_213 LOOP systolic1 BUNDLEDNAME {} DSP 0 BRAM 0 URAM 0 STORAGESUBTYPE {} DISPNAME {bind_op add} VISIBLE true} {BINDTYPE op ID {} IMPL auto_sel LATENCY 0 OPTYPE select PRAGMA {} RTLNAME last_214_fu_8821_p3 SOURCE mmult.cpp:159 VARIABLE last_214 LOOP systolic1 BUNDLEDNAME {} DSP 0 BRAM 0 URAM 0 STORAGESUBTYPE {} DISPNAME {bind_op select} VISIBLE false} {BINDTYPE op ID {} IMPL auto LATENCY 1 OPTYPE mul PRAGMA {} RTLNAME mul_32s_32s_32_2_1_U251 SOURCE mmult.cpp:165 VARIABLE mul_ln165_214 LOOP systolic1 BUNDLEDNAME {} DSP 3 BRAM 0 URAM 0 STORAGESUBTYPE {} DISPNAME {bind_op mul} VISIBLE true} {BINDTYPE op ID {} IMPL fabric LATENCY 0 OPTYPE add PRAGMA {} RTLNAME result_214_fu_8828_p2 SOURCE mmult.cpp:165 VARIABLE result_214 LOOP systolic1 BUNDLEDNAME {} DSP 0 BRAM 0 URAM 0 STORAGESUBTYPE {} DISPNAME {bind_op add} VISIBLE true} {BINDTYPE op ID {} IMPL auto_sel LATENCY 0 OPTYPE select PRAGMA {} RTLNAME last_215_fu_8833_p3 SOURCE mmult.cpp:159 VARIABLE last_215 LOOP systolic1 BUNDLEDNAME {} DSP 0 BRAM 0 URAM 0 STORAGESUBTYPE {} DISPNAME {bind_op select} VISIBLE false} {BINDTYPE op ID {} IMPL auto LATENCY 1 OPTYPE mul PRAGMA {} RTLNAME mul_32s_32s_32_2_1_U252 SOURCE mmult.cpp:165 VARIABLE mul_ln165_215 LOOP systolic1 BUNDLEDNAME {} DSP 3 BRAM 0 URAM 0 STORAGESUBTYPE {} DISPNAME {bind_op mul} VISIBLE true} {BINDTYPE op ID {} IMPL fabric LATENCY 0 OPTYPE add PRAGMA {} RTLNAME result_215_fu_8840_p2 SOURCE mmult.cpp:165 VARIABLE result_215 LOOP systolic1 BUNDLEDNAME {} DSP 0 BRAM 0 URAM 0 STORAGESUBTYPE {} DISPNAME {bind_op add} VISIBLE true} {BINDTYPE op ID {} IMPL auto_sel LATENCY 0 OPTYPE select PRAGMA {} RTLNAME last_216_fu_8845_p3 SOURCE mmult.cpp:159 VARIABLE last_216 LOOP systolic1 BUNDLEDNAME {} DSP 0 BRAM 0 URAM 0 STORAGESUBTYPE {} DISPNAME {bind_op select} VISIBLE false} {BINDTYPE op ID {} IMPL auto LATENCY 1 OPTYPE mul PRAGMA {} RTLNAME mul_32s_32s_32_2_1_U253 SOURCE mmult.cpp:165 VARIABLE mul_ln165_216 LOOP systolic1 BUNDLEDNAME {} DSP 3 BRAM 0 URAM 0 STORAGESUBTYPE {} DISPNAME {bind_op mul} VISIBLE true} {BINDTYPE op ID {} IMPL fabric LATENCY 0 OPTYPE add PRAGMA {} RTLNAME result_216_fu_8852_p2 SOURCE mmult.cpp:165 VARIABLE result_216 LOOP systolic1 BUNDLEDNAME {} DSP 0 BRAM 0 URAM 0 STORAGESUBTYPE {} DISPNAME {bind_op add} VISIBLE true} {BINDTYPE op ID {} IMPL auto_sel LATENCY 0 OPTYPE select PRAGMA {} RTLNAME last_217_fu_8857_p3 SOURCE mmult.cpp:159 VARIABLE last_217 LOOP systolic1 BUNDLEDNAME {} DSP 0 BRAM 0 URAM 0 STORAGESUBTYPE {} DISPNAME {bind_op select} VISIBLE false} {BINDTYPE op ID {} IMPL auto LATENCY 1 OPTYPE mul PRAGMA {} RTLNAME mul_32s_32s_32_2_1_U254 SOURCE mmult.cpp:165 VARIABLE mul_ln165_217 LOOP systolic1 BUNDLEDNAME {} DSP 3 BRAM 0 URAM 0 STORAGESUBTYPE {} DISPNAME {bind_op mul} VISIBLE true} {BINDTYPE op ID {} IMPL fabric LATENCY 0 OPTYPE add PRAGMA {} RTLNAME result_217_fu_8864_p2 SOURCE mmult.cpp:165 VARIABLE result_217 LOOP systolic1 BUNDLEDNAME {} DSP 0 BRAM 0 URAM 0 STORAGESUBTYPE {} DISPNAME {bind_op add} VISIBLE true} {BINDTYPE op ID {} IMPL auto_sel LATENCY 0 OPTYPE select PRAGMA {} RTLNAME last_218_fu_8869_p3 SOURCE mmult.cpp:159 VARIABLE last_218 LOOP systolic1 BUNDLEDNAME {} DSP 0 BRAM 0 URAM 0 STORAGESUBTYPE {} DISPNAME {bind_op select} VISIBLE false} {BINDTYPE op ID {} IMPL auto LATENCY 1 OPTYPE mul PRAGMA {} RTLNAME mul_32s_32s_32_2_1_U255 SOURCE mmult.cpp:165 VARIABLE mul_ln165_218 LOOP systolic1 BUNDLEDNAME {} DSP 3 BRAM 0 URAM 0 STORAGESUBTYPE {} DISPNAME {bind_op mul} VISIBLE true} {BINDTYPE op ID {} IMPL fabric LATENCY 0 OPTYPE add PRAGMA {} RTLNAME result_218_fu_8876_p2 SOURCE mmult.cpp:165 VARIABLE result_218 LOOP systolic1 BUNDLEDNAME {} DSP 0 BRAM 0 URAM 0 STORAGESUBTYPE {} DISPNAME {bind_op add} VISIBLE true} {BINDTYPE op ID {} IMPL auto_sel LATENCY 0 OPTYPE select PRAGMA {} RTLNAME last_219_fu_8881_p3 SOURCE mmult.cpp:159 VARIABLE last_219 LOOP systolic1 BUNDLEDNAME {} DSP 0 BRAM 0 URAM 0 STORAGESUBTYPE {} DISPNAME {bind_op select} VISIBLE false} {BINDTYPE op ID {} IMPL auto LATENCY 1 OPTYPE mul PRAGMA {} RTLNAME mul_32s_32s_32_2_1_U256 SOURCE mmult.cpp:165 VARIABLE mul_ln165_219 LOOP systolic1 BUNDLEDNAME {} DSP 3 BRAM 0 URAM 0 STORAGESUBTYPE {} DISPNAME {bind_op mul} VISIBLE true} {BINDTYPE op ID {} IMPL fabric LATENCY 0 OPTYPE add PRAGMA {} RTLNAME result_219_fu_8888_p2 SOURCE mmult.cpp:165 VARIABLE result_219 LOOP systolic1 BUNDLEDNAME {} DSP 0 BRAM 0 URAM 0 STORAGESUBTYPE {} DISPNAME {bind_op add} VISIBLE true} {BINDTYPE op ID {} IMPL auto_sel LATENCY 0 OPTYPE select PRAGMA {} RTLNAME last_220_fu_8893_p3 SOURCE mmult.cpp:159 VARIABLE last_220 LOOP systolic1 BUNDLEDNAME {} DSP 0 BRAM 0 URAM 0 STORAGESUBTYPE {} DISPNAME {bind_op select} VISIBLE false} {BINDTYPE op ID {} IMPL auto LATENCY 1 OPTYPE mul PRAGMA {} RTLNAME mul_32s_32s_32_2_1_U257 SOURCE mmult.cpp:165 VARIABLE mul_ln165_220 LOOP systolic1 BUNDLEDNAME {} DSP 3 BRAM 0 URAM 0 STORAGESUBTYPE {} DISPNAME {bind_op mul} VISIBLE true} {BINDTYPE op ID {} IMPL fabric LATENCY 0 OPTYPE add PRAGMA {} RTLNAME result_220_fu_8900_p2 SOURCE mmult.cpp:165 VARIABLE result_220 LOOP systolic1 BUNDLEDNAME {} DSP 0 BRAM 0 URAM 0 STORAGESUBTYPE {} DISPNAME {bind_op add} VISIBLE true} {BINDTYPE op ID {} IMPL auto_sel LATENCY 0 OPTYPE select PRAGMA {} RTLNAME last_221_fu_8905_p3 SOURCE mmult.cpp:159 VARIABLE last_221 LOOP systolic1 BUNDLEDNAME {} DSP 0 BRAM 0 URAM 0 STORAGESUBTYPE {} DISPNAME {bind_op select} VISIBLE false} {BINDTYPE op ID {} IMPL auto LATENCY 1 OPTYPE mul PRAGMA {} RTLNAME mul_32s_32s_32_2_1_U258 SOURCE mmult.cpp:165 VARIABLE mul_ln165_221 LOOP systolic1 BUNDLEDNAME {} DSP 3 BRAM 0 URAM 0 STORAGESUBTYPE {} DISPNAME {bind_op mul} VISIBLE true} {BINDTYPE op ID {} IMPL fabric LATENCY 0 OPTYPE add PRAGMA {} RTLNAME result_221_fu_8912_p2 SOURCE mmult.cpp:165 VARIABLE result_221 LOOP systolic1 BUNDLEDNAME {} DSP 0 BRAM 0 URAM 0 STORAGESUBTYPE {} DISPNAME {bind_op add} VISIBLE true} {BINDTYPE op ID {} IMPL auto_sel LATENCY 0 OPTYPE select PRAGMA {} RTLNAME last_222_fu_8917_p3 SOURCE mmult.cpp:159 VARIABLE last_222 LOOP systolic1 BUNDLEDNAME {} DSP 0 BRAM 0 URAM 0 STORAGESUBTYPE {} DISPNAME {bind_op select} VISIBLE false} {BINDTYPE op ID {} IMPL auto LATENCY 1 OPTYPE mul PRAGMA {} RTLNAME mul_32s_32s_32_2_1_U259 SOURCE mmult.cpp:165 VARIABLE mul_ln165_222 LOOP systolic1 BUNDLEDNAME {} DSP 3 BRAM 0 URAM 0 STORAGESUBTYPE {} DISPNAME {bind_op mul} VISIBLE true} {BINDTYPE op ID {} IMPL fabric LATENCY 0 OPTYPE add PRAGMA {} RTLNAME result_222_fu_8924_p2 SOURCE mmult.cpp:165 VARIABLE result_222 LOOP systolic1 BUNDLEDNAME {} DSP 0 BRAM 0 URAM 0 STORAGESUBTYPE {} DISPNAME {bind_op add} VISIBLE true} {BINDTYPE op ID {} IMPL auto_sel LATENCY 0 OPTYPE select PRAGMA {} RTLNAME last_223_fu_8929_p3 SOURCE mmult.cpp:159 VARIABLE last_223 LOOP systolic1 BUNDLEDNAME {} DSP 0 BRAM 0 URAM 0 STORAGESUBTYPE {} DISPNAME {bind_op select} VISIBLE false} {BINDTYPE op ID {} IMPL auto LATENCY 1 OPTYPE mul PRAGMA {} RTLNAME mul_32s_32s_32_2_1_U260 SOURCE mmult.cpp:165 VARIABLE mul_ln165_223 LOOP systolic1 BUNDLEDNAME {} DSP 3 BRAM 0 URAM 0 STORAGESUBTYPE {} DISPNAME {bind_op mul} VISIBLE true} {BINDTYPE op ID {} IMPL fabric LATENCY 0 OPTYPE add PRAGMA {} RTLNAME result_223_fu_8936_p2 SOURCE mmult.cpp:165 VARIABLE result_223 LOOP systolic1 BUNDLEDNAME {} DSP 0 BRAM 0 URAM 0 STORAGESUBTYPE {} DISPNAME {bind_op add} VISIBLE true} {BINDTYPE op ID {} IMPL auto_sel LATENCY 0 OPTYPE select PRAGMA {} RTLNAME last_224_fu_8941_p3 SOURCE mmult.cpp:159 VARIABLE last_224 LOOP systolic1 BUNDLEDNAME {} DSP 0 BRAM 0 URAM 0 STORAGESUBTYPE {} DISPNAME {bind_op select} VISIBLE false} {BINDTYPE op ID {} IMPL auto_sel LATENCY 0 OPTYPE select PRAGMA {} RTLNAME a_val_14_fu_5471_p3 SOURCE mmult.cpp:163 VARIABLE a_val_14 LOOP systolic1 BUNDLEDNAME {} DSP 0 BRAM 0 URAM 0 STORAGESUBTYPE {} DISPNAME {bind_op select} VISIBLE false} {BINDTYPE op ID {} IMPL auto LATENCY 1 OPTYPE mul PRAGMA {} RTLNAME mul_32s_32s_32_2_1_U261 SOURCE mmult.cpp:165 VARIABLE mul_ln165_224 LOOP systolic1 BUNDLEDNAME {} DSP 3 BRAM 0 URAM 0 STORAGESUBTYPE {} DISPNAME {bind_op mul} VISIBLE true} {BINDTYPE op ID {} IMPL fabric LATENCY 0 OPTYPE add PRAGMA {} RTLNAME result_224_fu_8948_p2 SOURCE mmult.cpp:165 VARIABLE result_224 LOOP systolic1 BUNDLEDNAME {} DSP 0 BRAM 0 URAM 0 STORAGESUBTYPE {} DISPNAME {bind_op add} VISIBLE true} {BINDTYPE op ID {} IMPL auto_sel LATENCY 0 OPTYPE select PRAGMA {} RTLNAME last_225_fu_8953_p3 SOURCE mmult.cpp:159 VARIABLE last_225 LOOP systolic1 BUNDLEDNAME {} DSP 0 BRAM 0 URAM 0 STORAGESUBTYPE {} DISPNAME {bind_op select} VISIBLE false} {BINDTYPE op ID {} IMPL auto LATENCY 1 OPTYPE mul PRAGMA {} RTLNAME mul_32s_32s_32_2_1_U262 SOURCE mmult.cpp:165 VARIABLE mul_ln165_225 LOOP systolic1 BUNDLEDNAME {} DSP 3 BRAM 0 URAM 0 STORAGESUBTYPE {} DISPNAME {bind_op mul} VISIBLE true} {BINDTYPE op ID {} IMPL fabric LATENCY 0 OPTYPE add PRAGMA {} RTLNAME result_225_fu_8960_p2 SOURCE mmult.cpp:165 VARIABLE result_225 LOOP systolic1 BUNDLEDNAME {} DSP 0 BRAM 0 URAM 0 STORAGESUBTYPE {} DISPNAME {bind_op add} VISIBLE true} {BINDTYPE op ID {} IMPL auto_sel LATENCY 0 OPTYPE select PRAGMA {} RTLNAME last_226_fu_8965_p3 SOURCE mmult.cpp:159 VARIABLE last_226 LOOP systolic1 BUNDLEDNAME {} DSP 0 BRAM 0 URAM 0 STORAGESUBTYPE {} DISPNAME {bind_op select} VISIBLE false} {BINDTYPE op ID {} IMPL auto LATENCY 1 OPTYPE mul PRAGMA {} RTLNAME mul_32s_32s_32_2_1_U263 SOURCE mmult.cpp:165 VARIABLE mul_ln165_226 LOOP systolic1 BUNDLEDNAME {} DSP 3 BRAM 0 URAM 0 STORAGESUBTYPE {} DISPNAME {bind_op mul} VISIBLE true} {BINDTYPE op ID {} IMPL fabric LATENCY 0 OPTYPE add PRAGMA {} RTLNAME result_226_fu_8972_p2 SOURCE mmult.cpp:165 VARIABLE result_226 LOOP systolic1 BUNDLEDNAME {} DSP 0 BRAM 0 URAM 0 STORAGESUBTYPE {} DISPNAME {bind_op add} VISIBLE true} {BINDTYPE op ID {} IMPL auto_sel LATENCY 0 OPTYPE select PRAGMA {} RTLNAME last_227_fu_8977_p3 SOURCE mmult.cpp:159 VARIABLE last_227 LOOP systolic1 BUNDLEDNAME {} DSP 0 BRAM 0 URAM 0 STORAGESUBTYPE {} DISPNAME {bind_op select} VISIBLE false} {BINDTYPE op ID {} IMPL auto LATENCY 1 OPTYPE mul PRAGMA {} RTLNAME mul_32s_32s_32_2_1_U264 SOURCE mmult.cpp:165 VARIABLE mul_ln165_227 LOOP systolic1 BUNDLEDNAME {} DSP 3 BRAM 0 URAM 0 STORAGESUBTYPE {} DISPNAME {bind_op mul} VISIBLE true} {BINDTYPE op ID {} IMPL fabric LATENCY 0 OPTYPE add PRAGMA {} RTLNAME result_227_fu_8984_p2 SOURCE mmult.cpp:165 VARIABLE result_227 LOOP systolic1 BUNDLEDNAME {} DSP 0 BRAM 0 URAM 0 STORAGESUBTYPE {} DISPNAME {bind_op add} VISIBLE true} {BINDTYPE op ID {} IMPL auto_sel LATENCY 0 OPTYPE select PRAGMA {} RTLNAME last_228_fu_8989_p3 SOURCE mmult.cpp:159 VARIABLE last_228 LOOP systolic1 BUNDLEDNAME {} DSP 0 BRAM 0 URAM 0 STORAGESUBTYPE {} DISPNAME {bind_op select} VISIBLE false} {BINDTYPE op ID {} IMPL auto LATENCY 1 OPTYPE mul PRAGMA {} RTLNAME mul_32s_32s_32_2_1_U265 SOURCE mmult.cpp:165 VARIABLE mul_ln165_228 LOOP systolic1 BUNDLEDNAME {} DSP 3 BRAM 0 URAM 0 STORAGESUBTYPE {} DISPNAME {bind_op mul} VISIBLE true} {BINDTYPE op ID {} IMPL fabric LATENCY 0 OPTYPE add PRAGMA {} RTLNAME result_228_fu_8996_p2 SOURCE mmult.cpp:165 VARIABLE result_228 LOOP systolic1 BUNDLEDNAME {} DSP 0 BRAM 0 URAM 0 STORAGESUBTYPE {} DISPNAME {bind_op add} VISIBLE true} {BINDTYPE op ID {} IMPL auto_sel LATENCY 0 OPTYPE select PRAGMA {} RTLNAME last_229_fu_9001_p3 SOURCE mmult.cpp:159 VARIABLE last_229 LOOP systolic1 BUNDLEDNAME {} DSP 0 BRAM 0 URAM 0 STORAGESUBTYPE {} DISPNAME {bind_op select} VISIBLE false} {BINDTYPE op ID {} IMPL auto LATENCY 1 OPTYPE mul PRAGMA {} RTLNAME mul_32s_32s_32_2_1_U266 SOURCE mmult.cpp:165 VARIABLE mul_ln165_229 LOOP systolic1 BUNDLEDNAME {} DSP 3 BRAM 0 URAM 0 STORAGESUBTYPE {} DISPNAME {bind_op mul} VISIBLE true} {BINDTYPE op ID {} IMPL fabric LATENCY 0 OPTYPE add PRAGMA {} RTLNAME result_229_fu_9008_p2 SOURCE mmult.cpp:165 VARIABLE result_229 LOOP systolic1 BUNDLEDNAME {} DSP 0 BRAM 0 URAM 0 STORAGESUBTYPE {} DISPNAME {bind_op add} VISIBLE true} {BINDTYPE op ID {} IMPL auto_sel LATENCY 0 OPTYPE select PRAGMA {} RTLNAME last_230_fu_9013_p3 SOURCE mmult.cpp:159 VARIABLE last_230 LOOP systolic1 BUNDLEDNAME {} DSP 0 BRAM 0 URAM 0 STORAGESUBTYPE {} DISPNAME {bind_op select} VISIBLE false} {BINDTYPE op ID {} IMPL auto LATENCY 1 OPTYPE mul PRAGMA {} RTLNAME mul_32s_32s_32_2_1_U267 SOURCE mmult.cpp:165 VARIABLE mul_ln165_230 LOOP systolic1 BUNDLEDNAME {} DSP 3 BRAM 0 URAM 0 STORAGESUBTYPE {} DISPNAME {bind_op mul} VISIBLE true} {BINDTYPE op ID {} IMPL fabric LATENCY 0 OPTYPE add PRAGMA {} RTLNAME result_230_fu_9020_p2 SOURCE mmult.cpp:165 VARIABLE result_230 LOOP systolic1 BUNDLEDNAME {} DSP 0 BRAM 0 URAM 0 STORAGESUBTYPE {} DISPNAME {bind_op add} VISIBLE true} {BINDTYPE op ID {} IMPL auto_sel LATENCY 0 OPTYPE select PRAGMA {} RTLNAME last_231_fu_9025_p3 SOURCE mmult.cpp:159 VARIABLE last_231 LOOP systolic1 BUNDLEDNAME {} DSP 0 BRAM 0 URAM 0 STORAGESUBTYPE {} DISPNAME {bind_op select} VISIBLE false} {BINDTYPE op ID {} IMPL auto LATENCY 1 OPTYPE mul PRAGMA {} RTLNAME mul_32s_32s_32_2_1_U268 SOURCE mmult.cpp:165 VARIABLE mul_ln165_231 LOOP systolic1 BUNDLEDNAME {} DSP 3 BRAM 0 URAM 0 STORAGESUBTYPE {} DISPNAME {bind_op mul} VISIBLE true} {BINDTYPE op ID {} IMPL fabric LATENCY 0 OPTYPE add PRAGMA {} RTLNAME result_231_fu_9032_p2 SOURCE mmult.cpp:165 VARIABLE result_231 LOOP systolic1 BUNDLEDNAME {} DSP 0 BRAM 0 URAM 0 STORAGESUBTYPE {} DISPNAME {bind_op add} VISIBLE true} {BINDTYPE op ID {} IMPL auto_sel LATENCY 0 OPTYPE select PRAGMA {} RTLNAME last_232_fu_9037_p3 SOURCE mmult.cpp:159 VARIABLE last_232 LOOP systolic1 BUNDLEDNAME {} DSP 0 BRAM 0 URAM 0 STORAGESUBTYPE {} DISPNAME {bind_op select} VISIBLE false} {BINDTYPE op ID {} IMPL auto LATENCY 1 OPTYPE mul PRAGMA {} RTLNAME mul_32s_32s_32_2_1_U269 SOURCE mmult.cpp:165 VARIABLE mul_ln165_232 LOOP systolic1 BUNDLEDNAME {} DSP 3 BRAM 0 URAM 0 STORAGESUBTYPE {} DISPNAME {bind_op mul} VISIBLE true} {BINDTYPE op ID {} IMPL fabric LATENCY 0 OPTYPE add PRAGMA {} RTLNAME result_232_fu_9044_p2 SOURCE mmult.cpp:165 VARIABLE result_232 LOOP systolic1 BUNDLEDNAME {} DSP 0 BRAM 0 URAM 0 STORAGESUBTYPE {} DISPNAME {bind_op add} VISIBLE true} {BINDTYPE op ID {} IMPL auto_sel LATENCY 0 OPTYPE select PRAGMA {} RTLNAME last_233_fu_9049_p3 SOURCE mmult.cpp:159 VARIABLE last_233 LOOP systolic1 BUNDLEDNAME {} DSP 0 BRAM 0 URAM 0 STORAGESUBTYPE {} DISPNAME {bind_op select} VISIBLE false} {BINDTYPE op ID {} IMPL auto LATENCY 1 OPTYPE mul PRAGMA {} RTLNAME mul_32s_32s_32_2_1_U270 SOURCE mmult.cpp:165 VARIABLE mul_ln165_233 LOOP systolic1 BUNDLEDNAME {} DSP 3 BRAM 0 URAM 0 STORAGESUBTYPE {} DISPNAME {bind_op mul} VISIBLE true} {BINDTYPE op ID {} IMPL fabric LATENCY 0 OPTYPE add PRAGMA {} RTLNAME result_233_fu_9056_p2 SOURCE mmult.cpp:165 VARIABLE result_233 LOOP systolic1 BUNDLEDNAME {} DSP 0 BRAM 0 URAM 0 STORAGESUBTYPE {} DISPNAME {bind_op add} VISIBLE true} {BINDTYPE op ID {} IMPL auto_sel LATENCY 0 OPTYPE select PRAGMA {} RTLNAME last_234_fu_9061_p3 SOURCE mmult.cpp:159 VARIABLE last_234 LOOP systolic1 BUNDLEDNAME {} DSP 0 BRAM 0 URAM 0 STORAGESUBTYPE {} DISPNAME {bind_op select} VISIBLE false} {BINDTYPE op ID {} IMPL auto LATENCY 1 OPTYPE mul PRAGMA {} RTLNAME mul_32s_32s_32_2_1_U271 SOURCE mmult.cpp:165 VARIABLE mul_ln165_234 LOOP systolic1 BUNDLEDNAME {} DSP 3 BRAM 0 URAM 0 STORAGESUBTYPE {} DISPNAME {bind_op mul} VISIBLE true} {BINDTYPE op ID {} IMPL fabric LATENCY 0 OPTYPE add PRAGMA {} RTLNAME result_234_fu_9068_p2 SOURCE mmult.cpp:165 VARIABLE result_234 LOOP systolic1 BUNDLEDNAME {} DSP 0 BRAM 0 URAM 0 STORAGESUBTYPE {} DISPNAME {bind_op add} VISIBLE true} {BINDTYPE op ID {} IMPL auto_sel LATENCY 0 OPTYPE select PRAGMA {} RTLNAME last_235_fu_9073_p3 SOURCE mmult.cpp:159 VARIABLE last_235 LOOP systolic1 BUNDLEDNAME {} DSP 0 BRAM 0 URAM 0 STORAGESUBTYPE {} DISPNAME {bind_op select} VISIBLE false} {BINDTYPE op ID {} IMPL auto LATENCY 1 OPTYPE mul PRAGMA {} RTLNAME mul_32s_32s_32_2_1_U272 SOURCE mmult.cpp:165 VARIABLE mul_ln165_235 LOOP systolic1 BUNDLEDNAME {} DSP 3 BRAM 0 URAM 0 STORAGESUBTYPE {} DISPNAME {bind_op mul} VISIBLE true} {BINDTYPE op ID {} IMPL fabric LATENCY 0 OPTYPE add PRAGMA {} RTLNAME result_235_fu_9080_p2 SOURCE mmult.cpp:165 VARIABLE result_235 LOOP systolic1 BUNDLEDNAME {} DSP 0 BRAM 0 URAM 0 STORAGESUBTYPE {} DISPNAME {bind_op add} VISIBLE true} {BINDTYPE op ID {} IMPL auto_sel LATENCY 0 OPTYPE select PRAGMA {} RTLNAME last_236_fu_9085_p3 SOURCE mmult.cpp:159 VARIABLE last_236 LOOP systolic1 BUNDLEDNAME {} DSP 0 BRAM 0 URAM 0 STORAGESUBTYPE {} DISPNAME {bind_op select} VISIBLE false} {BINDTYPE op ID {} IMPL auto LATENCY 1 OPTYPE mul PRAGMA {} RTLNAME mul_32s_32s_32_2_1_U273 SOURCE mmult.cpp:165 VARIABLE mul_ln165_236 LOOP systolic1 BUNDLEDNAME {} DSP 3 BRAM 0 URAM 0 STORAGESUBTYPE {} DISPNAME {bind_op mul} VISIBLE true} {BINDTYPE op ID {} IMPL fabric LATENCY 0 OPTYPE add PRAGMA {} RTLNAME result_236_fu_9092_p2 SOURCE mmult.cpp:165 VARIABLE result_236 LOOP systolic1 BUNDLEDNAME {} DSP 0 BRAM 0 URAM 0 STORAGESUBTYPE {} DISPNAME {bind_op add} VISIBLE true} {BINDTYPE op ID {} IMPL auto_sel LATENCY 0 OPTYPE select PRAGMA {} RTLNAME last_237_fu_9097_p3 SOURCE mmult.cpp:159 VARIABLE last_237 LOOP systolic1 BUNDLEDNAME {} DSP 0 BRAM 0 URAM 0 STORAGESUBTYPE {} DISPNAME {bind_op select} VISIBLE false} {BINDTYPE op ID {} IMPL auto LATENCY 1 OPTYPE mul PRAGMA {} RTLNAME mul_32s_32s_32_2_1_U274 SOURCE mmult.cpp:165 VARIABLE mul_ln165_237 LOOP systolic1 BUNDLEDNAME {} DSP 3 BRAM 0 URAM 0 STORAGESUBTYPE {} DISPNAME {bind_op mul} VISIBLE true} {BINDTYPE op ID {} IMPL fabric LATENCY 0 OPTYPE add PRAGMA {} RTLNAME result_237_fu_9104_p2 SOURCE mmult.cpp:165 VARIABLE result_237 LOOP systolic1 BUNDLEDNAME {} DSP 0 BRAM 0 URAM 0 STORAGESUBTYPE {} DISPNAME {bind_op add} VISIBLE true} {BINDTYPE op ID {} IMPL auto_sel LATENCY 0 OPTYPE select PRAGMA {} RTLNAME last_238_fu_9109_p3 SOURCE mmult.cpp:159 VARIABLE last_238 LOOP systolic1 BUNDLEDNAME {} DSP 0 BRAM 0 URAM 0 STORAGESUBTYPE {} DISPNAME {bind_op select} VISIBLE false} {BINDTYPE op ID {} IMPL auto LATENCY 1 OPTYPE mul PRAGMA {} RTLNAME mul_32s_32s_32_2_1_U275 SOURCE mmult.cpp:165 VARIABLE mul_ln165_238 LOOP systolic1 BUNDLEDNAME {} DSP 3 BRAM 0 URAM 0 STORAGESUBTYPE {} DISPNAME {bind_op mul} VISIBLE true} {BINDTYPE op ID {} IMPL fabric LATENCY 0 OPTYPE add PRAGMA {} RTLNAME result_238_fu_9116_p2 SOURCE mmult.cpp:165 VARIABLE result_238 LOOP systolic1 BUNDLEDNAME {} DSP 0 BRAM 0 URAM 0 STORAGESUBTYPE {} DISPNAME {bind_op add} VISIBLE true} {BINDTYPE op ID {} IMPL auto_sel LATENCY 0 OPTYPE select PRAGMA {} RTLNAME last_239_fu_9121_p3 SOURCE mmult.cpp:159 VARIABLE last_239 LOOP systolic1 BUNDLEDNAME {} DSP 0 BRAM 0 URAM 0 STORAGESUBTYPE {} DISPNAME {bind_op select} VISIBLE false} {BINDTYPE op ID {} IMPL auto LATENCY 1 OPTYPE mul PRAGMA {} RTLNAME mul_32s_32s_32_2_1_U276 SOURCE mmult.cpp:165 VARIABLE mul_ln165_239 LOOP systolic1 BUNDLEDNAME {} DSP 3 BRAM 0 URAM 0 STORAGESUBTYPE {} DISPNAME {bind_op mul} VISIBLE true} {BINDTYPE op ID {} IMPL fabric LATENCY 0 OPTYPE add PRAGMA {} RTLNAME result_239_fu_9128_p2 SOURCE mmult.cpp:165 VARIABLE result_239 LOOP systolic1 BUNDLEDNAME {} DSP 0 BRAM 0 URAM 0 STORAGESUBTYPE {} DISPNAME {bind_op add} VISIBLE true} {BINDTYPE op ID {} IMPL auto_sel LATENCY 0 OPTYPE select PRAGMA {} RTLNAME last_240_fu_9133_p3 SOURCE mmult.cpp:159 VARIABLE last_240 LOOP systolic1 BUNDLEDNAME {} DSP 0 BRAM 0 URAM 0 STORAGESUBTYPE {} DISPNAME {bind_op select} VISIBLE false} {BINDTYPE op ID {} IMPL auto_sel LATENCY 0 OPTYPE select PRAGMA {} RTLNAME a_val_15_fu_5478_p3 SOURCE mmult.cpp:163 VARIABLE a_val_15 LOOP systolic1 BUNDLEDNAME {} DSP 0 BRAM 0 URAM 0 STORAGESUBTYPE {} DISPNAME {bind_op select} VISIBLE false} {BINDTYPE op ID {} IMPL auto LATENCY 1 OPTYPE mul PRAGMA {} RTLNAME mul_32s_32s_32_2_1_U277 SOURCE mmult.cpp:165 VARIABLE mul_ln165_240 LOOP systolic1 BUNDLEDNAME {} DSP 3 BRAM 0 URAM 0 STORAGESUBTYPE {} DISPNAME {bind_op mul} VISIBLE true} {BINDTYPE op ID {} IMPL fabric LATENCY 0 OPTYPE add PRAGMA {} RTLNAME result_240_fu_9140_p2 SOURCE mmult.cpp:165 VARIABLE result_240 LOOP systolic1 BUNDLEDNAME {} DSP 0 BRAM 0 URAM 0 STORAGESUBTYPE {} DISPNAME {bind_op add} VISIBLE true} {BINDTYPE op ID {} IMPL auto_sel LATENCY 0 OPTYPE select PRAGMA {} RTLNAME last_241_fu_9145_p3 SOURCE mmult.cpp:159 VARIABLE last_241 LOOP systolic1 BUNDLEDNAME {} DSP 0 BRAM 0 URAM 0 STORAGESUBTYPE {} DISPNAME {bind_op select} VISIBLE false} {BINDTYPE op ID {} IMPL auto LATENCY 1 OPTYPE mul PRAGMA {} RTLNAME mul_32s_32s_32_2_1_U278 SOURCE mmult.cpp:165 VARIABLE mul_ln165_241 LOOP systolic1 BUNDLEDNAME {} DSP 3 BRAM 0 URAM 0 STORAGESUBTYPE {} DISPNAME {bind_op mul} VISIBLE true} {BINDTYPE op ID {} IMPL fabric LATENCY 0 OPTYPE add PRAGMA {} RTLNAME result_241_fu_9152_p2 SOURCE mmult.cpp:165 VARIABLE result_241 LOOP systolic1 BUNDLEDNAME {} DSP 0 BRAM 0 URAM 0 STORAGESUBTYPE {} DISPNAME {bind_op add} VISIBLE true} {BINDTYPE op ID {} IMPL auto_sel LATENCY 0 OPTYPE select PRAGMA {} RTLNAME last_242_fu_9157_p3 SOURCE mmult.cpp:159 VARIABLE last_242 LOOP systolic1 BUNDLEDNAME {} DSP 0 BRAM 0 URAM 0 STORAGESUBTYPE {} DISPNAME {bind_op select} VISIBLE false} {BINDTYPE op ID {} IMPL auto LATENCY 1 OPTYPE mul PRAGMA {} RTLNAME mul_32s_32s_32_2_1_U279 SOURCE mmult.cpp:165 VARIABLE mul_ln165_242 LOOP systolic1 BUNDLEDNAME {} DSP 3 BRAM 0 URAM 0 STORAGESUBTYPE {} DISPNAME {bind_op mul} VISIBLE true} {BINDTYPE op ID {} IMPL fabric LATENCY 0 OPTYPE add PRAGMA {} RTLNAME result_242_fu_9164_p2 SOURCE mmult.cpp:165 VARIABLE result_242 LOOP systolic1 BUNDLEDNAME {} DSP 0 BRAM 0 URAM 0 STORAGESUBTYPE {} DISPNAME {bind_op add} VISIBLE true} {BINDTYPE op ID {} IMPL auto_sel LATENCY 0 OPTYPE select PRAGMA {} RTLNAME last_243_fu_9169_p3 SOURCE mmult.cpp:159 VARIABLE last_243 LOOP systolic1 BUNDLEDNAME {} DSP 0 BRAM 0 URAM 0 STORAGESUBTYPE {} DISPNAME {bind_op select} VISIBLE false} {BINDTYPE op ID {} IMPL auto LATENCY 1 OPTYPE mul PRAGMA {} RTLNAME mul_32s_32s_32_2_1_U280 SOURCE mmult.cpp:165 VARIABLE mul_ln165_243 LOOP systolic1 BUNDLEDNAME {} DSP 3 BRAM 0 URAM 0 STORAGESUBTYPE {} DISPNAME {bind_op mul} VISIBLE true} {BINDTYPE op ID {} IMPL fabric LATENCY 0 OPTYPE add PRAGMA {} RTLNAME result_243_fu_9176_p2 SOURCE mmult.cpp:165 VARIABLE result_243 LOOP systolic1 BUNDLEDNAME {} DSP 0 BRAM 0 URAM 0 STORAGESUBTYPE {} DISPNAME {bind_op add} VISIBLE true} {BINDTYPE op ID {} IMPL auto_sel LATENCY 0 OPTYPE select PRAGMA {} RTLNAME last_244_fu_9181_p3 SOURCE mmult.cpp:159 VARIABLE last_244 LOOP systolic1 BUNDLEDNAME {} DSP 0 BRAM 0 URAM 0 STORAGESUBTYPE {} DISPNAME {bind_op select} VISIBLE false} {BINDTYPE op ID {} IMPL auto LATENCY 1 OPTYPE mul PRAGMA {} RTLNAME mul_32s_32s_32_2_1_U281 SOURCE mmult.cpp:165 VARIABLE mul_ln165_244 LOOP systolic1 BUNDLEDNAME {} DSP 3 BRAM 0 URAM 0 STORAGESUBTYPE {} DISPNAME {bind_op mul} VISIBLE true} {BINDTYPE op ID {} IMPL fabric LATENCY 0 OPTYPE add PRAGMA {} RTLNAME result_244_fu_9188_p2 SOURCE mmult.cpp:165 VARIABLE result_244 LOOP systolic1 BUNDLEDNAME {} DSP 0 BRAM 0 URAM 0 STORAGESUBTYPE {} DISPNAME {bind_op add} VISIBLE true} {BINDTYPE op ID {} IMPL auto_sel LATENCY 0 OPTYPE select PRAGMA {} RTLNAME last_245_fu_9193_p3 SOURCE mmult.cpp:159 VARIABLE last_245 LOOP systolic1 BUNDLEDNAME {} DSP 0 BRAM 0 URAM 0 STORAGESUBTYPE {} DISPNAME {bind_op select} VISIBLE false} {BINDTYPE op ID {} IMPL auto LATENCY 1 OPTYPE mul PRAGMA {} RTLNAME mul_32s_32s_32_2_1_U282 SOURCE mmult.cpp:165 VARIABLE mul_ln165_245 LOOP systolic1 BUNDLEDNAME {} DSP 3 BRAM 0 URAM 0 STORAGESUBTYPE {} DISPNAME {bind_op mul} VISIBLE true} {BINDTYPE op ID {} IMPL fabric LATENCY 0 OPTYPE add PRAGMA {} RTLNAME result_245_fu_9200_p2 SOURCE mmult.cpp:165 VARIABLE result_245 LOOP systolic1 BUNDLEDNAME {} DSP 0 BRAM 0 URAM 0 STORAGESUBTYPE {} DISPNAME {bind_op add} VISIBLE true} {BINDTYPE op ID {} IMPL auto_sel LATENCY 0 OPTYPE select PRAGMA {} RTLNAME last_246_fu_9205_p3 SOURCE mmult.cpp:159 VARIABLE last_246 LOOP systolic1 BUNDLEDNAME {} DSP 0 BRAM 0 URAM 0 STORAGESUBTYPE {} DISPNAME {bind_op select} VISIBLE false} {BINDTYPE op ID {} IMPL auto LATENCY 1 OPTYPE mul PRAGMA {} RTLNAME mul_32s_32s_32_2_1_U283 SOURCE mmult.cpp:165 VARIABLE mul_ln165_246 LOOP systolic1 BUNDLEDNAME {} DSP 3 BRAM 0 URAM 0 STORAGESUBTYPE {} DISPNAME {bind_op mul} VISIBLE true} {BINDTYPE op ID {} IMPL fabric LATENCY 0 OPTYPE add PRAGMA {} RTLNAME result_246_fu_9212_p2 SOURCE mmult.cpp:165 VARIABLE result_246 LOOP systolic1 BUNDLEDNAME {} DSP 0 BRAM 0 URAM 0 STORAGESUBTYPE {} DISPNAME {bind_op add} VISIBLE true} {BINDTYPE op ID {} IMPL auto_sel LATENCY 0 OPTYPE select PRAGMA {} RTLNAME last_247_fu_9217_p3 SOURCE mmult.cpp:159 VARIABLE last_247 LOOP systolic1 BUNDLEDNAME {} DSP 0 BRAM 0 URAM 0 STORAGESUBTYPE {} DISPNAME {bind_op select} VISIBLE false} {BINDTYPE op ID {} IMPL auto LATENCY 1 OPTYPE mul PRAGMA {} RTLNAME mul_32s_32s_32_2_1_U284 SOURCE mmult.cpp:165 VARIABLE mul_ln165_247 LOOP systolic1 BUNDLEDNAME {} DSP 3 BRAM 0 URAM 0 STORAGESUBTYPE {} DISPNAME {bind_op mul} VISIBLE true} {BINDTYPE op ID {} IMPL fabric LATENCY 0 OPTYPE add PRAGMA {} RTLNAME result_247_fu_9224_p2 SOURCE mmult.cpp:165 VARIABLE result_247 LOOP systolic1 BUNDLEDNAME {} DSP 0 BRAM 0 URAM 0 STORAGESUBTYPE {} DISPNAME {bind_op add} VISIBLE true} {BINDTYPE op ID {} IMPL auto_sel LATENCY 0 OPTYPE select PRAGMA {} RTLNAME last_248_fu_9229_p3 SOURCE mmult.cpp:159 VARIABLE last_248 LOOP systolic1 BUNDLEDNAME {} DSP 0 BRAM 0 URAM 0 STORAGESUBTYPE {} DISPNAME {bind_op select} VISIBLE false} {BINDTYPE op ID {} IMPL auto LATENCY 1 OPTYPE mul PRAGMA {} RTLNAME mul_32s_32s_32_2_1_U285 SOURCE mmult.cpp:165 VARIABLE mul_ln165_248 LOOP systolic1 BUNDLEDNAME {} DSP 3 BRAM 0 URAM 0 STORAGESUBTYPE {} DISPNAME {bind_op mul} VISIBLE true} {BINDTYPE op ID {} IMPL fabric LATENCY 0 OPTYPE add PRAGMA {} RTLNAME result_248_fu_9236_p2 SOURCE mmult.cpp:165 VARIABLE result_248 LOOP systolic1 BUNDLEDNAME {} DSP 0 BRAM 0 URAM 0 STORAGESUBTYPE {} DISPNAME {bind_op add} VISIBLE true} {BINDTYPE op ID {} IMPL auto_sel LATENCY 0 OPTYPE select PRAGMA {} RTLNAME last_249_fu_9241_p3 SOURCE mmult.cpp:159 VARIABLE last_249 LOOP systolic1 BUNDLEDNAME {} DSP 0 BRAM 0 URAM 0 STORAGESUBTYPE {} DISPNAME {bind_op select} VISIBLE false} {BINDTYPE op ID {} IMPL auto LATENCY 1 OPTYPE mul PRAGMA {} RTLNAME mul_32s_32s_32_2_1_U286 SOURCE mmult.cpp:165 VARIABLE mul_ln165_249 LOOP systolic1 BUNDLEDNAME {} DSP 3 BRAM 0 URAM 0 STORAGESUBTYPE {} DISPNAME {bind_op mul} VISIBLE true} {BINDTYPE op ID {} IMPL fabric LATENCY 0 OPTYPE add PRAGMA {} RTLNAME result_249_fu_9248_p2 SOURCE mmult.cpp:165 VARIABLE result_249 LOOP systolic1 BUNDLEDNAME {} DSP 0 BRAM 0 URAM 0 STORAGESUBTYPE {} DISPNAME {bind_op add} VISIBLE true} {BINDTYPE op ID {} IMPL auto_sel LATENCY 0 OPTYPE select PRAGMA {} RTLNAME last_250_fu_9253_p3 SOURCE mmult.cpp:159 VARIABLE last_250 LOOP systolic1 BUNDLEDNAME {} DSP 0 BRAM 0 URAM 0 STORAGESUBTYPE {} DISPNAME {bind_op select} VISIBLE false} {BINDTYPE op ID {} IMPL auto LATENCY 1 OPTYPE mul PRAGMA {} RTLNAME mul_32s_32s_32_2_1_U287 SOURCE mmult.cpp:165 VARIABLE mul_ln165_250 LOOP systolic1 BUNDLEDNAME {} DSP 3 BRAM 0 URAM 0 STORAGESUBTYPE {} DISPNAME {bind_op mul} VISIBLE true} {BINDTYPE op ID {} IMPL fabric LATENCY 0 OPTYPE add PRAGMA {} RTLNAME result_250_fu_9260_p2 SOURCE mmult.cpp:165 VARIABLE result_250 LOOP systolic1 BUNDLEDNAME {} DSP 0 BRAM 0 URAM 0 STORAGESUBTYPE {} DISPNAME {bind_op add} VISIBLE true} {BINDTYPE op ID {} IMPL auto_sel LATENCY 0 OPTYPE select PRAGMA {} RTLNAME last_251_fu_9265_p3 SOURCE mmult.cpp:159 VARIABLE last_251 LOOP systolic1 BUNDLEDNAME {} DSP 0 BRAM 0 URAM 0 STORAGESUBTYPE {} DISPNAME {bind_op select} VISIBLE false} {BINDTYPE op ID {} IMPL auto LATENCY 1 OPTYPE mul PRAGMA {} RTLNAME mul_32s_32s_32_2_1_U288 SOURCE mmult.cpp:165 VARIABLE mul_ln165_251 LOOP systolic1 BUNDLEDNAME {} DSP 3 BRAM 0 URAM 0 STORAGESUBTYPE {} DISPNAME {bind_op mul} VISIBLE true} {BINDTYPE op ID {} IMPL fabric LATENCY 0 OPTYPE add PRAGMA {} RTLNAME result_251_fu_9272_p2 SOURCE mmult.cpp:165 VARIABLE result_251 LOOP systolic1 BUNDLEDNAME {} DSP 0 BRAM 0 URAM 0 STORAGESUBTYPE {} DISPNAME {bind_op add} VISIBLE true} {BINDTYPE op ID {} IMPL auto_sel LATENCY 0 OPTYPE select PRAGMA {} RTLNAME last_252_fu_9277_p3 SOURCE mmult.cpp:159 VARIABLE last_252 LOOP systolic1 BUNDLEDNAME {} DSP 0 BRAM 0 URAM 0 STORAGESUBTYPE {} DISPNAME {bind_op select} VISIBLE false} {BINDTYPE op ID {} IMPL auto LATENCY 1 OPTYPE mul PRAGMA {} RTLNAME mul_32s_32s_32_2_1_U289 SOURCE mmult.cpp:165 VARIABLE mul_ln165_252 LOOP systolic1 BUNDLEDNAME {} DSP 3 BRAM 0 URAM 0 STORAGESUBTYPE {} DISPNAME {bind_op mul} VISIBLE true} {BINDTYPE op ID {} IMPL fabric LATENCY 0 OPTYPE add PRAGMA {} RTLNAME result_252_fu_9284_p2 SOURCE mmult.cpp:165 VARIABLE result_252 LOOP systolic1 BUNDLEDNAME {} DSP 0 BRAM 0 URAM 0 STORAGESUBTYPE {} DISPNAME {bind_op add} VISIBLE true} {BINDTYPE op ID {} IMPL auto_sel LATENCY 0 OPTYPE select PRAGMA {} RTLNAME last_253_fu_9289_p3 SOURCE mmult.cpp:159 VARIABLE last_253 LOOP systolic1 BUNDLEDNAME {} DSP 0 BRAM 0 URAM 0 STORAGESUBTYPE {} DISPNAME {bind_op select} VISIBLE false} {BINDTYPE op ID {} IMPL auto LATENCY 1 OPTYPE mul PRAGMA {} RTLNAME mul_32s_32s_32_2_1_U290 SOURCE mmult.cpp:165 VARIABLE mul_ln165_253 LOOP systolic1 BUNDLEDNAME {} DSP 3 BRAM 0 URAM 0 STORAGESUBTYPE {} DISPNAME {bind_op mul} VISIBLE true} {BINDTYPE op ID {} IMPL fabric LATENCY 0 OPTYPE add PRAGMA {} RTLNAME result_253_fu_9296_p2 SOURCE mmult.cpp:165 VARIABLE result_253 LOOP systolic1 BUNDLEDNAME {} DSP 0 BRAM 0 URAM 0 STORAGESUBTYPE {} DISPNAME {bind_op add} VISIBLE true} {BINDTYPE op ID {} IMPL auto_sel LATENCY 0 OPTYPE select PRAGMA {} RTLNAME last_254_fu_9301_p3 SOURCE mmult.cpp:159 VARIABLE last_254 LOOP systolic1 BUNDLEDNAME {} DSP 0 BRAM 0 URAM 0 STORAGESUBTYPE {} DISPNAME {bind_op select} VISIBLE false} {BINDTYPE op ID {} IMPL auto LATENCY 1 OPTYPE mul PRAGMA {} RTLNAME mul_32s_32s_32_2_1_U291 SOURCE mmult.cpp:165 VARIABLE mul_ln165_254 LOOP systolic1 BUNDLEDNAME {} DSP 3 BRAM 0 URAM 0 STORAGESUBTYPE {} DISPNAME {bind_op mul} VISIBLE true} {BINDTYPE op ID {} IMPL fabric LATENCY 0 OPTYPE add PRAGMA {} RTLNAME result_254_fu_9308_p2 SOURCE mmult.cpp:165 VARIABLE result_254 LOOP systolic1 BUNDLEDNAME {} DSP 0 BRAM 0 URAM 0 STORAGESUBTYPE {} DISPNAME {bind_op add} VISIBLE true} {BINDTYPE op ID {} IMPL auto_sel LATENCY 0 OPTYPE select PRAGMA {} RTLNAME last_255_fu_9313_p3 SOURCE mmult.cpp:159 VARIABLE last_255 LOOP systolic1 BUNDLEDNAME {} DSP 0 BRAM 0 URAM 0 STORAGESUBTYPE {} DISPNAME {bind_op select} VISIBLE false} {BINDTYPE op ID {} IMPL auto LATENCY 1 OPTYPE mul PRAGMA {} RTLNAME mul_32s_32s_32_2_1_U292 SOURCE mmult.cpp:165 VARIABLE mul_ln165_255 LOOP systolic1 BUNDLEDNAME {} DSP 3 BRAM 0 URAM 0 STORAGESUBTYPE {} DISPNAME {bind_op mul} VISIBLE true} {BINDTYPE op ID {} IMPL fabric LATENCY 0 OPTYPE add PRAGMA {} RTLNAME result_255_fu_9320_p2 SOURCE mmult.cpp:165 VARIABLE result_255 LOOP systolic1 BUNDLEDNAME {} DSP 0 BRAM 0 URAM 0 STORAGESUBTYPE {} DISPNAME {bind_op add} VISIBLE true}} AREA {DSP 768 BRAM 0 URAM 0}} mmult_Pipeline_4 {BINDINFO {{BINDTYPE op ID {} IMPL auto LATENCY 0 OPTYPE seteq PRAGMA {} RTLNAME exitcond3_fu_2185_p2 SOURCE {} VARIABLE exitcond3 LOOP {Loop 1} BUNDLEDNAME {} DSP 0 BRAM 0 URAM 0 STORAGESUBTYPE {} DISPNAME {bind_op seteq} VISIBLE false} {BINDTYPE op ID {} IMPL fabric LATENCY 0 OPTYPE add PRAGMA {} RTLNAME empty_fu_2191_p2 SOURCE {} VARIABLE empty LOOP {Loop 1} BUNDLEDNAME {} DSP 0 BRAM 0 URAM 0 STORAGESUBTYPE {} DISPNAME {bind_op add} VISIBLE true} {BINDTYPE op ID {} IMPL compactencoding_dontcare LATENCY 0 OPTYPE sparsemux PRAGMA {} RTLNAME sparsemux_33_4_32_1_1_U593 SOURCE {} VARIABLE tmp LOOP {Loop 1} BUNDLEDNAME {} DSP 0 BRAM 0 URAM 0 STORAGESUBTYPE {} DISPNAME {bind_op sparsemux} VISIBLE false} {BINDTYPE op ID {} IMPL compactencoding_dontcare LATENCY 0 OPTYPE sparsemux PRAGMA {} RTLNAME sparsemux_33_4_32_1_1_U594 SOURCE {} VARIABLE tmp_1 LOOP {Loop 1} BUNDLEDNAME {} DSP 0 BRAM 0 URAM 0 STORAGESUBTYPE {} DISPNAME {bind_op sparsemux} VISIBLE false} {BINDTYPE op ID {} IMPL compactencoding_dontcare LATENCY 0 OPTYPE sparsemux PRAGMA {} RTLNAME sparsemux_33_4_32_1_1_U595 SOURCE {} VARIABLE tmp_2 LOOP {Loop 1} BUNDLEDNAME {} DSP 0 BRAM 0 URAM 0 STORAGESUBTYPE {} DISPNAME {bind_op sparsemux} VISIBLE false} {BINDTYPE op ID {} IMPL compactencoding_dontcare LATENCY 0 OPTYPE sparsemux PRAGMA {} RTLNAME sparsemux_33_4_32_1_1_U596 SOURCE {} VARIABLE tmp_3 LOOP {Loop 1} BUNDLEDNAME {} DSP 0 BRAM 0 URAM 0 STORAGESUBTYPE {} DISPNAME {bind_op sparsemux} VISIBLE false} {BINDTYPE op ID {} IMPL compactencoding_dontcare LATENCY 0 OPTYPE sparsemux PRAGMA {} RTLNAME sparsemux_33_4_32_1_1_U597 SOURCE {} VARIABLE tmp_4 LOOP {Loop 1} BUNDLEDNAME {} DSP 0 BRAM 0 URAM 0 STORAGESUBTYPE {} DISPNAME {bind_op sparsemux} VISIBLE false} {BINDTYPE op ID {} IMPL compactencoding_dontcare LATENCY 0 OPTYPE sparsemux PRAGMA {} RTLNAME sparsemux_33_4_32_1_1_U598 SOURCE {} VARIABLE tmp_5 LOOP {Loop 1} BUNDLEDNAME {} DSP 0 BRAM 0 URAM 0 STORAGESUBTYPE {} DISPNAME {bind_op sparsemux} VISIBLE false} {BINDTYPE op ID {} IMPL compactencoding_dontcare LATENCY 0 OPTYPE sparsemux PRAGMA {} RTLNAME sparsemux_33_4_32_1_1_U599 SOURCE {} VARIABLE tmp_6 LOOP {Loop 1} BUNDLEDNAME {} DSP 0 BRAM 0 URAM 0 STORAGESUBTYPE {} DISPNAME {bind_op sparsemux} VISIBLE false} {BINDTYPE op ID {} IMPL compactencoding_dontcare LATENCY 0 OPTYPE sparsemux PRAGMA {} RTLNAME sparsemux_33_4_32_1_1_U600 SOURCE {} VARIABLE tmp_7 LOOP {Loop 1} BUNDLEDNAME {} DSP 0 BRAM 0 URAM 0 STORAGESUBTYPE {} DISPNAME {bind_op sparsemux} VISIBLE false} {BINDTYPE op ID {} IMPL compactencoding_dontcare LATENCY 0 OPTYPE sparsemux PRAGMA {} RTLNAME sparsemux_33_4_32_1_1_U601 SOURCE {} VARIABLE tmp_8 LOOP {Loop 1} BUNDLEDNAME {} DSP 0 BRAM 0 URAM 0 STORAGESUBTYPE {} DISPNAME {bind_op sparsemux} VISIBLE false} {BINDTYPE op ID {} IMPL compactencoding_dontcare LATENCY 0 OPTYPE sparsemux PRAGMA {} RTLNAME sparsemux_33_4_32_1_1_U602 SOURCE {} VARIABLE tmp_9 LOOP {Loop 1} BUNDLEDNAME {} DSP 0 BRAM 0 URAM 0 STORAGESUBTYPE {} DISPNAME {bind_op sparsemux} VISIBLE false} {BINDTYPE op ID {} IMPL compactencoding_dontcare LATENCY 0 OPTYPE sparsemux PRAGMA {} RTLNAME sparsemux_33_4_32_1_1_U603 SOURCE {} VARIABLE tmp_s LOOP {Loop 1} BUNDLEDNAME {} DSP 0 BRAM 0 URAM 0 STORAGESUBTYPE {} DISPNAME {bind_op sparsemux} VISIBLE false} {BINDTYPE op ID {} IMPL compactencoding_dontcare LATENCY 0 OPTYPE sparsemux PRAGMA {} RTLNAME sparsemux_33_4_32_1_1_U604 SOURCE {} VARIABLE tmp_10 LOOP {Loop 1} BUNDLEDNAME {} DSP 0 BRAM 0 URAM 0 STORAGESUBTYPE {} DISPNAME {bind_op sparsemux} VISIBLE false} {BINDTYPE op ID {} IMPL compactencoding_dontcare LATENCY 0 OPTYPE sparsemux PRAGMA {} RTLNAME sparsemux_33_4_32_1_1_U605 SOURCE {} VARIABLE tmp_11 LOOP {Loop 1} BUNDLEDNAME {} DSP 0 BRAM 0 URAM 0 STORAGESUBTYPE {} DISPNAME {bind_op sparsemux} VISIBLE false} {BINDTYPE op ID {} IMPL compactencoding_dontcare LATENCY 0 OPTYPE sparsemux PRAGMA {} RTLNAME sparsemux_33_4_32_1_1_U606 SOURCE {} VARIABLE tmp_12 LOOP {Loop 1} BUNDLEDNAME {} DSP 0 BRAM 0 URAM 0 STORAGESUBTYPE {} DISPNAME {bind_op sparsemux} VISIBLE false} {BINDTYPE op ID {} IMPL compactencoding_dontcare LATENCY 0 OPTYPE sparsemux PRAGMA {} RTLNAME sparsemux_33_4_32_1_1_U607 SOURCE {} VARIABLE tmp_13 LOOP {Loop 1} BUNDLEDNAME {} DSP 0 BRAM 0 URAM 0 STORAGESUBTYPE {} DISPNAME {bind_op sparsemux} VISIBLE false} {BINDTYPE op ID {} IMPL compactencoding_dontcare LATENCY 0 OPTYPE sparsemux PRAGMA {} RTLNAME sparsemux_33_4_32_1_1_U608 SOURCE {} VARIABLE tmp_14 LOOP {Loop 1} BUNDLEDNAME {} DSP 0 BRAM 0 URAM 0 STORAGESUBTYPE {} DISPNAME {bind_op sparsemux} VISIBLE false} {BINDTYPE op ID {} IMPL compactencoding_dontcare LATENCY 0 OPTYPE sparsemux PRAGMA {} RTLNAME sparsemux_33_4_32_1_1_U609 SOURCE {} VARIABLE tmp_15 LOOP {Loop 1} BUNDLEDNAME {} DSP 0 BRAM 0 URAM 0 STORAGESUBTYPE {} DISPNAME {bind_op sparsemux} VISIBLE false} {BINDTYPE op ID {} IMPL auto LATENCY 0 OPTYPE seteq PRAGMA {} RTLNAME empty_33_fu_3435_p2 SOURCE {} VARIABLE empty_33 LOOP {Loop 1} BUNDLEDNAME {} DSP 0 BRAM 0 URAM 0 STORAGESUBTYPE {} DISPNAME {bind_op seteq} VISIBLE false} {BINDTYPE op ID {} IMPL auto_sel LATENCY 0 OPTYPE select PRAGMA {} RTLNAME empty_31_fu_3483_p3 SOURCE {} VARIABLE empty_31 LOOP {Loop 1} BUNDLEDNAME {} DSP 0 BRAM 0 URAM 0 STORAGESUBTYPE {} DISPNAME {bind_op select} VISIBLE false}} AREA {DSP 0 BRAM 0 URAM 0}} mmult {BINDINFO {{BINDTYPE storage ID {} IMPL auto LATENCY 1 OPTYPE ram_1p PRAGMA {} RTLNAME localA_U SOURCE mmult.cpp:92 VARIABLE localA LOOP {} BUNDLEDNAME {} DSP 0 BRAM 0 URAM 0 STORAGESUBTYPE {} STORAGESIZE {32 16 1} STORAGEUSAGE {ram_1p array} DISPNAME {bind_storage ram_1p} VISIBLE true} {BINDTYPE storage ID {} IMPL auto LATENCY 1 OPTYPE ram_1p PRAGMA {} RTLNAME localA_1_U SOURCE mmult.cpp:92 VARIABLE localA_1 LOOP {} BUNDLEDNAME {} DSP 0 BRAM 0 URAM 0 STORAGESUBTYPE {} STORAGESIZE {32 16 1} STORAGEUSAGE {ram_1p array} DISPNAME {bind_storage ram_1p} VISIBLE true} {BINDTYPE storage ID {} IMPL auto LATENCY 1 OPTYPE ram_1p PRAGMA {} RTLNAME localA_2_U SOURCE mmult.cpp:92 VARIABLE localA_2 LOOP {} BUNDLEDNAME {} DSP 0 BRAM 0 URAM 0 STORAGESUBTYPE {} STORAGESIZE {32 16 1} STORAGEUSAGE {ram_1p array} DISPNAME {bind_storage ram_1p} VISIBLE true} {BINDTYPE storage ID {} IMPL auto LATENCY 1 OPTYPE ram_1p PRAGMA {} RTLNAME localA_3_U SOURCE mmult.cpp:92 VARIABLE localA_3 LOOP {} BUNDLEDNAME {} DSP 0 BRAM 0 URAM 0 STORAGESUBTYPE {} STORAGESIZE {32 16 1} STORAGEUSAGE {ram_1p array} DISPNAME {bind_storage ram_1p} VISIBLE true} {BINDTYPE storage ID {} IMPL auto LATENCY 1 OPTYPE ram_1p PRAGMA {} RTLNAME localA_4_U SOURCE mmult.cpp:92 VARIABLE localA_4 LOOP {} BUNDLEDNAME {} DSP 0 BRAM 0 URAM 0 STORAGESUBTYPE {} STORAGESIZE {32 16 1} STORAGEUSAGE {ram_1p array} DISPNAME {bind_storage ram_1p} VISIBLE true} {BINDTYPE storage ID {} IMPL auto LATENCY 1 OPTYPE ram_1p PRAGMA {} RTLNAME localA_5_U SOURCE mmult.cpp:92 VARIABLE localA_5 LOOP {} BUNDLEDNAME {} DSP 0 BRAM 0 URAM 0 STORAGESUBTYPE {} STORAGESIZE {32 16 1} STORAGEUSAGE {ram_1p array} DISPNAME {bind_storage ram_1p} VISIBLE true} {BINDTYPE storage ID {} IMPL auto LATENCY 1 OPTYPE ram_1p PRAGMA {} RTLNAME localA_6_U SOURCE mmult.cpp:92 VARIABLE localA_6 LOOP {} BUNDLEDNAME {} DSP 0 BRAM 0 URAM 0 STORAGESUBTYPE {} STORAGESIZE {32 16 1} STORAGEUSAGE {ram_1p array} DISPNAME {bind_storage ram_1p} VISIBLE true} {BINDTYPE storage ID {} IMPL auto LATENCY 1 OPTYPE ram_1p PRAGMA {} RTLNAME localA_7_U SOURCE mmult.cpp:92 VARIABLE localA_7 LOOP {} BUNDLEDNAME {} DSP 0 BRAM 0 URAM 0 STORAGESUBTYPE {} STORAGESIZE {32 16 1} STORAGEUSAGE {ram_1p array} DISPNAME {bind_storage ram_1p} VISIBLE true} {BINDTYPE storage ID {} IMPL auto LATENCY 1 OPTYPE ram_1p PRAGMA {} RTLNAME localA_8_U SOURCE mmult.cpp:92 VARIABLE localA_8 LOOP {} BUNDLEDNAME {} DSP 0 BRAM 0 URAM 0 STORAGESUBTYPE {} STORAGESIZE {32 16 1} STORAGEUSAGE {ram_1p array} DISPNAME {bind_storage ram_1p} VISIBLE true} {BINDTYPE storage ID {} IMPL auto LATENCY 1 OPTYPE ram_1p PRAGMA {} RTLNAME localA_9_U SOURCE mmult.cpp:92 VARIABLE localA_9 LOOP {} BUNDLEDNAME {} DSP 0 BRAM 0 URAM 0 STORAGESUBTYPE {} STORAGESIZE {32 16 1} STORAGEUSAGE {ram_1p array} DISPNAME {bind_storage ram_1p} VISIBLE true} {BINDTYPE storage ID {} IMPL auto LATENCY 1 OPTYPE ram_1p PRAGMA {} RTLNAME localA_10_U SOURCE mmult.cpp:92 VARIABLE localA_10 LOOP {} BUNDLEDNAME {} DSP 0 BRAM 0 URAM 0 STORAGESUBTYPE {} STORAGESIZE {32 16 1} STORAGEUSAGE {ram_1p array} DISPNAME {bind_storage ram_1p} VISIBLE true} {BINDTYPE storage ID {} IMPL auto LATENCY 1 OPTYPE ram_1p PRAGMA {} RTLNAME localA_11_U SOURCE mmult.cpp:92 VARIABLE localA_11 LOOP {} BUNDLEDNAME {} DSP 0 BRAM 0 URAM 0 STORAGESUBTYPE {} STORAGESIZE {32 16 1} STORAGEUSAGE {ram_1p array} DISPNAME {bind_storage ram_1p} VISIBLE true} {BINDTYPE storage ID {} IMPL auto LATENCY 1 OPTYPE ram_1p PRAGMA {} RTLNAME localA_12_U SOURCE mmult.cpp:92 VARIABLE localA_12 LOOP {} BUNDLEDNAME {} DSP 0 BRAM 0 URAM 0 STORAGESUBTYPE {} STORAGESIZE {32 16 1} STORAGEUSAGE {ram_1p array} DISPNAME {bind_storage ram_1p} VISIBLE true} {BINDTYPE storage ID {} IMPL auto LATENCY 1 OPTYPE ram_1p PRAGMA {} RTLNAME localA_13_U SOURCE mmult.cpp:92 VARIABLE localA_13 LOOP {} BUNDLEDNAME {} DSP 0 BRAM 0 URAM 0 STORAGESUBTYPE {} STORAGESIZE {32 16 1} STORAGEUSAGE {ram_1p array} DISPNAME {bind_storage ram_1p} VISIBLE true} {BINDTYPE storage ID {} IMPL auto LATENCY 1 OPTYPE ram_1p PRAGMA {} RTLNAME localA_14_U SOURCE mmult.cpp:92 VARIABLE localA_14 LOOP {} BUNDLEDNAME {} DSP 0 BRAM 0 URAM 0 STORAGESUBTYPE {} STORAGESIZE {32 16 1} STORAGEUSAGE {ram_1p array} DISPNAME {bind_storage ram_1p} VISIBLE true} {BINDTYPE storage ID {} IMPL auto LATENCY 1 OPTYPE ram_1p PRAGMA {} RTLNAME localA_15_U SOURCE mmult.cpp:92 VARIABLE localA_15 LOOP {} BUNDLEDNAME {} DSP 0 BRAM 0 URAM 0 STORAGESUBTYPE {} STORAGESIZE {32 16 1} STORAGEUSAGE {ram_1p array} DISPNAME {bind_storage ram_1p} VISIBLE true} {BINDTYPE storage ID {} IMPL auto LATENCY 1 OPTYPE ram_1p PRAGMA {} RTLNAME localB_U SOURCE mmult.cpp:95 VARIABLE localB LOOP {} BUNDLEDNAME {} DSP 0 BRAM 0 URAM 0 STORAGESUBTYPE {} STORAGESIZE {32 16 1} STORAGEUSAGE {ram_1p array} DISPNAME {bind_storage ram_1p} VISIBLE true} {BINDTYPE storage ID {} IMPL auto LATENCY 1 OPTYPE ram_1p PRAGMA {} RTLNAME localB_1_U SOURCE mmult.cpp:95 VARIABLE localB_1 LOOP {} BUNDLEDNAME {} DSP 0 BRAM 0 URAM 0 STORAGESUBTYPE {} STORAGESIZE {32 16 1} STORAGEUSAGE {ram_1p array} DISPNAME {bind_storage ram_1p} VISIBLE true} {BINDTYPE storage ID {} IMPL auto LATENCY 1 OPTYPE ram_1p PRAGMA {} RTLNAME localB_2_U SOURCE mmult.cpp:95 VARIABLE localB_2 LOOP {} BUNDLEDNAME {} DSP 0 BRAM 0 URAM 0 STORAGESUBTYPE {} STORAGESIZE {32 16 1} STORAGEUSAGE {ram_1p array} DISPNAME {bind_storage ram_1p} VISIBLE true} {BINDTYPE storage ID {} IMPL auto LATENCY 1 OPTYPE ram_1p PRAGMA {} RTLNAME localB_3_U SOURCE mmult.cpp:95 VARIABLE localB_3 LOOP {} BUNDLEDNAME {} DSP 0 BRAM 0 URAM 0 STORAGESUBTYPE {} STORAGESIZE {32 16 1} STORAGEUSAGE {ram_1p array} DISPNAME {bind_storage ram_1p} VISIBLE true} {BINDTYPE storage ID {} IMPL auto LATENCY 1 OPTYPE ram_1p PRAGMA {} RTLNAME localB_4_U SOURCE mmult.cpp:95 VARIABLE localB_4 LOOP {} BUNDLEDNAME {} DSP 0 BRAM 0 URAM 0 STORAGESUBTYPE {} STORAGESIZE {32 16 1} STORAGEUSAGE {ram_1p array} DISPNAME {bind_storage ram_1p} VISIBLE true} {BINDTYPE storage ID {} IMPL auto LATENCY 1 OPTYPE ram_1p PRAGMA {} RTLNAME localB_5_U SOURCE mmult.cpp:95 VARIABLE localB_5 LOOP {} BUNDLEDNAME {} DSP 0 BRAM 0 URAM 0 STORAGESUBTYPE {} STORAGESIZE {32 16 1} STORAGEUSAGE {ram_1p array} DISPNAME {bind_storage ram_1p} VISIBLE true} {BINDTYPE storage ID {} IMPL auto LATENCY 1 OPTYPE ram_1p PRAGMA {} RTLNAME localB_6_U SOURCE mmult.cpp:95 VARIABLE localB_6 LOOP {} BUNDLEDNAME {} DSP 0 BRAM 0 URAM 0 STORAGESUBTYPE {} STORAGESIZE {32 16 1} STORAGEUSAGE {ram_1p array} DISPNAME {bind_storage ram_1p} VISIBLE true} {BINDTYPE storage ID {} IMPL auto LATENCY 1 OPTYPE ram_1p PRAGMA {} RTLNAME localB_7_U SOURCE mmult.cpp:95 VARIABLE localB_7 LOOP {} BUNDLEDNAME {} DSP 0 BRAM 0 URAM 0 STORAGESUBTYPE {} STORAGESIZE {32 16 1} STORAGEUSAGE {ram_1p array} DISPNAME {bind_storage ram_1p} VISIBLE true} {BINDTYPE storage ID {} IMPL auto LATENCY 1 OPTYPE ram_1p PRAGMA {} RTLNAME localB_8_U SOURCE mmult.cpp:95 VARIABLE localB_8 LOOP {} BUNDLEDNAME {} DSP 0 BRAM 0 URAM 0 STORAGESUBTYPE {} STORAGESIZE {32 16 1} STORAGEUSAGE {ram_1p array} DISPNAME {bind_storage ram_1p} VISIBLE true} {BINDTYPE storage ID {} IMPL auto LATENCY 1 OPTYPE ram_1p PRAGMA {} RTLNAME localB_9_U SOURCE mmult.cpp:95 VARIABLE localB_9 LOOP {} BUNDLEDNAME {} DSP 0 BRAM 0 URAM 0 STORAGESUBTYPE {} STORAGESIZE {32 16 1} STORAGEUSAGE {ram_1p array} DISPNAME {bind_storage ram_1p} VISIBLE true} {BINDTYPE storage ID {} IMPL auto LATENCY 1 OPTYPE ram_1p PRAGMA {} RTLNAME localB_10_U SOURCE mmult.cpp:95 VARIABLE localB_10 LOOP {} BUNDLEDNAME {} DSP 0 BRAM 0 URAM 0 STORAGESUBTYPE {} STORAGESIZE {32 16 1} STORAGEUSAGE {ram_1p array} DISPNAME {bind_storage ram_1p} VISIBLE true} {BINDTYPE storage ID {} IMPL auto LATENCY 1 OPTYPE ram_1p PRAGMA {} RTLNAME localB_11_U SOURCE mmult.cpp:95 VARIABLE localB_11 LOOP {} BUNDLEDNAME {} DSP 0 BRAM 0 URAM 0 STORAGESUBTYPE {} STORAGESIZE {32 16 1} STORAGEUSAGE {ram_1p array} DISPNAME {bind_storage ram_1p} VISIBLE true} {BINDTYPE storage ID {} IMPL auto LATENCY 1 OPTYPE ram_1p PRAGMA {} RTLNAME localB_12_U SOURCE mmult.cpp:95 VARIABLE localB_12 LOOP {} BUNDLEDNAME {} DSP 0 BRAM 0 URAM 0 STORAGESUBTYPE {} STORAGESIZE {32 16 1} STORAGEUSAGE {ram_1p array} DISPNAME {bind_storage ram_1p} VISIBLE true} {BINDTYPE storage ID {} IMPL auto LATENCY 1 OPTYPE ram_1p PRAGMA {} RTLNAME localB_13_U SOURCE mmult.cpp:95 VARIABLE localB_13 LOOP {} BUNDLEDNAME {} DSP 0 BRAM 0 URAM 0 STORAGESUBTYPE {} STORAGESIZE {32 16 1} STORAGEUSAGE {ram_1p array} DISPNAME {bind_storage ram_1p} VISIBLE true} {BINDTYPE storage ID {} IMPL auto LATENCY 1 OPTYPE ram_1p PRAGMA {} RTLNAME localB_14_U SOURCE mmult.cpp:95 VARIABLE localB_14 LOOP {} BUNDLEDNAME {} DSP 0 BRAM 0 URAM 0 STORAGESUBTYPE {} STORAGESIZE {32 16 1} STORAGEUSAGE {ram_1p array} DISPNAME {bind_storage ram_1p} VISIBLE true} {BINDTYPE storage ID {} IMPL auto LATENCY 1 OPTYPE ram_1p PRAGMA {} RTLNAME localB_15_U SOURCE mmult.cpp:95 VARIABLE localB_15 LOOP {} BUNDLEDNAME {} DSP 0 BRAM 0 URAM 0 STORAGESUBTYPE {} STORAGESIZE {32 16 1} STORAGEUSAGE {ram_1p array} DISPNAME {bind_storage ram_1p} VISIBLE true}} AREA {DSP 768 BRAM 30 URAM 0}}}}'
INFO-FLOW: DBG:PUTS:      update_csynth_reports json2rpt_hw_sw_interfaces
Execute         send_msg_by_id INFO @200-1603@%s  
INFO: [HLS 200-1603] Design has inferred MAXI bursts, see Vitis HLS GUI synthesis summary report for detailed information.
INFO-FLOW: Running: gen_csynth_sec_pragma
INFO-FLOW: Done: gen_csynth_sec_pragma time: 0 seconds per iteration
INFO-FLOW: DBG:PUTS:      update_csynth_reports wrote xml
INFO-FLOW: DBG:PUTS:      update_csynth_reports appended to csynth rpt file
INFO: [HLS 200-111] Finished Updating report files: CPU user time: 0.31 seconds. CPU system time: 0.01 seconds. Elapsed time: 0.32 seconds; current allocated memory: 412.281 MB.
INFO: [VHDL 208-304] Generating VHDL RTL for mmult.
INFO: [VLOG 209-307] Generating Verilog RTL for mmult.
Execute         syn_report -model mmult -printsummary 
INFO: [HLS 200-790] **** Loop Constraint Status: All loop constraints were satisfied.
INFO: [HLS 200-789] **** Estimated Fmax: 342.47 MHz
Command       autosyn done; 3.8 sec.
Command     csynth_design done; 12.49 sec.
INFO: [HLS 200-2161] Finished Command csynth_design Elapsed time: 00:00:12; Allocated memory: 215.891 MB.
Execute     cleanup_all 
