

================================================================
== Vitis HLS Report for 'mmult'
================================================================
* Date:           Fri Nov 21 17:57:19 2025

* Version:        2024.2 (Build 5238294 on Nov  8 2024)
* Project:        mmult
* Solution:       solution1 (Vivado IP Flow Target)
* Product family: virtexuplus
* Target device:  xcvu9p-flga2104-2L-e


================================================================
== Performance Estimates
================================================================
+ Timing: 
    * Summary: 
    +--------+---------+----------+------------+
    |  Clock |  Target | Estimated| Uncertainty|
    +--------+---------+----------+------------+
    |ap_clk  |  4.00 ns|  2.920 ns|     1.08 ns|
    +--------+---------+----------+------------+

+ Latency: 
    * Summary: 
    +---------+---------+----------+----------+-----+-----+---------+
    |  Latency (cycles) |  Latency (absolute) |  Interval | Pipeline|
    |   min   |   max   |    min   |    max   | min | max |   Type  |
    +---------+---------+----------+----------+-----+-----+---------+
    |      825|      825|  3.300 us|  3.300 us|  826|  826|       no|
    +---------+---------+----------+----------+-----+-----+---------+

    + Detail: 
        * Instance: 
        N/A

        * Loop: 
        N/A

============================================================
+ Verbose Summary: Synthesis Manager
============================================================
InlineROM: 1
ExposeGlobal: 0
============================================================
+ Verbose Summary: CDFG Model
============================================================
IsTopModel: 1
ResetActiveHigh: 1
IsCombinational: 0
IsDatapathOnly: 0
HasWiredReturn: 1
HasMFsm: 0
HasVarLatency: 1
IsPipeline: 0
IsRtlPipelined: 0
IsInstanceOverlapped: 0
IsDontTouch: 0
HasImplIP: 0
IsGatedGlobalClock: 0


============================================================
+ Verbose Summary: Schedule
============================================================
* Number of FSM states : 29
* Pipeline : 0
* Dataflow Pipeline: 0

* FSM state transitions: 
1 --> 2 
2 --> 3 
3 --> 4 
4 --> 5 
5 --> 6 
6 --> 7 
7 --> 8 
8 --> 9 
9 --> 10 
10 --> 11 
11 --> 12 
12 --> 13 
13 --> 14 
14 --> 15 
15 --> 16 
16 --> 17 
17 --> 18 
18 --> 19 
19 --> 20 
20 --> 21 
21 --> 22 
22 --> 23 
23 --> 24 
24 --> 25 
25 --> 26 
26 --> 27 
27 --> 28 
28 --> 29 
29 --> 

* FSM state operations: 

State 1 <SV = 0> <Delay = 2.92>
ST_1 : Operation 30 [1/1] (0.00ns)   --->   "%a_read = read i64 @_ssdm_op_Read.ap_auto.i64, i64 %a"   --->   Operation 30 'read' 'a_read' <Predicate = true> <Delay = 0.00>
ST_1 : Operation 31 [1/1] (0.00ns)   --->   "%localC_loc = alloca i64 1"   --->   Operation 31 'alloca' 'localC_loc' <Predicate = true> <Delay = 0.00>
ST_1 : Operation 32 [1/1] (0.00ns)   --->   "%localC_1_loc = alloca i64 1"   --->   Operation 32 'alloca' 'localC_1_loc' <Predicate = true> <Delay = 0.00>
ST_1 : Operation 33 [1/1] (0.00ns)   --->   "%localC_2_loc = alloca i64 1"   --->   Operation 33 'alloca' 'localC_2_loc' <Predicate = true> <Delay = 0.00>
ST_1 : Operation 34 [1/1] (0.00ns)   --->   "%localC_3_loc = alloca i64 1"   --->   Operation 34 'alloca' 'localC_3_loc' <Predicate = true> <Delay = 0.00>
ST_1 : Operation 35 [1/1] (0.00ns)   --->   "%localC_4_loc = alloca i64 1"   --->   Operation 35 'alloca' 'localC_4_loc' <Predicate = true> <Delay = 0.00>
ST_1 : Operation 36 [1/1] (0.00ns)   --->   "%localC_5_loc = alloca i64 1"   --->   Operation 36 'alloca' 'localC_5_loc' <Predicate = true> <Delay = 0.00>
ST_1 : Operation 37 [1/1] (0.00ns)   --->   "%localC_6_loc = alloca i64 1"   --->   Operation 37 'alloca' 'localC_6_loc' <Predicate = true> <Delay = 0.00>
ST_1 : Operation 38 [1/1] (0.00ns)   --->   "%localC_7_loc = alloca i64 1"   --->   Operation 38 'alloca' 'localC_7_loc' <Predicate = true> <Delay = 0.00>
ST_1 : Operation 39 [1/1] (0.00ns)   --->   "%localC_8_loc = alloca i64 1"   --->   Operation 39 'alloca' 'localC_8_loc' <Predicate = true> <Delay = 0.00>
ST_1 : Operation 40 [1/1] (0.00ns)   --->   "%localC_9_loc = alloca i64 1"   --->   Operation 40 'alloca' 'localC_9_loc' <Predicate = true> <Delay = 0.00>
ST_1 : Operation 41 [1/1] (0.00ns)   --->   "%localC_10_loc = alloca i64 1"   --->   Operation 41 'alloca' 'localC_10_loc' <Predicate = true> <Delay = 0.00>
ST_1 : Operation 42 [1/1] (0.00ns)   --->   "%localC_11_loc = alloca i64 1"   --->   Operation 42 'alloca' 'localC_11_loc' <Predicate = true> <Delay = 0.00>
ST_1 : Operation 43 [1/1] (0.00ns)   --->   "%localC_12_loc = alloca i64 1"   --->   Operation 43 'alloca' 'localC_12_loc' <Predicate = true> <Delay = 0.00>
ST_1 : Operation 44 [1/1] (0.00ns)   --->   "%localC_13_loc = alloca i64 1"   --->   Operation 44 'alloca' 'localC_13_loc' <Predicate = true> <Delay = 0.00>
ST_1 : Operation 45 [1/1] (0.00ns)   --->   "%localC_14_loc = alloca i64 1"   --->   Operation 45 'alloca' 'localC_14_loc' <Predicate = true> <Delay = 0.00>
ST_1 : Operation 46 [1/1] (0.00ns)   --->   "%localC_15_loc = alloca i64 1"   --->   Operation 46 'alloca' 'localC_15_loc' <Predicate = true> <Delay = 0.00>
ST_1 : Operation 47 [1/1] (0.00ns)   --->   "%localC_16_loc = alloca i64 1"   --->   Operation 47 'alloca' 'localC_16_loc' <Predicate = true> <Delay = 0.00>
ST_1 : Operation 48 [1/1] (0.00ns)   --->   "%localC_17_loc = alloca i64 1"   --->   Operation 48 'alloca' 'localC_17_loc' <Predicate = true> <Delay = 0.00>
ST_1 : Operation 49 [1/1] (0.00ns)   --->   "%localC_18_loc = alloca i64 1"   --->   Operation 49 'alloca' 'localC_18_loc' <Predicate = true> <Delay = 0.00>
ST_1 : Operation 50 [1/1] (0.00ns)   --->   "%localC_19_loc = alloca i64 1"   --->   Operation 50 'alloca' 'localC_19_loc' <Predicate = true> <Delay = 0.00>
ST_1 : Operation 51 [1/1] (0.00ns)   --->   "%localC_20_loc = alloca i64 1"   --->   Operation 51 'alloca' 'localC_20_loc' <Predicate = true> <Delay = 0.00>
ST_1 : Operation 52 [1/1] (0.00ns)   --->   "%localC_21_loc = alloca i64 1"   --->   Operation 52 'alloca' 'localC_21_loc' <Predicate = true> <Delay = 0.00>
ST_1 : Operation 53 [1/1] (0.00ns)   --->   "%localC_22_loc = alloca i64 1"   --->   Operation 53 'alloca' 'localC_22_loc' <Predicate = true> <Delay = 0.00>
ST_1 : Operation 54 [1/1] (0.00ns)   --->   "%localC_23_loc = alloca i64 1"   --->   Operation 54 'alloca' 'localC_23_loc' <Predicate = true> <Delay = 0.00>
ST_1 : Operation 55 [1/1] (0.00ns)   --->   "%localC_24_loc = alloca i64 1"   --->   Operation 55 'alloca' 'localC_24_loc' <Predicate = true> <Delay = 0.00>
ST_1 : Operation 56 [1/1] (0.00ns)   --->   "%localC_25_loc = alloca i64 1"   --->   Operation 56 'alloca' 'localC_25_loc' <Predicate = true> <Delay = 0.00>
ST_1 : Operation 57 [1/1] (0.00ns)   --->   "%localC_26_loc = alloca i64 1"   --->   Operation 57 'alloca' 'localC_26_loc' <Predicate = true> <Delay = 0.00>
ST_1 : Operation 58 [1/1] (0.00ns)   --->   "%localC_27_loc = alloca i64 1"   --->   Operation 58 'alloca' 'localC_27_loc' <Predicate = true> <Delay = 0.00>
ST_1 : Operation 59 [1/1] (0.00ns)   --->   "%localC_28_loc = alloca i64 1"   --->   Operation 59 'alloca' 'localC_28_loc' <Predicate = true> <Delay = 0.00>
ST_1 : Operation 60 [1/1] (0.00ns)   --->   "%localC_29_loc = alloca i64 1"   --->   Operation 60 'alloca' 'localC_29_loc' <Predicate = true> <Delay = 0.00>
ST_1 : Operation 61 [1/1] (0.00ns)   --->   "%localC_30_loc = alloca i64 1"   --->   Operation 61 'alloca' 'localC_30_loc' <Predicate = true> <Delay = 0.00>
ST_1 : Operation 62 [1/1] (0.00ns)   --->   "%localC_31_loc = alloca i64 1"   --->   Operation 62 'alloca' 'localC_31_loc' <Predicate = true> <Delay = 0.00>
ST_1 : Operation 63 [1/1] (0.00ns)   --->   "%localC_32_loc = alloca i64 1"   --->   Operation 63 'alloca' 'localC_32_loc' <Predicate = true> <Delay = 0.00>
ST_1 : Operation 64 [1/1] (0.00ns)   --->   "%localC_33_loc = alloca i64 1"   --->   Operation 64 'alloca' 'localC_33_loc' <Predicate = true> <Delay = 0.00>
ST_1 : Operation 65 [1/1] (0.00ns)   --->   "%localC_34_loc = alloca i64 1"   --->   Operation 65 'alloca' 'localC_34_loc' <Predicate = true> <Delay = 0.00>
ST_1 : Operation 66 [1/1] (0.00ns)   --->   "%localC_35_loc = alloca i64 1"   --->   Operation 66 'alloca' 'localC_35_loc' <Predicate = true> <Delay = 0.00>
ST_1 : Operation 67 [1/1] (0.00ns)   --->   "%localC_36_loc = alloca i64 1"   --->   Operation 67 'alloca' 'localC_36_loc' <Predicate = true> <Delay = 0.00>
ST_1 : Operation 68 [1/1] (0.00ns)   --->   "%localC_37_loc = alloca i64 1"   --->   Operation 68 'alloca' 'localC_37_loc' <Predicate = true> <Delay = 0.00>
ST_1 : Operation 69 [1/1] (0.00ns)   --->   "%localC_38_loc = alloca i64 1"   --->   Operation 69 'alloca' 'localC_38_loc' <Predicate = true> <Delay = 0.00>
ST_1 : Operation 70 [1/1] (0.00ns)   --->   "%localC_39_loc = alloca i64 1"   --->   Operation 70 'alloca' 'localC_39_loc' <Predicate = true> <Delay = 0.00>
ST_1 : Operation 71 [1/1] (0.00ns)   --->   "%localC_40_loc = alloca i64 1"   --->   Operation 71 'alloca' 'localC_40_loc' <Predicate = true> <Delay = 0.00>
ST_1 : Operation 72 [1/1] (0.00ns)   --->   "%localC_41_loc = alloca i64 1"   --->   Operation 72 'alloca' 'localC_41_loc' <Predicate = true> <Delay = 0.00>
ST_1 : Operation 73 [1/1] (0.00ns)   --->   "%localC_42_loc = alloca i64 1"   --->   Operation 73 'alloca' 'localC_42_loc' <Predicate = true> <Delay = 0.00>
ST_1 : Operation 74 [1/1] (0.00ns)   --->   "%localC_43_loc = alloca i64 1"   --->   Operation 74 'alloca' 'localC_43_loc' <Predicate = true> <Delay = 0.00>
ST_1 : Operation 75 [1/1] (0.00ns)   --->   "%localC_44_loc = alloca i64 1"   --->   Operation 75 'alloca' 'localC_44_loc' <Predicate = true> <Delay = 0.00>
ST_1 : Operation 76 [1/1] (0.00ns)   --->   "%localC_45_loc = alloca i64 1"   --->   Operation 76 'alloca' 'localC_45_loc' <Predicate = true> <Delay = 0.00>
ST_1 : Operation 77 [1/1] (0.00ns)   --->   "%localC_46_loc = alloca i64 1"   --->   Operation 77 'alloca' 'localC_46_loc' <Predicate = true> <Delay = 0.00>
ST_1 : Operation 78 [1/1] (0.00ns)   --->   "%localC_47_loc = alloca i64 1"   --->   Operation 78 'alloca' 'localC_47_loc' <Predicate = true> <Delay = 0.00>
ST_1 : Operation 79 [1/1] (0.00ns)   --->   "%localC_48_loc = alloca i64 1"   --->   Operation 79 'alloca' 'localC_48_loc' <Predicate = true> <Delay = 0.00>
ST_1 : Operation 80 [1/1] (0.00ns)   --->   "%localC_49_loc = alloca i64 1"   --->   Operation 80 'alloca' 'localC_49_loc' <Predicate = true> <Delay = 0.00>
ST_1 : Operation 81 [1/1] (0.00ns)   --->   "%localC_50_loc = alloca i64 1"   --->   Operation 81 'alloca' 'localC_50_loc' <Predicate = true> <Delay = 0.00>
ST_1 : Operation 82 [1/1] (0.00ns)   --->   "%localC_51_loc = alloca i64 1"   --->   Operation 82 'alloca' 'localC_51_loc' <Predicate = true> <Delay = 0.00>
ST_1 : Operation 83 [1/1] (0.00ns)   --->   "%localC_52_loc = alloca i64 1"   --->   Operation 83 'alloca' 'localC_52_loc' <Predicate = true> <Delay = 0.00>
ST_1 : Operation 84 [1/1] (0.00ns)   --->   "%localC_53_loc = alloca i64 1"   --->   Operation 84 'alloca' 'localC_53_loc' <Predicate = true> <Delay = 0.00>
ST_1 : Operation 85 [1/1] (0.00ns)   --->   "%localC_54_loc = alloca i64 1"   --->   Operation 85 'alloca' 'localC_54_loc' <Predicate = true> <Delay = 0.00>
ST_1 : Operation 86 [1/1] (0.00ns)   --->   "%localC_55_loc = alloca i64 1"   --->   Operation 86 'alloca' 'localC_55_loc' <Predicate = true> <Delay = 0.00>
ST_1 : Operation 87 [1/1] (0.00ns)   --->   "%localC_56_loc = alloca i64 1"   --->   Operation 87 'alloca' 'localC_56_loc' <Predicate = true> <Delay = 0.00>
ST_1 : Operation 88 [1/1] (0.00ns)   --->   "%localC_57_loc = alloca i64 1"   --->   Operation 88 'alloca' 'localC_57_loc' <Predicate = true> <Delay = 0.00>
ST_1 : Operation 89 [1/1] (0.00ns)   --->   "%localC_58_loc = alloca i64 1"   --->   Operation 89 'alloca' 'localC_58_loc' <Predicate = true> <Delay = 0.00>
ST_1 : Operation 90 [1/1] (0.00ns)   --->   "%localC_59_loc = alloca i64 1"   --->   Operation 90 'alloca' 'localC_59_loc' <Predicate = true> <Delay = 0.00>
ST_1 : Operation 91 [1/1] (0.00ns)   --->   "%localC_60_loc = alloca i64 1"   --->   Operation 91 'alloca' 'localC_60_loc' <Predicate = true> <Delay = 0.00>
ST_1 : Operation 92 [1/1] (0.00ns)   --->   "%localC_61_loc = alloca i64 1"   --->   Operation 92 'alloca' 'localC_61_loc' <Predicate = true> <Delay = 0.00>
ST_1 : Operation 93 [1/1] (0.00ns)   --->   "%localC_62_loc = alloca i64 1"   --->   Operation 93 'alloca' 'localC_62_loc' <Predicate = true> <Delay = 0.00>
ST_1 : Operation 94 [1/1] (0.00ns)   --->   "%localC_63_loc = alloca i64 1"   --->   Operation 94 'alloca' 'localC_63_loc' <Predicate = true> <Delay = 0.00>
ST_1 : Operation 95 [1/1] (0.00ns)   --->   "%localC_64_loc = alloca i64 1"   --->   Operation 95 'alloca' 'localC_64_loc' <Predicate = true> <Delay = 0.00>
ST_1 : Operation 96 [1/1] (0.00ns)   --->   "%localC_65_loc = alloca i64 1"   --->   Operation 96 'alloca' 'localC_65_loc' <Predicate = true> <Delay = 0.00>
ST_1 : Operation 97 [1/1] (0.00ns)   --->   "%localC_66_loc = alloca i64 1"   --->   Operation 97 'alloca' 'localC_66_loc' <Predicate = true> <Delay = 0.00>
ST_1 : Operation 98 [1/1] (0.00ns)   --->   "%localC_67_loc = alloca i64 1"   --->   Operation 98 'alloca' 'localC_67_loc' <Predicate = true> <Delay = 0.00>
ST_1 : Operation 99 [1/1] (0.00ns)   --->   "%localC_68_loc = alloca i64 1"   --->   Operation 99 'alloca' 'localC_68_loc' <Predicate = true> <Delay = 0.00>
ST_1 : Operation 100 [1/1] (0.00ns)   --->   "%localC_69_loc = alloca i64 1"   --->   Operation 100 'alloca' 'localC_69_loc' <Predicate = true> <Delay = 0.00>
ST_1 : Operation 101 [1/1] (0.00ns)   --->   "%localC_70_loc = alloca i64 1"   --->   Operation 101 'alloca' 'localC_70_loc' <Predicate = true> <Delay = 0.00>
ST_1 : Operation 102 [1/1] (0.00ns)   --->   "%localC_71_loc = alloca i64 1"   --->   Operation 102 'alloca' 'localC_71_loc' <Predicate = true> <Delay = 0.00>
ST_1 : Operation 103 [1/1] (0.00ns)   --->   "%localC_72_loc = alloca i64 1"   --->   Operation 103 'alloca' 'localC_72_loc' <Predicate = true> <Delay = 0.00>
ST_1 : Operation 104 [1/1] (0.00ns)   --->   "%localC_73_loc = alloca i64 1"   --->   Operation 104 'alloca' 'localC_73_loc' <Predicate = true> <Delay = 0.00>
ST_1 : Operation 105 [1/1] (0.00ns)   --->   "%localC_74_loc = alloca i64 1"   --->   Operation 105 'alloca' 'localC_74_loc' <Predicate = true> <Delay = 0.00>
ST_1 : Operation 106 [1/1] (0.00ns)   --->   "%localC_75_loc = alloca i64 1"   --->   Operation 106 'alloca' 'localC_75_loc' <Predicate = true> <Delay = 0.00>
ST_1 : Operation 107 [1/1] (0.00ns)   --->   "%localC_76_loc = alloca i64 1"   --->   Operation 107 'alloca' 'localC_76_loc' <Predicate = true> <Delay = 0.00>
ST_1 : Operation 108 [1/1] (0.00ns)   --->   "%localC_77_loc = alloca i64 1"   --->   Operation 108 'alloca' 'localC_77_loc' <Predicate = true> <Delay = 0.00>
ST_1 : Operation 109 [1/1] (0.00ns)   --->   "%localC_78_loc = alloca i64 1"   --->   Operation 109 'alloca' 'localC_78_loc' <Predicate = true> <Delay = 0.00>
ST_1 : Operation 110 [1/1] (0.00ns)   --->   "%localC_79_loc = alloca i64 1"   --->   Operation 110 'alloca' 'localC_79_loc' <Predicate = true> <Delay = 0.00>
ST_1 : Operation 111 [1/1] (0.00ns)   --->   "%localC_80_loc = alloca i64 1"   --->   Operation 111 'alloca' 'localC_80_loc' <Predicate = true> <Delay = 0.00>
ST_1 : Operation 112 [1/1] (0.00ns)   --->   "%localC_81_loc = alloca i64 1"   --->   Operation 112 'alloca' 'localC_81_loc' <Predicate = true> <Delay = 0.00>
ST_1 : Operation 113 [1/1] (0.00ns)   --->   "%localC_82_loc = alloca i64 1"   --->   Operation 113 'alloca' 'localC_82_loc' <Predicate = true> <Delay = 0.00>
ST_1 : Operation 114 [1/1] (0.00ns)   --->   "%localC_83_loc = alloca i64 1"   --->   Operation 114 'alloca' 'localC_83_loc' <Predicate = true> <Delay = 0.00>
ST_1 : Operation 115 [1/1] (0.00ns)   --->   "%localC_84_loc = alloca i64 1"   --->   Operation 115 'alloca' 'localC_84_loc' <Predicate = true> <Delay = 0.00>
ST_1 : Operation 116 [1/1] (0.00ns)   --->   "%localC_85_loc = alloca i64 1"   --->   Operation 116 'alloca' 'localC_85_loc' <Predicate = true> <Delay = 0.00>
ST_1 : Operation 117 [1/1] (0.00ns)   --->   "%localC_86_loc = alloca i64 1"   --->   Operation 117 'alloca' 'localC_86_loc' <Predicate = true> <Delay = 0.00>
ST_1 : Operation 118 [1/1] (0.00ns)   --->   "%localC_87_loc = alloca i64 1"   --->   Operation 118 'alloca' 'localC_87_loc' <Predicate = true> <Delay = 0.00>
ST_1 : Operation 119 [1/1] (0.00ns)   --->   "%localC_88_loc = alloca i64 1"   --->   Operation 119 'alloca' 'localC_88_loc' <Predicate = true> <Delay = 0.00>
ST_1 : Operation 120 [1/1] (0.00ns)   --->   "%localC_89_loc = alloca i64 1"   --->   Operation 120 'alloca' 'localC_89_loc' <Predicate = true> <Delay = 0.00>
ST_1 : Operation 121 [1/1] (0.00ns)   --->   "%localC_90_loc = alloca i64 1"   --->   Operation 121 'alloca' 'localC_90_loc' <Predicate = true> <Delay = 0.00>
ST_1 : Operation 122 [1/1] (0.00ns)   --->   "%localC_91_loc = alloca i64 1"   --->   Operation 122 'alloca' 'localC_91_loc' <Predicate = true> <Delay = 0.00>
ST_1 : Operation 123 [1/1] (0.00ns)   --->   "%localC_92_loc = alloca i64 1"   --->   Operation 123 'alloca' 'localC_92_loc' <Predicate = true> <Delay = 0.00>
ST_1 : Operation 124 [1/1] (0.00ns)   --->   "%localC_93_loc = alloca i64 1"   --->   Operation 124 'alloca' 'localC_93_loc' <Predicate = true> <Delay = 0.00>
ST_1 : Operation 125 [1/1] (0.00ns)   --->   "%localC_94_loc = alloca i64 1"   --->   Operation 125 'alloca' 'localC_94_loc' <Predicate = true> <Delay = 0.00>
ST_1 : Operation 126 [1/1] (0.00ns)   --->   "%localC_95_loc = alloca i64 1"   --->   Operation 126 'alloca' 'localC_95_loc' <Predicate = true> <Delay = 0.00>
ST_1 : Operation 127 [1/1] (0.00ns)   --->   "%localC_96_loc = alloca i64 1"   --->   Operation 127 'alloca' 'localC_96_loc' <Predicate = true> <Delay = 0.00>
ST_1 : Operation 128 [1/1] (0.00ns)   --->   "%localC_97_loc = alloca i64 1"   --->   Operation 128 'alloca' 'localC_97_loc' <Predicate = true> <Delay = 0.00>
ST_1 : Operation 129 [1/1] (0.00ns)   --->   "%localC_98_loc = alloca i64 1"   --->   Operation 129 'alloca' 'localC_98_loc' <Predicate = true> <Delay = 0.00>
ST_1 : Operation 130 [1/1] (0.00ns)   --->   "%localC_99_loc = alloca i64 1"   --->   Operation 130 'alloca' 'localC_99_loc' <Predicate = true> <Delay = 0.00>
ST_1 : Operation 131 [1/1] (0.00ns)   --->   "%localC_100_loc = alloca i64 1"   --->   Operation 131 'alloca' 'localC_100_loc' <Predicate = true> <Delay = 0.00>
ST_1 : Operation 132 [1/1] (0.00ns)   --->   "%localC_101_loc = alloca i64 1"   --->   Operation 132 'alloca' 'localC_101_loc' <Predicate = true> <Delay = 0.00>
ST_1 : Operation 133 [1/1] (0.00ns)   --->   "%localC_102_loc = alloca i64 1"   --->   Operation 133 'alloca' 'localC_102_loc' <Predicate = true> <Delay = 0.00>
ST_1 : Operation 134 [1/1] (0.00ns)   --->   "%localC_103_loc = alloca i64 1"   --->   Operation 134 'alloca' 'localC_103_loc' <Predicate = true> <Delay = 0.00>
ST_1 : Operation 135 [1/1] (0.00ns)   --->   "%localC_104_loc = alloca i64 1"   --->   Operation 135 'alloca' 'localC_104_loc' <Predicate = true> <Delay = 0.00>
ST_1 : Operation 136 [1/1] (0.00ns)   --->   "%localC_105_loc = alloca i64 1"   --->   Operation 136 'alloca' 'localC_105_loc' <Predicate = true> <Delay = 0.00>
ST_1 : Operation 137 [1/1] (0.00ns)   --->   "%localC_106_loc = alloca i64 1"   --->   Operation 137 'alloca' 'localC_106_loc' <Predicate = true> <Delay = 0.00>
ST_1 : Operation 138 [1/1] (0.00ns)   --->   "%localC_107_loc = alloca i64 1"   --->   Operation 138 'alloca' 'localC_107_loc' <Predicate = true> <Delay = 0.00>
ST_1 : Operation 139 [1/1] (0.00ns)   --->   "%localC_108_loc = alloca i64 1"   --->   Operation 139 'alloca' 'localC_108_loc' <Predicate = true> <Delay = 0.00>
ST_1 : Operation 140 [1/1] (0.00ns)   --->   "%localC_109_loc = alloca i64 1"   --->   Operation 140 'alloca' 'localC_109_loc' <Predicate = true> <Delay = 0.00>
ST_1 : Operation 141 [1/1] (0.00ns)   --->   "%localC_110_loc = alloca i64 1"   --->   Operation 141 'alloca' 'localC_110_loc' <Predicate = true> <Delay = 0.00>
ST_1 : Operation 142 [1/1] (0.00ns)   --->   "%localC_111_loc = alloca i64 1"   --->   Operation 142 'alloca' 'localC_111_loc' <Predicate = true> <Delay = 0.00>
ST_1 : Operation 143 [1/1] (0.00ns)   --->   "%localC_112_loc = alloca i64 1"   --->   Operation 143 'alloca' 'localC_112_loc' <Predicate = true> <Delay = 0.00>
ST_1 : Operation 144 [1/1] (0.00ns)   --->   "%localC_113_loc = alloca i64 1"   --->   Operation 144 'alloca' 'localC_113_loc' <Predicate = true> <Delay = 0.00>
ST_1 : Operation 145 [1/1] (0.00ns)   --->   "%localC_114_loc = alloca i64 1"   --->   Operation 145 'alloca' 'localC_114_loc' <Predicate = true> <Delay = 0.00>
ST_1 : Operation 146 [1/1] (0.00ns)   --->   "%localC_115_loc = alloca i64 1"   --->   Operation 146 'alloca' 'localC_115_loc' <Predicate = true> <Delay = 0.00>
ST_1 : Operation 147 [1/1] (0.00ns)   --->   "%localC_116_loc = alloca i64 1"   --->   Operation 147 'alloca' 'localC_116_loc' <Predicate = true> <Delay = 0.00>
ST_1 : Operation 148 [1/1] (0.00ns)   --->   "%localC_117_loc = alloca i64 1"   --->   Operation 148 'alloca' 'localC_117_loc' <Predicate = true> <Delay = 0.00>
ST_1 : Operation 149 [1/1] (0.00ns)   --->   "%localC_118_loc = alloca i64 1"   --->   Operation 149 'alloca' 'localC_118_loc' <Predicate = true> <Delay = 0.00>
ST_1 : Operation 150 [1/1] (0.00ns)   --->   "%localC_119_loc = alloca i64 1"   --->   Operation 150 'alloca' 'localC_119_loc' <Predicate = true> <Delay = 0.00>
ST_1 : Operation 151 [1/1] (0.00ns)   --->   "%localC_120_loc = alloca i64 1"   --->   Operation 151 'alloca' 'localC_120_loc' <Predicate = true> <Delay = 0.00>
ST_1 : Operation 152 [1/1] (0.00ns)   --->   "%localC_121_loc = alloca i64 1"   --->   Operation 152 'alloca' 'localC_121_loc' <Predicate = true> <Delay = 0.00>
ST_1 : Operation 153 [1/1] (0.00ns)   --->   "%localC_122_loc = alloca i64 1"   --->   Operation 153 'alloca' 'localC_122_loc' <Predicate = true> <Delay = 0.00>
ST_1 : Operation 154 [1/1] (0.00ns)   --->   "%localC_123_loc = alloca i64 1"   --->   Operation 154 'alloca' 'localC_123_loc' <Predicate = true> <Delay = 0.00>
ST_1 : Operation 155 [1/1] (0.00ns)   --->   "%localC_124_loc = alloca i64 1"   --->   Operation 155 'alloca' 'localC_124_loc' <Predicate = true> <Delay = 0.00>
ST_1 : Operation 156 [1/1] (0.00ns)   --->   "%localC_125_loc = alloca i64 1"   --->   Operation 156 'alloca' 'localC_125_loc' <Predicate = true> <Delay = 0.00>
ST_1 : Operation 157 [1/1] (0.00ns)   --->   "%localC_126_loc = alloca i64 1"   --->   Operation 157 'alloca' 'localC_126_loc' <Predicate = true> <Delay = 0.00>
ST_1 : Operation 158 [1/1] (0.00ns)   --->   "%localC_127_loc = alloca i64 1"   --->   Operation 158 'alloca' 'localC_127_loc' <Predicate = true> <Delay = 0.00>
ST_1 : Operation 159 [1/1] (0.00ns)   --->   "%localC_128_loc = alloca i64 1"   --->   Operation 159 'alloca' 'localC_128_loc' <Predicate = true> <Delay = 0.00>
ST_1 : Operation 160 [1/1] (0.00ns)   --->   "%localC_129_loc = alloca i64 1"   --->   Operation 160 'alloca' 'localC_129_loc' <Predicate = true> <Delay = 0.00>
ST_1 : Operation 161 [1/1] (0.00ns)   --->   "%localC_130_loc = alloca i64 1"   --->   Operation 161 'alloca' 'localC_130_loc' <Predicate = true> <Delay = 0.00>
ST_1 : Operation 162 [1/1] (0.00ns)   --->   "%localC_131_loc = alloca i64 1"   --->   Operation 162 'alloca' 'localC_131_loc' <Predicate = true> <Delay = 0.00>
ST_1 : Operation 163 [1/1] (0.00ns)   --->   "%localC_132_loc = alloca i64 1"   --->   Operation 163 'alloca' 'localC_132_loc' <Predicate = true> <Delay = 0.00>
ST_1 : Operation 164 [1/1] (0.00ns)   --->   "%localC_133_loc = alloca i64 1"   --->   Operation 164 'alloca' 'localC_133_loc' <Predicate = true> <Delay = 0.00>
ST_1 : Operation 165 [1/1] (0.00ns)   --->   "%localC_134_loc = alloca i64 1"   --->   Operation 165 'alloca' 'localC_134_loc' <Predicate = true> <Delay = 0.00>
ST_1 : Operation 166 [1/1] (0.00ns)   --->   "%localC_135_loc = alloca i64 1"   --->   Operation 166 'alloca' 'localC_135_loc' <Predicate = true> <Delay = 0.00>
ST_1 : Operation 167 [1/1] (0.00ns)   --->   "%localC_136_loc = alloca i64 1"   --->   Operation 167 'alloca' 'localC_136_loc' <Predicate = true> <Delay = 0.00>
ST_1 : Operation 168 [1/1] (0.00ns)   --->   "%localC_137_loc = alloca i64 1"   --->   Operation 168 'alloca' 'localC_137_loc' <Predicate = true> <Delay = 0.00>
ST_1 : Operation 169 [1/1] (0.00ns)   --->   "%localC_138_loc = alloca i64 1"   --->   Operation 169 'alloca' 'localC_138_loc' <Predicate = true> <Delay = 0.00>
ST_1 : Operation 170 [1/1] (0.00ns)   --->   "%localC_139_loc = alloca i64 1"   --->   Operation 170 'alloca' 'localC_139_loc' <Predicate = true> <Delay = 0.00>
ST_1 : Operation 171 [1/1] (0.00ns)   --->   "%localC_140_loc = alloca i64 1"   --->   Operation 171 'alloca' 'localC_140_loc' <Predicate = true> <Delay = 0.00>
ST_1 : Operation 172 [1/1] (0.00ns)   --->   "%localC_141_loc = alloca i64 1"   --->   Operation 172 'alloca' 'localC_141_loc' <Predicate = true> <Delay = 0.00>
ST_1 : Operation 173 [1/1] (0.00ns)   --->   "%localC_142_loc = alloca i64 1"   --->   Operation 173 'alloca' 'localC_142_loc' <Predicate = true> <Delay = 0.00>
ST_1 : Operation 174 [1/1] (0.00ns)   --->   "%localC_143_loc = alloca i64 1"   --->   Operation 174 'alloca' 'localC_143_loc' <Predicate = true> <Delay = 0.00>
ST_1 : Operation 175 [1/1] (0.00ns)   --->   "%localC_144_loc = alloca i64 1"   --->   Operation 175 'alloca' 'localC_144_loc' <Predicate = true> <Delay = 0.00>
ST_1 : Operation 176 [1/1] (0.00ns)   --->   "%localC_145_loc = alloca i64 1"   --->   Operation 176 'alloca' 'localC_145_loc' <Predicate = true> <Delay = 0.00>
ST_1 : Operation 177 [1/1] (0.00ns)   --->   "%localC_146_loc = alloca i64 1"   --->   Operation 177 'alloca' 'localC_146_loc' <Predicate = true> <Delay = 0.00>
ST_1 : Operation 178 [1/1] (0.00ns)   --->   "%localC_147_loc = alloca i64 1"   --->   Operation 178 'alloca' 'localC_147_loc' <Predicate = true> <Delay = 0.00>
ST_1 : Operation 179 [1/1] (0.00ns)   --->   "%localC_148_loc = alloca i64 1"   --->   Operation 179 'alloca' 'localC_148_loc' <Predicate = true> <Delay = 0.00>
ST_1 : Operation 180 [1/1] (0.00ns)   --->   "%localC_149_loc = alloca i64 1"   --->   Operation 180 'alloca' 'localC_149_loc' <Predicate = true> <Delay = 0.00>
ST_1 : Operation 181 [1/1] (0.00ns)   --->   "%localC_150_loc = alloca i64 1"   --->   Operation 181 'alloca' 'localC_150_loc' <Predicate = true> <Delay = 0.00>
ST_1 : Operation 182 [1/1] (0.00ns)   --->   "%localC_151_loc = alloca i64 1"   --->   Operation 182 'alloca' 'localC_151_loc' <Predicate = true> <Delay = 0.00>
ST_1 : Operation 183 [1/1] (0.00ns)   --->   "%localC_152_loc = alloca i64 1"   --->   Operation 183 'alloca' 'localC_152_loc' <Predicate = true> <Delay = 0.00>
ST_1 : Operation 184 [1/1] (0.00ns)   --->   "%localC_153_loc = alloca i64 1"   --->   Operation 184 'alloca' 'localC_153_loc' <Predicate = true> <Delay = 0.00>
ST_1 : Operation 185 [1/1] (0.00ns)   --->   "%localC_154_loc = alloca i64 1"   --->   Operation 185 'alloca' 'localC_154_loc' <Predicate = true> <Delay = 0.00>
ST_1 : Operation 186 [1/1] (0.00ns)   --->   "%localC_155_loc = alloca i64 1"   --->   Operation 186 'alloca' 'localC_155_loc' <Predicate = true> <Delay = 0.00>
ST_1 : Operation 187 [1/1] (0.00ns)   --->   "%localC_156_loc = alloca i64 1"   --->   Operation 187 'alloca' 'localC_156_loc' <Predicate = true> <Delay = 0.00>
ST_1 : Operation 188 [1/1] (0.00ns)   --->   "%localC_157_loc = alloca i64 1"   --->   Operation 188 'alloca' 'localC_157_loc' <Predicate = true> <Delay = 0.00>
ST_1 : Operation 189 [1/1] (0.00ns)   --->   "%localC_158_loc = alloca i64 1"   --->   Operation 189 'alloca' 'localC_158_loc' <Predicate = true> <Delay = 0.00>
ST_1 : Operation 190 [1/1] (0.00ns)   --->   "%localC_159_loc = alloca i64 1"   --->   Operation 190 'alloca' 'localC_159_loc' <Predicate = true> <Delay = 0.00>
ST_1 : Operation 191 [1/1] (0.00ns)   --->   "%localC_160_loc = alloca i64 1"   --->   Operation 191 'alloca' 'localC_160_loc' <Predicate = true> <Delay = 0.00>
ST_1 : Operation 192 [1/1] (0.00ns)   --->   "%localC_161_loc = alloca i64 1"   --->   Operation 192 'alloca' 'localC_161_loc' <Predicate = true> <Delay = 0.00>
ST_1 : Operation 193 [1/1] (0.00ns)   --->   "%localC_162_loc = alloca i64 1"   --->   Operation 193 'alloca' 'localC_162_loc' <Predicate = true> <Delay = 0.00>
ST_1 : Operation 194 [1/1] (0.00ns)   --->   "%localC_163_loc = alloca i64 1"   --->   Operation 194 'alloca' 'localC_163_loc' <Predicate = true> <Delay = 0.00>
ST_1 : Operation 195 [1/1] (0.00ns)   --->   "%localC_164_loc = alloca i64 1"   --->   Operation 195 'alloca' 'localC_164_loc' <Predicate = true> <Delay = 0.00>
ST_1 : Operation 196 [1/1] (0.00ns)   --->   "%localC_165_loc = alloca i64 1"   --->   Operation 196 'alloca' 'localC_165_loc' <Predicate = true> <Delay = 0.00>
ST_1 : Operation 197 [1/1] (0.00ns)   --->   "%localC_166_loc = alloca i64 1"   --->   Operation 197 'alloca' 'localC_166_loc' <Predicate = true> <Delay = 0.00>
ST_1 : Operation 198 [1/1] (0.00ns)   --->   "%localC_167_loc = alloca i64 1"   --->   Operation 198 'alloca' 'localC_167_loc' <Predicate = true> <Delay = 0.00>
ST_1 : Operation 199 [1/1] (0.00ns)   --->   "%localC_168_loc = alloca i64 1"   --->   Operation 199 'alloca' 'localC_168_loc' <Predicate = true> <Delay = 0.00>
ST_1 : Operation 200 [1/1] (0.00ns)   --->   "%localC_169_loc = alloca i64 1"   --->   Operation 200 'alloca' 'localC_169_loc' <Predicate = true> <Delay = 0.00>
ST_1 : Operation 201 [1/1] (0.00ns)   --->   "%localC_170_loc = alloca i64 1"   --->   Operation 201 'alloca' 'localC_170_loc' <Predicate = true> <Delay = 0.00>
ST_1 : Operation 202 [1/1] (0.00ns)   --->   "%localC_171_loc = alloca i64 1"   --->   Operation 202 'alloca' 'localC_171_loc' <Predicate = true> <Delay = 0.00>
ST_1 : Operation 203 [1/1] (0.00ns)   --->   "%localC_172_loc = alloca i64 1"   --->   Operation 203 'alloca' 'localC_172_loc' <Predicate = true> <Delay = 0.00>
ST_1 : Operation 204 [1/1] (0.00ns)   --->   "%localC_173_loc = alloca i64 1"   --->   Operation 204 'alloca' 'localC_173_loc' <Predicate = true> <Delay = 0.00>
ST_1 : Operation 205 [1/1] (0.00ns)   --->   "%localC_174_loc = alloca i64 1"   --->   Operation 205 'alloca' 'localC_174_loc' <Predicate = true> <Delay = 0.00>
ST_1 : Operation 206 [1/1] (0.00ns)   --->   "%localC_175_loc = alloca i64 1"   --->   Operation 206 'alloca' 'localC_175_loc' <Predicate = true> <Delay = 0.00>
ST_1 : Operation 207 [1/1] (0.00ns)   --->   "%localC_176_loc = alloca i64 1"   --->   Operation 207 'alloca' 'localC_176_loc' <Predicate = true> <Delay = 0.00>
ST_1 : Operation 208 [1/1] (0.00ns)   --->   "%localC_177_loc = alloca i64 1"   --->   Operation 208 'alloca' 'localC_177_loc' <Predicate = true> <Delay = 0.00>
ST_1 : Operation 209 [1/1] (0.00ns)   --->   "%localC_178_loc = alloca i64 1"   --->   Operation 209 'alloca' 'localC_178_loc' <Predicate = true> <Delay = 0.00>
ST_1 : Operation 210 [1/1] (0.00ns)   --->   "%localC_179_loc = alloca i64 1"   --->   Operation 210 'alloca' 'localC_179_loc' <Predicate = true> <Delay = 0.00>
ST_1 : Operation 211 [1/1] (0.00ns)   --->   "%localC_180_loc = alloca i64 1"   --->   Operation 211 'alloca' 'localC_180_loc' <Predicate = true> <Delay = 0.00>
ST_1 : Operation 212 [1/1] (0.00ns)   --->   "%localC_181_loc = alloca i64 1"   --->   Operation 212 'alloca' 'localC_181_loc' <Predicate = true> <Delay = 0.00>
ST_1 : Operation 213 [1/1] (0.00ns)   --->   "%localC_182_loc = alloca i64 1"   --->   Operation 213 'alloca' 'localC_182_loc' <Predicate = true> <Delay = 0.00>
ST_1 : Operation 214 [1/1] (0.00ns)   --->   "%localC_183_loc = alloca i64 1"   --->   Operation 214 'alloca' 'localC_183_loc' <Predicate = true> <Delay = 0.00>
ST_1 : Operation 215 [1/1] (0.00ns)   --->   "%localC_184_loc = alloca i64 1"   --->   Operation 215 'alloca' 'localC_184_loc' <Predicate = true> <Delay = 0.00>
ST_1 : Operation 216 [1/1] (0.00ns)   --->   "%localC_185_loc = alloca i64 1"   --->   Operation 216 'alloca' 'localC_185_loc' <Predicate = true> <Delay = 0.00>
ST_1 : Operation 217 [1/1] (0.00ns)   --->   "%localC_186_loc = alloca i64 1"   --->   Operation 217 'alloca' 'localC_186_loc' <Predicate = true> <Delay = 0.00>
ST_1 : Operation 218 [1/1] (0.00ns)   --->   "%localC_187_loc = alloca i64 1"   --->   Operation 218 'alloca' 'localC_187_loc' <Predicate = true> <Delay = 0.00>
ST_1 : Operation 219 [1/1] (0.00ns)   --->   "%localC_188_loc = alloca i64 1"   --->   Operation 219 'alloca' 'localC_188_loc' <Predicate = true> <Delay = 0.00>
ST_1 : Operation 220 [1/1] (0.00ns)   --->   "%localC_189_loc = alloca i64 1"   --->   Operation 220 'alloca' 'localC_189_loc' <Predicate = true> <Delay = 0.00>
ST_1 : Operation 221 [1/1] (0.00ns)   --->   "%localC_190_loc = alloca i64 1"   --->   Operation 221 'alloca' 'localC_190_loc' <Predicate = true> <Delay = 0.00>
ST_1 : Operation 222 [1/1] (0.00ns)   --->   "%localC_191_loc = alloca i64 1"   --->   Operation 222 'alloca' 'localC_191_loc' <Predicate = true> <Delay = 0.00>
ST_1 : Operation 223 [1/1] (0.00ns)   --->   "%localC_192_loc = alloca i64 1"   --->   Operation 223 'alloca' 'localC_192_loc' <Predicate = true> <Delay = 0.00>
ST_1 : Operation 224 [1/1] (0.00ns)   --->   "%localC_193_loc = alloca i64 1"   --->   Operation 224 'alloca' 'localC_193_loc' <Predicate = true> <Delay = 0.00>
ST_1 : Operation 225 [1/1] (0.00ns)   --->   "%localC_194_loc = alloca i64 1"   --->   Operation 225 'alloca' 'localC_194_loc' <Predicate = true> <Delay = 0.00>
ST_1 : Operation 226 [1/1] (0.00ns)   --->   "%localC_195_loc = alloca i64 1"   --->   Operation 226 'alloca' 'localC_195_loc' <Predicate = true> <Delay = 0.00>
ST_1 : Operation 227 [1/1] (0.00ns)   --->   "%localC_196_loc = alloca i64 1"   --->   Operation 227 'alloca' 'localC_196_loc' <Predicate = true> <Delay = 0.00>
ST_1 : Operation 228 [1/1] (0.00ns)   --->   "%localC_197_loc = alloca i64 1"   --->   Operation 228 'alloca' 'localC_197_loc' <Predicate = true> <Delay = 0.00>
ST_1 : Operation 229 [1/1] (0.00ns)   --->   "%localC_198_loc = alloca i64 1"   --->   Operation 229 'alloca' 'localC_198_loc' <Predicate = true> <Delay = 0.00>
ST_1 : Operation 230 [1/1] (0.00ns)   --->   "%localC_199_loc = alloca i64 1"   --->   Operation 230 'alloca' 'localC_199_loc' <Predicate = true> <Delay = 0.00>
ST_1 : Operation 231 [1/1] (0.00ns)   --->   "%localC_200_loc = alloca i64 1"   --->   Operation 231 'alloca' 'localC_200_loc' <Predicate = true> <Delay = 0.00>
ST_1 : Operation 232 [1/1] (0.00ns)   --->   "%localC_201_loc = alloca i64 1"   --->   Operation 232 'alloca' 'localC_201_loc' <Predicate = true> <Delay = 0.00>
ST_1 : Operation 233 [1/1] (0.00ns)   --->   "%localC_202_loc = alloca i64 1"   --->   Operation 233 'alloca' 'localC_202_loc' <Predicate = true> <Delay = 0.00>
ST_1 : Operation 234 [1/1] (0.00ns)   --->   "%localC_203_loc = alloca i64 1"   --->   Operation 234 'alloca' 'localC_203_loc' <Predicate = true> <Delay = 0.00>
ST_1 : Operation 235 [1/1] (0.00ns)   --->   "%localC_204_loc = alloca i64 1"   --->   Operation 235 'alloca' 'localC_204_loc' <Predicate = true> <Delay = 0.00>
ST_1 : Operation 236 [1/1] (0.00ns)   --->   "%localC_205_loc = alloca i64 1"   --->   Operation 236 'alloca' 'localC_205_loc' <Predicate = true> <Delay = 0.00>
ST_1 : Operation 237 [1/1] (0.00ns)   --->   "%localC_206_loc = alloca i64 1"   --->   Operation 237 'alloca' 'localC_206_loc' <Predicate = true> <Delay = 0.00>
ST_1 : Operation 238 [1/1] (0.00ns)   --->   "%localC_207_loc = alloca i64 1"   --->   Operation 238 'alloca' 'localC_207_loc' <Predicate = true> <Delay = 0.00>
ST_1 : Operation 239 [1/1] (0.00ns)   --->   "%localC_208_loc = alloca i64 1"   --->   Operation 239 'alloca' 'localC_208_loc' <Predicate = true> <Delay = 0.00>
ST_1 : Operation 240 [1/1] (0.00ns)   --->   "%localC_209_loc = alloca i64 1"   --->   Operation 240 'alloca' 'localC_209_loc' <Predicate = true> <Delay = 0.00>
ST_1 : Operation 241 [1/1] (0.00ns)   --->   "%localC_210_loc = alloca i64 1"   --->   Operation 241 'alloca' 'localC_210_loc' <Predicate = true> <Delay = 0.00>
ST_1 : Operation 242 [1/1] (0.00ns)   --->   "%localC_211_loc = alloca i64 1"   --->   Operation 242 'alloca' 'localC_211_loc' <Predicate = true> <Delay = 0.00>
ST_1 : Operation 243 [1/1] (0.00ns)   --->   "%localC_212_loc = alloca i64 1"   --->   Operation 243 'alloca' 'localC_212_loc' <Predicate = true> <Delay = 0.00>
ST_1 : Operation 244 [1/1] (0.00ns)   --->   "%localC_213_loc = alloca i64 1"   --->   Operation 244 'alloca' 'localC_213_loc' <Predicate = true> <Delay = 0.00>
ST_1 : Operation 245 [1/1] (0.00ns)   --->   "%localC_214_loc = alloca i64 1"   --->   Operation 245 'alloca' 'localC_214_loc' <Predicate = true> <Delay = 0.00>
ST_1 : Operation 246 [1/1] (0.00ns)   --->   "%localC_215_loc = alloca i64 1"   --->   Operation 246 'alloca' 'localC_215_loc' <Predicate = true> <Delay = 0.00>
ST_1 : Operation 247 [1/1] (0.00ns)   --->   "%localC_216_loc = alloca i64 1"   --->   Operation 247 'alloca' 'localC_216_loc' <Predicate = true> <Delay = 0.00>
ST_1 : Operation 248 [1/1] (0.00ns)   --->   "%localC_217_loc = alloca i64 1"   --->   Operation 248 'alloca' 'localC_217_loc' <Predicate = true> <Delay = 0.00>
ST_1 : Operation 249 [1/1] (0.00ns)   --->   "%localC_218_loc = alloca i64 1"   --->   Operation 249 'alloca' 'localC_218_loc' <Predicate = true> <Delay = 0.00>
ST_1 : Operation 250 [1/1] (0.00ns)   --->   "%localC_219_loc = alloca i64 1"   --->   Operation 250 'alloca' 'localC_219_loc' <Predicate = true> <Delay = 0.00>
ST_1 : Operation 251 [1/1] (0.00ns)   --->   "%localC_220_loc = alloca i64 1"   --->   Operation 251 'alloca' 'localC_220_loc' <Predicate = true> <Delay = 0.00>
ST_1 : Operation 252 [1/1] (0.00ns)   --->   "%localC_221_loc = alloca i64 1"   --->   Operation 252 'alloca' 'localC_221_loc' <Predicate = true> <Delay = 0.00>
ST_1 : Operation 253 [1/1] (0.00ns)   --->   "%localC_222_loc = alloca i64 1"   --->   Operation 253 'alloca' 'localC_222_loc' <Predicate = true> <Delay = 0.00>
ST_1 : Operation 254 [1/1] (0.00ns)   --->   "%localC_223_loc = alloca i64 1"   --->   Operation 254 'alloca' 'localC_223_loc' <Predicate = true> <Delay = 0.00>
ST_1 : Operation 255 [1/1] (0.00ns)   --->   "%localC_224_loc = alloca i64 1"   --->   Operation 255 'alloca' 'localC_224_loc' <Predicate = true> <Delay = 0.00>
ST_1 : Operation 256 [1/1] (0.00ns)   --->   "%localC_225_loc = alloca i64 1"   --->   Operation 256 'alloca' 'localC_225_loc' <Predicate = true> <Delay = 0.00>
ST_1 : Operation 257 [1/1] (0.00ns)   --->   "%localC_226_loc = alloca i64 1"   --->   Operation 257 'alloca' 'localC_226_loc' <Predicate = true> <Delay = 0.00>
ST_1 : Operation 258 [1/1] (0.00ns)   --->   "%localC_227_loc = alloca i64 1"   --->   Operation 258 'alloca' 'localC_227_loc' <Predicate = true> <Delay = 0.00>
ST_1 : Operation 259 [1/1] (0.00ns)   --->   "%localC_228_loc = alloca i64 1"   --->   Operation 259 'alloca' 'localC_228_loc' <Predicate = true> <Delay = 0.00>
ST_1 : Operation 260 [1/1] (0.00ns)   --->   "%localC_229_loc = alloca i64 1"   --->   Operation 260 'alloca' 'localC_229_loc' <Predicate = true> <Delay = 0.00>
ST_1 : Operation 261 [1/1] (0.00ns)   --->   "%localC_230_loc = alloca i64 1"   --->   Operation 261 'alloca' 'localC_230_loc' <Predicate = true> <Delay = 0.00>
ST_1 : Operation 262 [1/1] (0.00ns)   --->   "%localC_231_loc = alloca i64 1"   --->   Operation 262 'alloca' 'localC_231_loc' <Predicate = true> <Delay = 0.00>
ST_1 : Operation 263 [1/1] (0.00ns)   --->   "%localC_232_loc = alloca i64 1"   --->   Operation 263 'alloca' 'localC_232_loc' <Predicate = true> <Delay = 0.00>
ST_1 : Operation 264 [1/1] (0.00ns)   --->   "%localC_233_loc = alloca i64 1"   --->   Operation 264 'alloca' 'localC_233_loc' <Predicate = true> <Delay = 0.00>
ST_1 : Operation 265 [1/1] (0.00ns)   --->   "%localC_234_loc = alloca i64 1"   --->   Operation 265 'alloca' 'localC_234_loc' <Predicate = true> <Delay = 0.00>
ST_1 : Operation 266 [1/1] (0.00ns)   --->   "%localC_235_loc = alloca i64 1"   --->   Operation 266 'alloca' 'localC_235_loc' <Predicate = true> <Delay = 0.00>
ST_1 : Operation 267 [1/1] (0.00ns)   --->   "%localC_236_loc = alloca i64 1"   --->   Operation 267 'alloca' 'localC_236_loc' <Predicate = true> <Delay = 0.00>
ST_1 : Operation 268 [1/1] (0.00ns)   --->   "%localC_237_loc = alloca i64 1"   --->   Operation 268 'alloca' 'localC_237_loc' <Predicate = true> <Delay = 0.00>
ST_1 : Operation 269 [1/1] (0.00ns)   --->   "%localC_238_loc = alloca i64 1"   --->   Operation 269 'alloca' 'localC_238_loc' <Predicate = true> <Delay = 0.00>
ST_1 : Operation 270 [1/1] (0.00ns)   --->   "%localC_239_loc = alloca i64 1"   --->   Operation 270 'alloca' 'localC_239_loc' <Predicate = true> <Delay = 0.00>
ST_1 : Operation 271 [1/1] (0.00ns)   --->   "%localC_240_loc = alloca i64 1"   --->   Operation 271 'alloca' 'localC_240_loc' <Predicate = true> <Delay = 0.00>
ST_1 : Operation 272 [1/1] (0.00ns)   --->   "%localC_241_loc = alloca i64 1"   --->   Operation 272 'alloca' 'localC_241_loc' <Predicate = true> <Delay = 0.00>
ST_1 : Operation 273 [1/1] (0.00ns)   --->   "%localC_242_loc = alloca i64 1"   --->   Operation 273 'alloca' 'localC_242_loc' <Predicate = true> <Delay = 0.00>
ST_1 : Operation 274 [1/1] (0.00ns)   --->   "%localC_243_loc = alloca i64 1"   --->   Operation 274 'alloca' 'localC_243_loc' <Predicate = true> <Delay = 0.00>
ST_1 : Operation 275 [1/1] (0.00ns)   --->   "%localC_244_loc = alloca i64 1"   --->   Operation 275 'alloca' 'localC_244_loc' <Predicate = true> <Delay = 0.00>
ST_1 : Operation 276 [1/1] (0.00ns)   --->   "%localC_245_loc = alloca i64 1"   --->   Operation 276 'alloca' 'localC_245_loc' <Predicate = true> <Delay = 0.00>
ST_1 : Operation 277 [1/1] (0.00ns)   --->   "%localC_246_loc = alloca i64 1"   --->   Operation 277 'alloca' 'localC_246_loc' <Predicate = true> <Delay = 0.00>
ST_1 : Operation 278 [1/1] (0.00ns)   --->   "%localC_247_loc = alloca i64 1"   --->   Operation 278 'alloca' 'localC_247_loc' <Predicate = true> <Delay = 0.00>
ST_1 : Operation 279 [1/1] (0.00ns)   --->   "%localC_248_loc = alloca i64 1"   --->   Operation 279 'alloca' 'localC_248_loc' <Predicate = true> <Delay = 0.00>
ST_1 : Operation 280 [1/1] (0.00ns)   --->   "%localC_249_loc = alloca i64 1"   --->   Operation 280 'alloca' 'localC_249_loc' <Predicate = true> <Delay = 0.00>
ST_1 : Operation 281 [1/1] (0.00ns)   --->   "%localC_250_loc = alloca i64 1"   --->   Operation 281 'alloca' 'localC_250_loc' <Predicate = true> <Delay = 0.00>
ST_1 : Operation 282 [1/1] (0.00ns)   --->   "%localC_251_loc = alloca i64 1"   --->   Operation 282 'alloca' 'localC_251_loc' <Predicate = true> <Delay = 0.00>
ST_1 : Operation 283 [1/1] (0.00ns)   --->   "%localC_252_loc = alloca i64 1"   --->   Operation 283 'alloca' 'localC_252_loc' <Predicate = true> <Delay = 0.00>
ST_1 : Operation 284 [1/1] (0.00ns)   --->   "%localC_253_loc = alloca i64 1"   --->   Operation 284 'alloca' 'localC_253_loc' <Predicate = true> <Delay = 0.00>
ST_1 : Operation 285 [1/1] (0.00ns)   --->   "%localC_254_loc = alloca i64 1"   --->   Operation 285 'alloca' 'localC_254_loc' <Predicate = true> <Delay = 0.00>
ST_1 : Operation 286 [1/1] (0.00ns)   --->   "%localC_255_loc = alloca i64 1"   --->   Operation 286 'alloca' 'localC_255_loc' <Predicate = true> <Delay = 0.00>
ST_1 : Operation 287 [1/1] (0.00ns)   --->   "%localA = alloca i64 1" [mmult.cpp:92]   --->   Operation 287 'alloca' 'localA' <Predicate = true> <Delay = 0.00>
ST_1 : Operation 288 [1/1] (0.00ns)   --->   "%localA_1 = alloca i64 1" [mmult.cpp:92]   --->   Operation 288 'alloca' 'localA_1' <Predicate = true> <Delay = 0.00>
ST_1 : Operation 289 [1/1] (0.00ns)   --->   "%localA_2 = alloca i64 1" [mmult.cpp:92]   --->   Operation 289 'alloca' 'localA_2' <Predicate = true> <Delay = 0.00>
ST_1 : Operation 290 [1/1] (0.00ns)   --->   "%localA_3 = alloca i64 1" [mmult.cpp:92]   --->   Operation 290 'alloca' 'localA_3' <Predicate = true> <Delay = 0.00>
ST_1 : Operation 291 [1/1] (0.00ns)   --->   "%localA_4 = alloca i64 1" [mmult.cpp:92]   --->   Operation 291 'alloca' 'localA_4' <Predicate = true> <Delay = 0.00>
ST_1 : Operation 292 [1/1] (0.00ns)   --->   "%localA_5 = alloca i64 1" [mmult.cpp:92]   --->   Operation 292 'alloca' 'localA_5' <Predicate = true> <Delay = 0.00>
ST_1 : Operation 293 [1/1] (0.00ns)   --->   "%localA_6 = alloca i64 1" [mmult.cpp:92]   --->   Operation 293 'alloca' 'localA_6' <Predicate = true> <Delay = 0.00>
ST_1 : Operation 294 [1/1] (0.00ns)   --->   "%localA_7 = alloca i64 1" [mmult.cpp:92]   --->   Operation 294 'alloca' 'localA_7' <Predicate = true> <Delay = 0.00>
ST_1 : Operation 295 [1/1] (0.00ns)   --->   "%localA_8 = alloca i64 1" [mmult.cpp:92]   --->   Operation 295 'alloca' 'localA_8' <Predicate = true> <Delay = 0.00>
ST_1 : Operation 296 [1/1] (0.00ns)   --->   "%localA_9 = alloca i64 1" [mmult.cpp:92]   --->   Operation 296 'alloca' 'localA_9' <Predicate = true> <Delay = 0.00>
ST_1 : Operation 297 [1/1] (0.00ns)   --->   "%localA_10 = alloca i64 1" [mmult.cpp:92]   --->   Operation 297 'alloca' 'localA_10' <Predicate = true> <Delay = 0.00>
ST_1 : Operation 298 [1/1] (0.00ns)   --->   "%localA_11 = alloca i64 1" [mmult.cpp:92]   --->   Operation 298 'alloca' 'localA_11' <Predicate = true> <Delay = 0.00>
ST_1 : Operation 299 [1/1] (0.00ns)   --->   "%localA_12 = alloca i64 1" [mmult.cpp:92]   --->   Operation 299 'alloca' 'localA_12' <Predicate = true> <Delay = 0.00>
ST_1 : Operation 300 [1/1] (0.00ns)   --->   "%localA_13 = alloca i64 1" [mmult.cpp:92]   --->   Operation 300 'alloca' 'localA_13' <Predicate = true> <Delay = 0.00>
ST_1 : Operation 301 [1/1] (0.00ns)   --->   "%localA_14 = alloca i64 1" [mmult.cpp:92]   --->   Operation 301 'alloca' 'localA_14' <Predicate = true> <Delay = 0.00>
ST_1 : Operation 302 [1/1] (0.00ns)   --->   "%localA_15 = alloca i64 1" [mmult.cpp:92]   --->   Operation 302 'alloca' 'localA_15' <Predicate = true> <Delay = 0.00>
ST_1 : Operation 303 [1/1] (0.00ns)   --->   "%localB = alloca i64 1" [mmult.cpp:95]   --->   Operation 303 'alloca' 'localB' <Predicate = true> <Delay = 0.00>
ST_1 : Operation 304 [1/1] (0.00ns)   --->   "%localB_1 = alloca i64 1" [mmult.cpp:95]   --->   Operation 304 'alloca' 'localB_1' <Predicate = true> <Delay = 0.00>
ST_1 : Operation 305 [1/1] (0.00ns)   --->   "%localB_2 = alloca i64 1" [mmult.cpp:95]   --->   Operation 305 'alloca' 'localB_2' <Predicate = true> <Delay = 0.00>
ST_1 : Operation 306 [1/1] (0.00ns)   --->   "%localB_3 = alloca i64 1" [mmult.cpp:95]   --->   Operation 306 'alloca' 'localB_3' <Predicate = true> <Delay = 0.00>
ST_1 : Operation 307 [1/1] (0.00ns)   --->   "%localB_4 = alloca i64 1" [mmult.cpp:95]   --->   Operation 307 'alloca' 'localB_4' <Predicate = true> <Delay = 0.00>
ST_1 : Operation 308 [1/1] (0.00ns)   --->   "%localB_5 = alloca i64 1" [mmult.cpp:95]   --->   Operation 308 'alloca' 'localB_5' <Predicate = true> <Delay = 0.00>
ST_1 : Operation 309 [1/1] (0.00ns)   --->   "%localB_6 = alloca i64 1" [mmult.cpp:95]   --->   Operation 309 'alloca' 'localB_6' <Predicate = true> <Delay = 0.00>
ST_1 : Operation 310 [1/1] (0.00ns)   --->   "%localB_7 = alloca i64 1" [mmult.cpp:95]   --->   Operation 310 'alloca' 'localB_7' <Predicate = true> <Delay = 0.00>
ST_1 : Operation 311 [1/1] (0.00ns)   --->   "%localB_8 = alloca i64 1" [mmult.cpp:95]   --->   Operation 311 'alloca' 'localB_8' <Predicate = true> <Delay = 0.00>
ST_1 : Operation 312 [1/1] (0.00ns)   --->   "%localB_9 = alloca i64 1" [mmult.cpp:95]   --->   Operation 312 'alloca' 'localB_9' <Predicate = true> <Delay = 0.00>
ST_1 : Operation 313 [1/1] (0.00ns)   --->   "%localB_10 = alloca i64 1" [mmult.cpp:95]   --->   Operation 313 'alloca' 'localB_10' <Predicate = true> <Delay = 0.00>
ST_1 : Operation 314 [1/1] (0.00ns)   --->   "%localB_11 = alloca i64 1" [mmult.cpp:95]   --->   Operation 314 'alloca' 'localB_11' <Predicate = true> <Delay = 0.00>
ST_1 : Operation 315 [1/1] (0.00ns)   --->   "%localB_12 = alloca i64 1" [mmult.cpp:95]   --->   Operation 315 'alloca' 'localB_12' <Predicate = true> <Delay = 0.00>
ST_1 : Operation 316 [1/1] (0.00ns)   --->   "%localB_13 = alloca i64 1" [mmult.cpp:95]   --->   Operation 316 'alloca' 'localB_13' <Predicate = true> <Delay = 0.00>
ST_1 : Operation 317 [1/1] (0.00ns)   --->   "%localB_14 = alloca i64 1" [mmult.cpp:95]   --->   Operation 317 'alloca' 'localB_14' <Predicate = true> <Delay = 0.00>
ST_1 : Operation 318 [1/1] (0.00ns)   --->   "%localB_15 = alloca i64 1" [mmult.cpp:95]   --->   Operation 318 'alloca' 'localB_15' <Predicate = true> <Delay = 0.00>
ST_1 : Operation 319 [1/1] (0.00ns)   --->   "%trunc_ln = partselect i58 @_ssdm_op_PartSelect.i58.i64.i32.i32, i64 %a_read, i32 6, i32 63" [mmult.cpp:104]   --->   Operation 319 'partselect' 'trunc_ln' <Predicate = true> <Delay = 0.00>
ST_1 : Operation 320 [1/1] (0.00ns)   --->   "%sext_ln104 = sext i58 %trunc_ln" [mmult.cpp:104]   --->   Operation 320 'sext' 'sext_ln104' <Predicate = true> <Delay = 0.00>
ST_1 : Operation 321 [1/1] (0.00ns)   --->   "%systolic_addr = getelementptr i512 %systolic, i64 %sext_ln104" [mmult.cpp:104]   --->   Operation 321 'getelementptr' 'systolic_addr' <Predicate = true> <Delay = 0.00>
ST_1 : Operation 322 [8/8] (2.92ns)   --->   "%empty = readreq i1 @_ssdm_op_ReadReq.m_axi.p1i512, i512 %systolic_addr, i64 16" [mmult.cpp:104]   --->   Operation 322 'readreq' 'empty' <Predicate = true> <Delay = 2.92> <CoreInst = "m_axi">   --->   Core 119 'm_axi' <Latency = 6> <II = 1> <Delay = 1.00> <Adapter> <Opcode : 'read' 'write' 'readreq' 'writereq' 'writeresp'>

State 2 <SV = 1> <Delay = 2.92>
ST_2 : Operation 323 [7/8] (2.92ns)   --->   "%empty = readreq i1 @_ssdm_op_ReadReq.m_axi.p1i512, i512 %systolic_addr, i64 16" [mmult.cpp:104]   --->   Operation 323 'readreq' 'empty' <Predicate = true> <Delay = 2.92> <CoreInst = "m_axi">   --->   Core 119 'm_axi' <Latency = 6> <II = 1> <Delay = 1.00> <Adapter> <Opcode : 'read' 'write' 'readreq' 'writereq' 'writeresp'>

State 3 <SV = 2> <Delay = 2.92>
ST_3 : Operation 324 [6/8] (2.92ns)   --->   "%empty = readreq i1 @_ssdm_op_ReadReq.m_axi.p1i512, i512 %systolic_addr, i64 16" [mmult.cpp:104]   --->   Operation 324 'readreq' 'empty' <Predicate = true> <Delay = 2.92> <CoreInst = "m_axi">   --->   Core 119 'm_axi' <Latency = 6> <II = 1> <Delay = 1.00> <Adapter> <Opcode : 'read' 'write' 'readreq' 'writereq' 'writeresp'>

State 4 <SV = 3> <Delay = 2.92>
ST_4 : Operation 325 [5/8] (2.92ns)   --->   "%empty = readreq i1 @_ssdm_op_ReadReq.m_axi.p1i512, i512 %systolic_addr, i64 16" [mmult.cpp:104]   --->   Operation 325 'readreq' 'empty' <Predicate = true> <Delay = 2.92> <CoreInst = "m_axi">   --->   Core 119 'm_axi' <Latency = 6> <II = 1> <Delay = 1.00> <Adapter> <Opcode : 'read' 'write' 'readreq' 'writereq' 'writeresp'>

State 5 <SV = 4> <Delay = 2.92>
ST_5 : Operation 326 [4/8] (2.92ns)   --->   "%empty = readreq i1 @_ssdm_op_ReadReq.m_axi.p1i512, i512 %systolic_addr, i64 16" [mmult.cpp:104]   --->   Operation 326 'readreq' 'empty' <Predicate = true> <Delay = 2.92> <CoreInst = "m_axi">   --->   Core 119 'm_axi' <Latency = 6> <II = 1> <Delay = 1.00> <Adapter> <Opcode : 'read' 'write' 'readreq' 'writereq' 'writeresp'>

State 6 <SV = 5> <Delay = 2.92>
ST_6 : Operation 327 [3/8] (2.92ns)   --->   "%empty = readreq i1 @_ssdm_op_ReadReq.m_axi.p1i512, i512 %systolic_addr, i64 16" [mmult.cpp:104]   --->   Operation 327 'readreq' 'empty' <Predicate = true> <Delay = 2.92> <CoreInst = "m_axi">   --->   Core 119 'm_axi' <Latency = 6> <II = 1> <Delay = 1.00> <Adapter> <Opcode : 'read' 'write' 'readreq' 'writereq' 'writeresp'>

State 7 <SV = 6> <Delay = 2.92>
ST_7 : Operation 328 [2/8] (2.92ns)   --->   "%empty = readreq i1 @_ssdm_op_ReadReq.m_axi.p1i512, i512 %systolic_addr, i64 16" [mmult.cpp:104]   --->   Operation 328 'readreq' 'empty' <Predicate = true> <Delay = 2.92> <CoreInst = "m_axi">   --->   Core 119 'm_axi' <Latency = 6> <II = 1> <Delay = 1.00> <Adapter> <Opcode : 'read' 'write' 'readreq' 'writereq' 'writeresp'>

State 8 <SV = 7> <Delay = 2.92>
ST_8 : Operation 329 [1/8] (2.92ns)   --->   "%empty = readreq i1 @_ssdm_op_ReadReq.m_axi.p1i512, i512 %systolic_addr, i64 16" [mmult.cpp:104]   --->   Operation 329 'readreq' 'empty' <Predicate = true> <Delay = 2.92> <CoreInst = "m_axi">   --->   Core 119 'm_axi' <Latency = 6> <II = 1> <Delay = 1.00> <Adapter> <Opcode : 'read' 'write' 'readreq' 'writereq' 'writeresp'>

State 9 <SV = 8> <Delay = 0.00>
ST_9 : Operation 330 [2/2] (0.00ns)   --->   "%call_ln104 = call void @mmult_Pipeline_1, i512 %systolic, i32 %localA, i32 %localA_1, i32 %localA_2, i32 %localA_3, i32 %localA_4, i32 %localA_5, i32 %localA_6, i32 %localA_7, i32 %localA_8, i32 %localA_9, i32 %localA_10, i32 %localA_11, i32 %localA_12, i32 %localA_13, i32 %localA_14, i32 %localA_15, i58 %trunc_ln" [mmult.cpp:104]   --->   Operation 330 'call' 'call_ln104' <Predicate = true> <Delay = 0.00> <CoreType = "Generic">   --->   Generic Core

State 10 <SV = 9> <Delay = 0.00>
ST_10 : Operation 331 [1/2] (0.00ns)   --->   "%call_ln104 = call void @mmult_Pipeline_1, i512 %systolic, i32 %localA, i32 %localA_1, i32 %localA_2, i32 %localA_3, i32 %localA_4, i32 %localA_5, i32 %localA_6, i32 %localA_7, i32 %localA_8, i32 %localA_9, i32 %localA_10, i32 %localA_11, i32 %localA_12, i32 %localA_13, i32 %localA_14, i32 %localA_15, i58 %trunc_ln" [mmult.cpp:104]   --->   Operation 331 'call' 'call_ln104' <Predicate = true> <Delay = 0.00> <CoreType = "Generic">   --->   Generic Core

State 11 <SV = 10> <Delay = 2.92>
ST_11 : Operation 332 [1/1] (0.00ns)   --->   "%b_read = read i64 @_ssdm_op_Read.ap_auto.i64, i64 %b"   --->   Operation 332 'read' 'b_read' <Predicate = true> <Delay = 0.00>
ST_11 : Operation 333 [1/1] (0.00ns)   --->   "%trunc_ln1 = partselect i58 @_ssdm_op_PartSelect.i58.i64.i32.i32, i64 %b_read, i32 6, i32 63" [mmult.cpp:108]   --->   Operation 333 'partselect' 'trunc_ln1' <Predicate = true> <Delay = 0.00>
ST_11 : Operation 334 [1/1] (0.00ns)   --->   "%sext_ln108 = sext i58 %trunc_ln1" [mmult.cpp:108]   --->   Operation 334 'sext' 'sext_ln108' <Predicate = true> <Delay = 0.00>
ST_11 : Operation 335 [1/1] (0.00ns)   --->   "%systolic_addr_1 = getelementptr i512 %systolic, i64 %sext_ln108" [mmult.cpp:108]   --->   Operation 335 'getelementptr' 'systolic_addr_1' <Predicate = true> <Delay = 0.00>
ST_11 : Operation 336 [8/8] (2.92ns)   --->   "%empty_43 = readreq i1 @_ssdm_op_ReadReq.m_axi.p1i512, i512 %systolic_addr_1, i64 16" [mmult.cpp:108]   --->   Operation 336 'readreq' 'empty_43' <Predicate = true> <Delay = 2.92> <CoreInst = "m_axi">   --->   Core 119 'm_axi' <Latency = 6> <II = 1> <Delay = 1.00> <Adapter> <Opcode : 'read' 'write' 'readreq' 'writereq' 'writeresp'>

State 12 <SV = 11> <Delay = 2.92>
ST_12 : Operation 337 [7/8] (2.92ns)   --->   "%empty_43 = readreq i1 @_ssdm_op_ReadReq.m_axi.p1i512, i512 %systolic_addr_1, i64 16" [mmult.cpp:108]   --->   Operation 337 'readreq' 'empty_43' <Predicate = true> <Delay = 2.92> <CoreInst = "m_axi">   --->   Core 119 'm_axi' <Latency = 6> <II = 1> <Delay = 1.00> <Adapter> <Opcode : 'read' 'write' 'readreq' 'writereq' 'writeresp'>

State 13 <SV = 12> <Delay = 2.92>
ST_13 : Operation 338 [6/8] (2.92ns)   --->   "%empty_43 = readreq i1 @_ssdm_op_ReadReq.m_axi.p1i512, i512 %systolic_addr_1, i64 16" [mmult.cpp:108]   --->   Operation 338 'readreq' 'empty_43' <Predicate = true> <Delay = 2.92> <CoreInst = "m_axi">   --->   Core 119 'm_axi' <Latency = 6> <II = 1> <Delay = 1.00> <Adapter> <Opcode : 'read' 'write' 'readreq' 'writereq' 'writeresp'>

State 14 <SV = 13> <Delay = 2.92>
ST_14 : Operation 339 [5/8] (2.92ns)   --->   "%empty_43 = readreq i1 @_ssdm_op_ReadReq.m_axi.p1i512, i512 %systolic_addr_1, i64 16" [mmult.cpp:108]   --->   Operation 339 'readreq' 'empty_43' <Predicate = true> <Delay = 2.92> <CoreInst = "m_axi">   --->   Core 119 'm_axi' <Latency = 6> <II = 1> <Delay = 1.00> <Adapter> <Opcode : 'read' 'write' 'readreq' 'writereq' 'writeresp'>

State 15 <SV = 14> <Delay = 2.92>
ST_15 : Operation 340 [4/8] (2.92ns)   --->   "%empty_43 = readreq i1 @_ssdm_op_ReadReq.m_axi.p1i512, i512 %systolic_addr_1, i64 16" [mmult.cpp:108]   --->   Operation 340 'readreq' 'empty_43' <Predicate = true> <Delay = 2.92> <CoreInst = "m_axi">   --->   Core 119 'm_axi' <Latency = 6> <II = 1> <Delay = 1.00> <Adapter> <Opcode : 'read' 'write' 'readreq' 'writereq' 'writeresp'>

State 16 <SV = 15> <Delay = 2.92>
ST_16 : Operation 341 [3/8] (2.92ns)   --->   "%empty_43 = readreq i1 @_ssdm_op_ReadReq.m_axi.p1i512, i512 %systolic_addr_1, i64 16" [mmult.cpp:108]   --->   Operation 341 'readreq' 'empty_43' <Predicate = true> <Delay = 2.92> <CoreInst = "m_axi">   --->   Core 119 'm_axi' <Latency = 6> <II = 1> <Delay = 1.00> <Adapter> <Opcode : 'read' 'write' 'readreq' 'writereq' 'writeresp'>

State 17 <SV = 16> <Delay = 2.92>
ST_17 : Operation 342 [2/8] (2.92ns)   --->   "%empty_43 = readreq i1 @_ssdm_op_ReadReq.m_axi.p1i512, i512 %systolic_addr_1, i64 16" [mmult.cpp:108]   --->   Operation 342 'readreq' 'empty_43' <Predicate = true> <Delay = 2.92> <CoreInst = "m_axi">   --->   Core 119 'm_axi' <Latency = 6> <II = 1> <Delay = 1.00> <Adapter> <Opcode : 'read' 'write' 'readreq' 'writereq' 'writeresp'>

State 18 <SV = 17> <Delay = 2.92>
ST_18 : Operation 343 [1/8] (2.92ns)   --->   "%empty_43 = readreq i1 @_ssdm_op_ReadReq.m_axi.p1i512, i512 %systolic_addr_1, i64 16" [mmult.cpp:108]   --->   Operation 343 'readreq' 'empty_43' <Predicate = true> <Delay = 2.92> <CoreInst = "m_axi">   --->   Core 119 'm_axi' <Latency = 6> <II = 1> <Delay = 1.00> <Adapter> <Opcode : 'read' 'write' 'readreq' 'writereq' 'writeresp'>

State 19 <SV = 18> <Delay = 0.00>
ST_19 : Operation 344 [2/2] (0.00ns)   --->   "%call_ln108 = call void @mmult_Pipeline_2, i512 %systolic, i32 %localB, i32 %localB_1, i32 %localB_2, i32 %localB_3, i32 %localB_4, i32 %localB_5, i32 %localB_6, i32 %localB_7, i32 %localB_8, i32 %localB_9, i32 %localB_10, i32 %localB_11, i32 %localB_12, i32 %localB_13, i32 %localB_14, i32 %localB_15, i58 %trunc_ln1" [mmult.cpp:108]   --->   Operation 344 'call' 'call_ln108' <Predicate = true> <Delay = 0.00> <CoreType = "Generic">   --->   Generic Core

State 20 <SV = 19> <Delay = 0.00>
ST_20 : Operation 345 [1/2] (0.00ns)   --->   "%call_ln108 = call void @mmult_Pipeline_2, i512 %systolic, i32 %localB, i32 %localB_1, i32 %localB_2, i32 %localB_3, i32 %localB_4, i32 %localB_5, i32 %localB_6, i32 %localB_7, i32 %localB_8, i32 %localB_9, i32 %localB_10, i32 %localB_11, i32 %localB_12, i32 %localB_13, i32 %localB_14, i32 %localB_15, i58 %trunc_ln1" [mmult.cpp:108]   --->   Operation 345 'call' 'call_ln108' <Predicate = true> <Delay = 0.00> <CoreType = "Generic">   --->   Generic Core

State 21 <SV = 20> <Delay = 1.42>
ST_21 : Operation 346 [1/1] (0.00ns)   --->   "%work_id_read = read i32 @_ssdm_op_Read.ap_vld.i32, i32 %work_id"   --->   Operation 346 'read' 'work_id_read' <Predicate = true> <Delay = 0.00>
ST_21 : Operation 347 [1/1] (0.00ns)   --->   "%b_col_read = read i32 @_ssdm_op_Read.ap_vld.i32, i32 %b_col"   --->   Operation 347 'read' 'b_col_read' <Predicate = true> <Delay = 0.00>
ST_21 : Operation 348 [1/1] (0.00ns)   --->   "%a_col_read = read i32 @_ssdm_op_Read.ap_vld.i32, i32 %a_col"   --->   Operation 348 'read' 'a_col_read' <Predicate = true> <Delay = 0.00>
ST_21 : Operation 349 [1/1] (0.00ns)   --->   "%a_row_read = read i32 @_ssdm_op_Read.ap_vld.i32, i32 %a_row"   --->   Operation 349 'read' 'a_row_read' <Predicate = true> <Delay = 0.00>
ST_21 : Operation 350 [1/1] (0.00ns)   --->   "%tmp = partselect i31 @_ssdm_op_PartSelect.i31.i32.i32.i32, i32 %b_col_read, i32 1, i32 31"   --->   Operation 350 'partselect' 'tmp' <Predicate = true> <Delay = 0.00>
ST_21 : Operation 351 [1/1] (0.00ns)   --->   "%tmp_8 = partselect i30 @_ssdm_op_PartSelect.i30.i32.i32.i32, i32 %b_col_read, i32 2, i32 31"   --->   Operation 351 'partselect' 'tmp_8' <Predicate = true> <Delay = 0.00>
ST_21 : Operation 352 [1/1] (0.00ns)   --->   "%tmp_9 = partselect i29 @_ssdm_op_PartSelect.i29.i32.i32.i32, i32 %b_col_read, i32 3, i32 31"   --->   Operation 352 'partselect' 'tmp_9' <Predicate = true> <Delay = 0.00>
ST_21 : Operation 353 [1/1] (0.00ns)   --->   "%tmp_10 = partselect i28 @_ssdm_op_PartSelect.i28.i32.i32.i32, i32 %b_col_read, i32 4, i32 31"   --->   Operation 353 'partselect' 'tmp_10' <Predicate = true> <Delay = 0.00>
ST_21 : Operation 354 [1/1] (0.00ns)   --->   "%tmp_11 = partselect i31 @_ssdm_op_PartSelect.i31.i32.i32.i32, i32 %a_row_read, i32 1, i32 31"   --->   Operation 354 'partselect' 'tmp_11' <Predicate = true> <Delay = 0.00>
ST_21 : Operation 355 [1/1] (0.00ns)   --->   "%tmp_12 = partselect i30 @_ssdm_op_PartSelect.i30.i32.i32.i32, i32 %a_row_read, i32 2, i32 31"   --->   Operation 355 'partselect' 'tmp_12' <Predicate = true> <Delay = 0.00>
ST_21 : Operation 356 [1/1] (0.00ns)   --->   "%tmp_13 = partselect i29 @_ssdm_op_PartSelect.i29.i32.i32.i32, i32 %a_row_read, i32 3, i32 31"   --->   Operation 356 'partselect' 'tmp_13' <Predicate = true> <Delay = 0.00>
ST_21 : Operation 357 [1/1] (0.00ns)   --->   "%tmp_14 = partselect i28 @_ssdm_op_PartSelect.i28.i32.i32.i32, i32 %a_row_read, i32 4, i32 31"   --->   Operation 357 'partselect' 'tmp_14' <Predicate = true> <Delay = 0.00>
ST_21 : Operation 358 [2/2] (1.26ns)   --->   "%call_ln0 = call void @mmult_Pipeline_systolic1, i32 %a_col_read, i32 %localA, i32 %localB, i32 %localB_1, i32 %localB_2, i32 %localB_3, i32 %localB_4, i32 %localB_5, i32 %localB_6, i32 %localB_7, i32 %localB_8, i32 %localB_9, i32 %localB_10, i32 %localB_11, i32 %localB_12, i32 %localB_13, i32 %localB_14, i32 %localB_15, i32 %localA_1, i32 %localA_2, i32 %localA_3, i32 %localA_4, i32 %localA_5, i32 %localA_6, i32 %localA_7, i32 %localA_8, i32 %localA_9, i32 %localA_10, i32 %localA_11, i32 %localA_12, i32 %localA_13, i32 %localA_14, i32 %localA_15, i28 %tmp_14, i32 %a_row_read, i29 %tmp_13, i30 %tmp_12, i31 %tmp_11, i28 %tmp_10, i32 %b_col_read, i29 %tmp_9, i30 %tmp_8, i31 %tmp, i32 %localC_255_loc, i32 %localC_254_loc, i32 %localC_253_loc, i32 %localC_252_loc, i32 %localC_251_loc, i32 %localC_250_loc, i32 %localC_249_loc, i32 %localC_248_loc, i32 %localC_247_loc, i32 %localC_246_loc, i32 %localC_245_loc, i32 %localC_244_loc, i32 %localC_243_loc, i32 %localC_242_loc, i32 %localC_241_loc, i32 %localC_240_loc, i32 %localC_239_loc, i32 %localC_238_loc, i32 %localC_237_loc, i32 %localC_236_loc, i32 %localC_235_loc, i32 %localC_234_loc, i32 %localC_233_loc, i32 %localC_232_loc, i32 %localC_231_loc, i32 %localC_230_loc, i32 %localC_229_loc, i32 %localC_228_loc, i32 %localC_227_loc, i32 %localC_226_loc, i32 %localC_225_loc, i32 %localC_224_loc, i32 %localC_223_loc, i32 %localC_222_loc, i32 %localC_221_loc, i32 %localC_220_loc, i32 %localC_219_loc, i32 %localC_218_loc, i32 %localC_217_loc, i32 %localC_216_loc, i32 %localC_215_loc, i32 %localC_214_loc, i32 %localC_213_loc, i32 %localC_212_loc, i32 %localC_211_loc, i32 %localC_210_loc, i32 %localC_209_loc, i32 %localC_208_loc, i32 %localC_207_loc, i32 %localC_206_loc, i32 %localC_205_loc, i32 %localC_204_loc, i32 %localC_203_loc, i32 %localC_202_loc, i32 %localC_201_loc, i32 %localC_200_loc, i32 %localC_199_loc, i32 %localC_198_loc, i32 %localC_197_loc, i32 %localC_196_loc, i32 %localC_195_loc, i32 %localC_194_loc, i32 %localC_193_loc, i32 %localC_192_loc, i32 %localC_191_loc, i32 %localC_190_loc, i32 %localC_189_loc, i32 %localC_188_loc, i32 %localC_187_loc, i32 %localC_186_loc, i32 %localC_185_loc, i32 %localC_184_loc, i32 %localC_183_loc, i32 %localC_182_loc, i32 %localC_181_loc, i32 %localC_180_loc, i32 %localC_179_loc, i32 %localC_178_loc, i32 %localC_177_loc, i32 %localC_176_loc, i32 %localC_175_loc, i32 %localC_174_loc, i32 %localC_173_loc, i32 %localC_172_loc, i32 %localC_171_loc, i32 %localC_170_loc, i32 %localC_169_loc, i32 %localC_168_loc, i32 %localC_167_loc, i32 %localC_166_loc, i32 %localC_165_loc, i32 %localC_164_loc, i32 %localC_163_loc, i32 %localC_162_loc, i32 %localC_161_loc, i32 %localC_160_loc, i32 %localC_159_loc, i32 %localC_158_loc, i32 %localC_157_loc, i32 %localC_156_loc, i32 %localC_155_loc, i32 %localC_154_loc, i32 %localC_153_loc, i32 %localC_152_loc, i32 %localC_151_loc, i32 %localC_150_loc, i32 %localC_149_loc, i32 %localC_148_loc, i32 %localC_147_loc, i32 %localC_146_loc, i32 %localC_145_loc, i32 %localC_144_loc, i32 %localC_143_loc, i32 %localC_142_loc, i32 %localC_141_loc, i32 %localC_140_loc, i32 %localC_139_loc, i32 %localC_138_loc, i32 %localC_137_loc, i32 %localC_136_loc, i32 %localC_135_loc, i32 %localC_134_loc, i32 %localC_133_loc, i32 %localC_132_loc, i32 %localC_131_loc, i32 %localC_130_loc, i32 %localC_129_loc, i32 %localC_128_loc, i32 %localC_127_loc, i32 %localC_126_loc, i32 %localC_125_loc, i32 %localC_124_loc, i32 %localC_123_loc, i32 %localC_122_loc, i32 %localC_121_loc, i32 %localC_120_loc, i32 %localC_119_loc, i32 %localC_118_loc, i32 %localC_117_loc, i32 %localC_116_loc, i32 %localC_115_loc, i32 %localC_114_loc, i32 %localC_113_loc, i32 %localC_112_loc, i32 %localC_111_loc, i32 %localC_110_loc, i32 %localC_109_loc, i32 %localC_108_loc, i32 %localC_107_loc, i32 %localC_106_loc, i32 %localC_105_loc, i32 %localC_104_loc, i32 %localC_103_loc, i32 %localC_102_loc, i32 %localC_101_loc, i32 %localC_100_loc, i32 %localC_99_loc, i32 %localC_98_loc, i32 %localC_97_loc, i32 %localC_96_loc, i32 %localC_95_loc, i32 %localC_94_loc, i32 %localC_93_loc, i32 %localC_92_loc, i32 %localC_91_loc, i32 %localC_90_loc, i32 %localC_89_loc, i32 %localC_88_loc, i32 %localC_87_loc, i32 %localC_86_loc, i32 %localC_85_loc, i32 %localC_84_loc, i32 %localC_83_loc, i32 %localC_82_loc, i32 %localC_81_loc, i32 %localC_80_loc, i32 %localC_79_loc, i32 %localC_78_loc, i32 %localC_77_loc, i32 %localC_76_loc, i32 %localC_75_loc, i32 %localC_74_loc, i32 %localC_73_loc, i32 %localC_72_loc, i32 %localC_71_loc, i32 %localC_70_loc, i32 %localC_69_loc, i32 %localC_68_loc, i32 %localC_67_loc, i32 %localC_66_loc, i32 %localC_65_loc, i32 %localC_64_loc, i32 %localC_63_loc, i32 %localC_62_loc, i32 %localC_61_loc, i32 %localC_60_loc, i32 %localC_59_loc, i32 %localC_58_loc, i32 %localC_57_loc, i32 %localC_56_loc, i32 %localC_55_loc, i32 %localC_54_loc, i32 %localC_53_loc, i32 %localC_52_loc, i32 %localC_51_loc, i32 %localC_50_loc, i32 %localC_49_loc, i32 %localC_48_loc, i32 %localC_47_loc, i32 %localC_46_loc, i32 %localC_45_loc, i32 %localC_44_loc, i32 %localC_43_loc, i32 %localC_42_loc, i32 %localC_41_loc, i32 %localC_40_loc, i32 %localC_39_loc, i32 %localC_38_loc, i32 %localC_37_loc, i32 %localC_36_loc, i32 %localC_35_loc, i32 %localC_34_loc, i32 %localC_33_loc, i32 %localC_32_loc, i32 %localC_31_loc, i32 %localC_30_loc, i32 %localC_29_loc, i32 %localC_28_loc, i32 %localC_27_loc, i32 %localC_26_loc, i32 %localC_25_loc, i32 %localC_24_loc, i32 %localC_23_loc, i32 %localC_22_loc, i32 %localC_21_loc, i32 %localC_20_loc, i32 %localC_19_loc, i32 %localC_18_loc, i32 %localC_17_loc, i32 %localC_16_loc, i32 %localC_15_loc, i32 %localC_14_loc, i32 %localC_13_loc, i32 %localC_12_loc, i32 %localC_11_loc, i32 %localC_10_loc, i32 %localC_9_loc, i32 %localC_8_loc, i32 %localC_7_loc, i32 %localC_6_loc, i32 %localC_5_loc, i32 %localC_4_loc, i32 %localC_3_loc, i32 %localC_2_loc, i32 %localC_1_loc, i32 %localC_loc"   --->   Operation 358 'call' 'call_ln0' <Predicate = true> <Delay = 1.26> <CoreType = "Generic">   --->   Generic Core
ST_21 : Operation 359 [1/1] ( I:1.42ns O:1.42ns )   --->   "%write_ln178 = write void @_ssdm_op_Write.ap_fifo.volatile.i32P0A, i32 %work_id_out_stream, i32 %work_id_read" [mmult.cpp:178]   --->   Operation 359 'write' 'write_ln178' <Predicate = true> <Delay = 1.42> <CoreInst = "FIFO">   --->   Core 77 'FIFO' <Latency = 0> <II = 1> <Delay = 1.42> <Storage> <Opcode : 'read' 'write' 'nbread' 'nbwrite'> <Ports = 0> <Width = -1> <Depth = -1> <FIFO>

State 22 <SV = 21> <Delay = 2.92>
ST_22 : Operation 360 [1/1] (0.00ns)   --->   "%c_read = read i64 @_ssdm_op_Read.ap_auto.i64, i64 %c"   --->   Operation 360 'read' 'c_read' <Predicate = true> <Delay = 0.00>
ST_22 : Operation 361 [1/2] (0.00ns)   --->   "%call_ln0 = call void @mmult_Pipeline_systolic1, i32 %a_col_read, i32 %localA, i32 %localB, i32 %localB_1, i32 %localB_2, i32 %localB_3, i32 %localB_4, i32 %localB_5, i32 %localB_6, i32 %localB_7, i32 %localB_8, i32 %localB_9, i32 %localB_10, i32 %localB_11, i32 %localB_12, i32 %localB_13, i32 %localB_14, i32 %localB_15, i32 %localA_1, i32 %localA_2, i32 %localA_3, i32 %localA_4, i32 %localA_5, i32 %localA_6, i32 %localA_7, i32 %localA_8, i32 %localA_9, i32 %localA_10, i32 %localA_11, i32 %localA_12, i32 %localA_13, i32 %localA_14, i32 %localA_15, i28 %tmp_14, i32 %a_row_read, i29 %tmp_13, i30 %tmp_12, i31 %tmp_11, i28 %tmp_10, i32 %b_col_read, i29 %tmp_9, i30 %tmp_8, i31 %tmp, i32 %localC_255_loc, i32 %localC_254_loc, i32 %localC_253_loc, i32 %localC_252_loc, i32 %localC_251_loc, i32 %localC_250_loc, i32 %localC_249_loc, i32 %localC_248_loc, i32 %localC_247_loc, i32 %localC_246_loc, i32 %localC_245_loc, i32 %localC_244_loc, i32 %localC_243_loc, i32 %localC_242_loc, i32 %localC_241_loc, i32 %localC_240_loc, i32 %localC_239_loc, i32 %localC_238_loc, i32 %localC_237_loc, i32 %localC_236_loc, i32 %localC_235_loc, i32 %localC_234_loc, i32 %localC_233_loc, i32 %localC_232_loc, i32 %localC_231_loc, i32 %localC_230_loc, i32 %localC_229_loc, i32 %localC_228_loc, i32 %localC_227_loc, i32 %localC_226_loc, i32 %localC_225_loc, i32 %localC_224_loc, i32 %localC_223_loc, i32 %localC_222_loc, i32 %localC_221_loc, i32 %localC_220_loc, i32 %localC_219_loc, i32 %localC_218_loc, i32 %localC_217_loc, i32 %localC_216_loc, i32 %localC_215_loc, i32 %localC_214_loc, i32 %localC_213_loc, i32 %localC_212_loc, i32 %localC_211_loc, i32 %localC_210_loc, i32 %localC_209_loc, i32 %localC_208_loc, i32 %localC_207_loc, i32 %localC_206_loc, i32 %localC_205_loc, i32 %localC_204_loc, i32 %localC_203_loc, i32 %localC_202_loc, i32 %localC_201_loc, i32 %localC_200_loc, i32 %localC_199_loc, i32 %localC_198_loc, i32 %localC_197_loc, i32 %localC_196_loc, i32 %localC_195_loc, i32 %localC_194_loc, i32 %localC_193_loc, i32 %localC_192_loc, i32 %localC_191_loc, i32 %localC_190_loc, i32 %localC_189_loc, i32 %localC_188_loc, i32 %localC_187_loc, i32 %localC_186_loc, i32 %localC_185_loc, i32 %localC_184_loc, i32 %localC_183_loc, i32 %localC_182_loc, i32 %localC_181_loc, i32 %localC_180_loc, i32 %localC_179_loc, i32 %localC_178_loc, i32 %localC_177_loc, i32 %localC_176_loc, i32 %localC_175_loc, i32 %localC_174_loc, i32 %localC_173_loc, i32 %localC_172_loc, i32 %localC_171_loc, i32 %localC_170_loc, i32 %localC_169_loc, i32 %localC_168_loc, i32 %localC_167_loc, i32 %localC_166_loc, i32 %localC_165_loc, i32 %localC_164_loc, i32 %localC_163_loc, i32 %localC_162_loc, i32 %localC_161_loc, i32 %localC_160_loc, i32 %localC_159_loc, i32 %localC_158_loc, i32 %localC_157_loc, i32 %localC_156_loc, i32 %localC_155_loc, i32 %localC_154_loc, i32 %localC_153_loc, i32 %localC_152_loc, i32 %localC_151_loc, i32 %localC_150_loc, i32 %localC_149_loc, i32 %localC_148_loc, i32 %localC_147_loc, i32 %localC_146_loc, i32 %localC_145_loc, i32 %localC_144_loc, i32 %localC_143_loc, i32 %localC_142_loc, i32 %localC_141_loc, i32 %localC_140_loc, i32 %localC_139_loc, i32 %localC_138_loc, i32 %localC_137_loc, i32 %localC_136_loc, i32 %localC_135_loc, i32 %localC_134_loc, i32 %localC_133_loc, i32 %localC_132_loc, i32 %localC_131_loc, i32 %localC_130_loc, i32 %localC_129_loc, i32 %localC_128_loc, i32 %localC_127_loc, i32 %localC_126_loc, i32 %localC_125_loc, i32 %localC_124_loc, i32 %localC_123_loc, i32 %localC_122_loc, i32 %localC_121_loc, i32 %localC_120_loc, i32 %localC_119_loc, i32 %localC_118_loc, i32 %localC_117_loc, i32 %localC_116_loc, i32 %localC_115_loc, i32 %localC_114_loc, i32 %localC_113_loc, i32 %localC_112_loc, i32 %localC_111_loc, i32 %localC_110_loc, i32 %localC_109_loc, i32 %localC_108_loc, i32 %localC_107_loc, i32 %localC_106_loc, i32 %localC_105_loc, i32 %localC_104_loc, i32 %localC_103_loc, i32 %localC_102_loc, i32 %localC_101_loc, i32 %localC_100_loc, i32 %localC_99_loc, i32 %localC_98_loc, i32 %localC_97_loc, i32 %localC_96_loc, i32 %localC_95_loc, i32 %localC_94_loc, i32 %localC_93_loc, i32 %localC_92_loc, i32 %localC_91_loc, i32 %localC_90_loc, i32 %localC_89_loc, i32 %localC_88_loc, i32 %localC_87_loc, i32 %localC_86_loc, i32 %localC_85_loc, i32 %localC_84_loc, i32 %localC_83_loc, i32 %localC_82_loc, i32 %localC_81_loc, i32 %localC_80_loc, i32 %localC_79_loc, i32 %localC_78_loc, i32 %localC_77_loc, i32 %localC_76_loc, i32 %localC_75_loc, i32 %localC_74_loc, i32 %localC_73_loc, i32 %localC_72_loc, i32 %localC_71_loc, i32 %localC_70_loc, i32 %localC_69_loc, i32 %localC_68_loc, i32 %localC_67_loc, i32 %localC_66_loc, i32 %localC_65_loc, i32 %localC_64_loc, i32 %localC_63_loc, i32 %localC_62_loc, i32 %localC_61_loc, i32 %localC_60_loc, i32 %localC_59_loc, i32 %localC_58_loc, i32 %localC_57_loc, i32 %localC_56_loc, i32 %localC_55_loc, i32 %localC_54_loc, i32 %localC_53_loc, i32 %localC_52_loc, i32 %localC_51_loc, i32 %localC_50_loc, i32 %localC_49_loc, i32 %localC_48_loc, i32 %localC_47_loc, i32 %localC_46_loc, i32 %localC_45_loc, i32 %localC_44_loc, i32 %localC_43_loc, i32 %localC_42_loc, i32 %localC_41_loc, i32 %localC_40_loc, i32 %localC_39_loc, i32 %localC_38_loc, i32 %localC_37_loc, i32 %localC_36_loc, i32 %localC_35_loc, i32 %localC_34_loc, i32 %localC_33_loc, i32 %localC_32_loc, i32 %localC_31_loc, i32 %localC_30_loc, i32 %localC_29_loc, i32 %localC_28_loc, i32 %localC_27_loc, i32 %localC_26_loc, i32 %localC_25_loc, i32 %localC_24_loc, i32 %localC_23_loc, i32 %localC_22_loc, i32 %localC_21_loc, i32 %localC_20_loc, i32 %localC_19_loc, i32 %localC_18_loc, i32 %localC_17_loc, i32 %localC_16_loc, i32 %localC_15_loc, i32 %localC_14_loc, i32 %localC_13_loc, i32 %localC_12_loc, i32 %localC_11_loc, i32 %localC_10_loc, i32 %localC_9_loc, i32 %localC_8_loc, i32 %localC_7_loc, i32 %localC_6_loc, i32 %localC_5_loc, i32 %localC_4_loc, i32 %localC_3_loc, i32 %localC_2_loc, i32 %localC_1_loc, i32 %localC_loc"   --->   Operation 361 'call' 'call_ln0' <Predicate = true> <Delay = 0.00> <CoreType = "Generic">   --->   Generic Core
ST_22 : Operation 362 [1/1] (0.00ns)   --->   "%trunc_ln2 = partselect i58 @_ssdm_op_PartSelect.i58.i64.i32.i32, i64 %c_read, i32 6, i32 63" [mmult.cpp:176]   --->   Operation 362 'partselect' 'trunc_ln2' <Predicate = true> <Delay = 0.00>
ST_22 : Operation 363 [1/1] (0.00ns)   --->   "%sext_ln176 = sext i58 %trunc_ln2" [mmult.cpp:176]   --->   Operation 363 'sext' 'sext_ln176' <Predicate = true> <Delay = 0.00>
ST_22 : Operation 364 [1/1] (0.00ns)   --->   "%systolic_addr_2 = getelementptr i512 %systolic, i64 %sext_ln176" [mmult.cpp:176]   --->   Operation 364 'getelementptr' 'systolic_addr_2' <Predicate = true> <Delay = 0.00>
ST_22 : Operation 365 [1/1] (2.92ns)   --->   "%empty_44 = writereq i1 @_ssdm_op_WriteReq.m_axi.p1i512, i512 %systolic_addr_2, i64 16" [mmult.cpp:176]   --->   Operation 365 'writereq' 'empty_44' <Predicate = true> <Delay = 2.92> <CoreInst = "m_axi">   --->   Core 119 'm_axi' <Latency = 9> <II = 1> <Delay = 1.00> <Adapter> <Opcode : 'read' 'write' 'readreq' 'writereq' 'writeresp'>

State 23 <SV = 22> <Delay = 0.98>
ST_23 : Operation 366 [1/1] (0.00ns)   --->   "%localC_255_loc_load = load i32 %localC_255_loc"   --->   Operation 366 'load' 'localC_255_loc_load' <Predicate = true> <Delay = 0.00>
ST_23 : Operation 367 [1/1] (0.00ns)   --->   "%localC_254_loc_load = load i32 %localC_254_loc"   --->   Operation 367 'load' 'localC_254_loc_load' <Predicate = true> <Delay = 0.00>
ST_23 : Operation 368 [1/1] (0.00ns)   --->   "%localC_253_loc_load = load i32 %localC_253_loc"   --->   Operation 368 'load' 'localC_253_loc_load' <Predicate = true> <Delay = 0.00>
ST_23 : Operation 369 [1/1] (0.00ns)   --->   "%localC_252_loc_load = load i32 %localC_252_loc"   --->   Operation 369 'load' 'localC_252_loc_load' <Predicate = true> <Delay = 0.00>
ST_23 : Operation 370 [1/1] (0.00ns)   --->   "%localC_251_loc_load = load i32 %localC_251_loc"   --->   Operation 370 'load' 'localC_251_loc_load' <Predicate = true> <Delay = 0.00>
ST_23 : Operation 371 [1/1] (0.00ns)   --->   "%localC_250_loc_load = load i32 %localC_250_loc"   --->   Operation 371 'load' 'localC_250_loc_load' <Predicate = true> <Delay = 0.00>
ST_23 : Operation 372 [1/1] (0.00ns)   --->   "%localC_249_loc_load = load i32 %localC_249_loc"   --->   Operation 372 'load' 'localC_249_loc_load' <Predicate = true> <Delay = 0.00>
ST_23 : Operation 373 [1/1] (0.00ns)   --->   "%localC_248_loc_load = load i32 %localC_248_loc"   --->   Operation 373 'load' 'localC_248_loc_load' <Predicate = true> <Delay = 0.00>
ST_23 : Operation 374 [1/1] (0.00ns)   --->   "%localC_247_loc_load = load i32 %localC_247_loc"   --->   Operation 374 'load' 'localC_247_loc_load' <Predicate = true> <Delay = 0.00>
ST_23 : Operation 375 [1/1] (0.00ns)   --->   "%localC_246_loc_load = load i32 %localC_246_loc"   --->   Operation 375 'load' 'localC_246_loc_load' <Predicate = true> <Delay = 0.00>
ST_23 : Operation 376 [1/1] (0.00ns)   --->   "%localC_245_loc_load = load i32 %localC_245_loc"   --->   Operation 376 'load' 'localC_245_loc_load' <Predicate = true> <Delay = 0.00>
ST_23 : Operation 377 [1/1] (0.00ns)   --->   "%localC_244_loc_load = load i32 %localC_244_loc"   --->   Operation 377 'load' 'localC_244_loc_load' <Predicate = true> <Delay = 0.00>
ST_23 : Operation 378 [1/1] (0.00ns)   --->   "%localC_243_loc_load = load i32 %localC_243_loc"   --->   Operation 378 'load' 'localC_243_loc_load' <Predicate = true> <Delay = 0.00>
ST_23 : Operation 379 [1/1] (0.00ns)   --->   "%localC_242_loc_load = load i32 %localC_242_loc"   --->   Operation 379 'load' 'localC_242_loc_load' <Predicate = true> <Delay = 0.00>
ST_23 : Operation 380 [1/1] (0.00ns)   --->   "%localC_241_loc_load = load i32 %localC_241_loc"   --->   Operation 380 'load' 'localC_241_loc_load' <Predicate = true> <Delay = 0.00>
ST_23 : Operation 381 [1/1] (0.00ns)   --->   "%localC_240_loc_load = load i32 %localC_240_loc"   --->   Operation 381 'load' 'localC_240_loc_load' <Predicate = true> <Delay = 0.00>
ST_23 : Operation 382 [1/1] (0.00ns)   --->   "%localC_239_loc_load = load i32 %localC_239_loc"   --->   Operation 382 'load' 'localC_239_loc_load' <Predicate = true> <Delay = 0.00>
ST_23 : Operation 383 [1/1] (0.00ns)   --->   "%localC_238_loc_load = load i32 %localC_238_loc"   --->   Operation 383 'load' 'localC_238_loc_load' <Predicate = true> <Delay = 0.00>
ST_23 : Operation 384 [1/1] (0.00ns)   --->   "%localC_237_loc_load = load i32 %localC_237_loc"   --->   Operation 384 'load' 'localC_237_loc_load' <Predicate = true> <Delay = 0.00>
ST_23 : Operation 385 [1/1] (0.00ns)   --->   "%localC_236_loc_load = load i32 %localC_236_loc"   --->   Operation 385 'load' 'localC_236_loc_load' <Predicate = true> <Delay = 0.00>
ST_23 : Operation 386 [1/1] (0.00ns)   --->   "%localC_235_loc_load = load i32 %localC_235_loc"   --->   Operation 386 'load' 'localC_235_loc_load' <Predicate = true> <Delay = 0.00>
ST_23 : Operation 387 [1/1] (0.00ns)   --->   "%localC_234_loc_load = load i32 %localC_234_loc"   --->   Operation 387 'load' 'localC_234_loc_load' <Predicate = true> <Delay = 0.00>
ST_23 : Operation 388 [1/1] (0.00ns)   --->   "%localC_233_loc_load = load i32 %localC_233_loc"   --->   Operation 388 'load' 'localC_233_loc_load' <Predicate = true> <Delay = 0.00>
ST_23 : Operation 389 [1/1] (0.00ns)   --->   "%localC_232_loc_load = load i32 %localC_232_loc"   --->   Operation 389 'load' 'localC_232_loc_load' <Predicate = true> <Delay = 0.00>
ST_23 : Operation 390 [1/1] (0.00ns)   --->   "%localC_231_loc_load = load i32 %localC_231_loc"   --->   Operation 390 'load' 'localC_231_loc_load' <Predicate = true> <Delay = 0.00>
ST_23 : Operation 391 [1/1] (0.00ns)   --->   "%localC_230_loc_load = load i32 %localC_230_loc"   --->   Operation 391 'load' 'localC_230_loc_load' <Predicate = true> <Delay = 0.00>
ST_23 : Operation 392 [1/1] (0.00ns)   --->   "%localC_229_loc_load = load i32 %localC_229_loc"   --->   Operation 392 'load' 'localC_229_loc_load' <Predicate = true> <Delay = 0.00>
ST_23 : Operation 393 [1/1] (0.00ns)   --->   "%localC_228_loc_load = load i32 %localC_228_loc"   --->   Operation 393 'load' 'localC_228_loc_load' <Predicate = true> <Delay = 0.00>
ST_23 : Operation 394 [1/1] (0.00ns)   --->   "%localC_227_loc_load = load i32 %localC_227_loc"   --->   Operation 394 'load' 'localC_227_loc_load' <Predicate = true> <Delay = 0.00>
ST_23 : Operation 395 [1/1] (0.00ns)   --->   "%localC_226_loc_load = load i32 %localC_226_loc"   --->   Operation 395 'load' 'localC_226_loc_load' <Predicate = true> <Delay = 0.00>
ST_23 : Operation 396 [1/1] (0.00ns)   --->   "%localC_225_loc_load = load i32 %localC_225_loc"   --->   Operation 396 'load' 'localC_225_loc_load' <Predicate = true> <Delay = 0.00>
ST_23 : Operation 397 [1/1] (0.00ns)   --->   "%localC_224_loc_load = load i32 %localC_224_loc"   --->   Operation 397 'load' 'localC_224_loc_load' <Predicate = true> <Delay = 0.00>
ST_23 : Operation 398 [1/1] (0.00ns)   --->   "%localC_223_loc_load = load i32 %localC_223_loc"   --->   Operation 398 'load' 'localC_223_loc_load' <Predicate = true> <Delay = 0.00>
ST_23 : Operation 399 [1/1] (0.00ns)   --->   "%localC_222_loc_load = load i32 %localC_222_loc"   --->   Operation 399 'load' 'localC_222_loc_load' <Predicate = true> <Delay = 0.00>
ST_23 : Operation 400 [1/1] (0.00ns)   --->   "%localC_221_loc_load = load i32 %localC_221_loc"   --->   Operation 400 'load' 'localC_221_loc_load' <Predicate = true> <Delay = 0.00>
ST_23 : Operation 401 [1/1] (0.00ns)   --->   "%localC_220_loc_load = load i32 %localC_220_loc"   --->   Operation 401 'load' 'localC_220_loc_load' <Predicate = true> <Delay = 0.00>
ST_23 : Operation 402 [1/1] (0.00ns)   --->   "%localC_219_loc_load = load i32 %localC_219_loc"   --->   Operation 402 'load' 'localC_219_loc_load' <Predicate = true> <Delay = 0.00>
ST_23 : Operation 403 [1/1] (0.00ns)   --->   "%localC_218_loc_load = load i32 %localC_218_loc"   --->   Operation 403 'load' 'localC_218_loc_load' <Predicate = true> <Delay = 0.00>
ST_23 : Operation 404 [1/1] (0.00ns)   --->   "%localC_217_loc_load = load i32 %localC_217_loc"   --->   Operation 404 'load' 'localC_217_loc_load' <Predicate = true> <Delay = 0.00>
ST_23 : Operation 405 [1/1] (0.00ns)   --->   "%localC_216_loc_load = load i32 %localC_216_loc"   --->   Operation 405 'load' 'localC_216_loc_load' <Predicate = true> <Delay = 0.00>
ST_23 : Operation 406 [1/1] (0.00ns)   --->   "%localC_215_loc_load = load i32 %localC_215_loc"   --->   Operation 406 'load' 'localC_215_loc_load' <Predicate = true> <Delay = 0.00>
ST_23 : Operation 407 [1/1] (0.00ns)   --->   "%localC_214_loc_load = load i32 %localC_214_loc"   --->   Operation 407 'load' 'localC_214_loc_load' <Predicate = true> <Delay = 0.00>
ST_23 : Operation 408 [1/1] (0.00ns)   --->   "%localC_213_loc_load = load i32 %localC_213_loc"   --->   Operation 408 'load' 'localC_213_loc_load' <Predicate = true> <Delay = 0.00>
ST_23 : Operation 409 [1/1] (0.00ns)   --->   "%localC_212_loc_load = load i32 %localC_212_loc"   --->   Operation 409 'load' 'localC_212_loc_load' <Predicate = true> <Delay = 0.00>
ST_23 : Operation 410 [1/1] (0.00ns)   --->   "%localC_211_loc_load = load i32 %localC_211_loc"   --->   Operation 410 'load' 'localC_211_loc_load' <Predicate = true> <Delay = 0.00>
ST_23 : Operation 411 [1/1] (0.00ns)   --->   "%localC_210_loc_load = load i32 %localC_210_loc"   --->   Operation 411 'load' 'localC_210_loc_load' <Predicate = true> <Delay = 0.00>
ST_23 : Operation 412 [1/1] (0.00ns)   --->   "%localC_209_loc_load = load i32 %localC_209_loc"   --->   Operation 412 'load' 'localC_209_loc_load' <Predicate = true> <Delay = 0.00>
ST_23 : Operation 413 [1/1] (0.00ns)   --->   "%localC_208_loc_load = load i32 %localC_208_loc"   --->   Operation 413 'load' 'localC_208_loc_load' <Predicate = true> <Delay = 0.00>
ST_23 : Operation 414 [1/1] (0.00ns)   --->   "%localC_207_loc_load = load i32 %localC_207_loc"   --->   Operation 414 'load' 'localC_207_loc_load' <Predicate = true> <Delay = 0.00>
ST_23 : Operation 415 [1/1] (0.00ns)   --->   "%localC_206_loc_load = load i32 %localC_206_loc"   --->   Operation 415 'load' 'localC_206_loc_load' <Predicate = true> <Delay = 0.00>
ST_23 : Operation 416 [1/1] (0.00ns)   --->   "%localC_205_loc_load = load i32 %localC_205_loc"   --->   Operation 416 'load' 'localC_205_loc_load' <Predicate = true> <Delay = 0.00>
ST_23 : Operation 417 [1/1] (0.00ns)   --->   "%localC_204_loc_load = load i32 %localC_204_loc"   --->   Operation 417 'load' 'localC_204_loc_load' <Predicate = true> <Delay = 0.00>
ST_23 : Operation 418 [1/1] (0.00ns)   --->   "%localC_203_loc_load = load i32 %localC_203_loc"   --->   Operation 418 'load' 'localC_203_loc_load' <Predicate = true> <Delay = 0.00>
ST_23 : Operation 419 [1/1] (0.00ns)   --->   "%localC_202_loc_load = load i32 %localC_202_loc"   --->   Operation 419 'load' 'localC_202_loc_load' <Predicate = true> <Delay = 0.00>
ST_23 : Operation 420 [1/1] (0.00ns)   --->   "%localC_201_loc_load = load i32 %localC_201_loc"   --->   Operation 420 'load' 'localC_201_loc_load' <Predicate = true> <Delay = 0.00>
ST_23 : Operation 421 [1/1] (0.00ns)   --->   "%localC_200_loc_load = load i32 %localC_200_loc"   --->   Operation 421 'load' 'localC_200_loc_load' <Predicate = true> <Delay = 0.00>
ST_23 : Operation 422 [1/1] (0.00ns)   --->   "%localC_199_loc_load = load i32 %localC_199_loc"   --->   Operation 422 'load' 'localC_199_loc_load' <Predicate = true> <Delay = 0.00>
ST_23 : Operation 423 [1/1] (0.00ns)   --->   "%localC_198_loc_load = load i32 %localC_198_loc"   --->   Operation 423 'load' 'localC_198_loc_load' <Predicate = true> <Delay = 0.00>
ST_23 : Operation 424 [1/1] (0.00ns)   --->   "%localC_197_loc_load = load i32 %localC_197_loc"   --->   Operation 424 'load' 'localC_197_loc_load' <Predicate = true> <Delay = 0.00>
ST_23 : Operation 425 [1/1] (0.00ns)   --->   "%localC_196_loc_load = load i32 %localC_196_loc"   --->   Operation 425 'load' 'localC_196_loc_load' <Predicate = true> <Delay = 0.00>
ST_23 : Operation 426 [1/1] (0.00ns)   --->   "%localC_195_loc_load = load i32 %localC_195_loc"   --->   Operation 426 'load' 'localC_195_loc_load' <Predicate = true> <Delay = 0.00>
ST_23 : Operation 427 [1/1] (0.00ns)   --->   "%localC_194_loc_load = load i32 %localC_194_loc"   --->   Operation 427 'load' 'localC_194_loc_load' <Predicate = true> <Delay = 0.00>
ST_23 : Operation 428 [1/1] (0.00ns)   --->   "%localC_193_loc_load = load i32 %localC_193_loc"   --->   Operation 428 'load' 'localC_193_loc_load' <Predicate = true> <Delay = 0.00>
ST_23 : Operation 429 [1/1] (0.00ns)   --->   "%localC_192_loc_load = load i32 %localC_192_loc"   --->   Operation 429 'load' 'localC_192_loc_load' <Predicate = true> <Delay = 0.00>
ST_23 : Operation 430 [1/1] (0.00ns)   --->   "%localC_191_loc_load = load i32 %localC_191_loc"   --->   Operation 430 'load' 'localC_191_loc_load' <Predicate = true> <Delay = 0.00>
ST_23 : Operation 431 [1/1] (0.00ns)   --->   "%localC_190_loc_load = load i32 %localC_190_loc"   --->   Operation 431 'load' 'localC_190_loc_load' <Predicate = true> <Delay = 0.00>
ST_23 : Operation 432 [1/1] (0.00ns)   --->   "%localC_189_loc_load = load i32 %localC_189_loc"   --->   Operation 432 'load' 'localC_189_loc_load' <Predicate = true> <Delay = 0.00>
ST_23 : Operation 433 [1/1] (0.00ns)   --->   "%localC_188_loc_load = load i32 %localC_188_loc"   --->   Operation 433 'load' 'localC_188_loc_load' <Predicate = true> <Delay = 0.00>
ST_23 : Operation 434 [1/1] (0.00ns)   --->   "%localC_187_loc_load = load i32 %localC_187_loc"   --->   Operation 434 'load' 'localC_187_loc_load' <Predicate = true> <Delay = 0.00>
ST_23 : Operation 435 [1/1] (0.00ns)   --->   "%localC_186_loc_load = load i32 %localC_186_loc"   --->   Operation 435 'load' 'localC_186_loc_load' <Predicate = true> <Delay = 0.00>
ST_23 : Operation 436 [1/1] (0.00ns)   --->   "%localC_185_loc_load = load i32 %localC_185_loc"   --->   Operation 436 'load' 'localC_185_loc_load' <Predicate = true> <Delay = 0.00>
ST_23 : Operation 437 [1/1] (0.00ns)   --->   "%localC_184_loc_load = load i32 %localC_184_loc"   --->   Operation 437 'load' 'localC_184_loc_load' <Predicate = true> <Delay = 0.00>
ST_23 : Operation 438 [1/1] (0.00ns)   --->   "%localC_183_loc_load = load i32 %localC_183_loc"   --->   Operation 438 'load' 'localC_183_loc_load' <Predicate = true> <Delay = 0.00>
ST_23 : Operation 439 [1/1] (0.00ns)   --->   "%localC_182_loc_load = load i32 %localC_182_loc"   --->   Operation 439 'load' 'localC_182_loc_load' <Predicate = true> <Delay = 0.00>
ST_23 : Operation 440 [1/1] (0.00ns)   --->   "%localC_181_loc_load = load i32 %localC_181_loc"   --->   Operation 440 'load' 'localC_181_loc_load' <Predicate = true> <Delay = 0.00>
ST_23 : Operation 441 [1/1] (0.00ns)   --->   "%localC_180_loc_load = load i32 %localC_180_loc"   --->   Operation 441 'load' 'localC_180_loc_load' <Predicate = true> <Delay = 0.00>
ST_23 : Operation 442 [1/1] (0.00ns)   --->   "%localC_179_loc_load = load i32 %localC_179_loc"   --->   Operation 442 'load' 'localC_179_loc_load' <Predicate = true> <Delay = 0.00>
ST_23 : Operation 443 [1/1] (0.00ns)   --->   "%localC_178_loc_load = load i32 %localC_178_loc"   --->   Operation 443 'load' 'localC_178_loc_load' <Predicate = true> <Delay = 0.00>
ST_23 : Operation 444 [1/1] (0.00ns)   --->   "%localC_177_loc_load = load i32 %localC_177_loc"   --->   Operation 444 'load' 'localC_177_loc_load' <Predicate = true> <Delay = 0.00>
ST_23 : Operation 445 [1/1] (0.00ns)   --->   "%localC_176_loc_load = load i32 %localC_176_loc"   --->   Operation 445 'load' 'localC_176_loc_load' <Predicate = true> <Delay = 0.00>
ST_23 : Operation 446 [1/1] (0.00ns)   --->   "%localC_175_loc_load = load i32 %localC_175_loc"   --->   Operation 446 'load' 'localC_175_loc_load' <Predicate = true> <Delay = 0.00>
ST_23 : Operation 447 [1/1] (0.00ns)   --->   "%localC_174_loc_load = load i32 %localC_174_loc"   --->   Operation 447 'load' 'localC_174_loc_load' <Predicate = true> <Delay = 0.00>
ST_23 : Operation 448 [1/1] (0.00ns)   --->   "%localC_173_loc_load = load i32 %localC_173_loc"   --->   Operation 448 'load' 'localC_173_loc_load' <Predicate = true> <Delay = 0.00>
ST_23 : Operation 449 [1/1] (0.00ns)   --->   "%localC_172_loc_load = load i32 %localC_172_loc"   --->   Operation 449 'load' 'localC_172_loc_load' <Predicate = true> <Delay = 0.00>
ST_23 : Operation 450 [1/1] (0.00ns)   --->   "%localC_171_loc_load = load i32 %localC_171_loc"   --->   Operation 450 'load' 'localC_171_loc_load' <Predicate = true> <Delay = 0.00>
ST_23 : Operation 451 [1/1] (0.00ns)   --->   "%localC_170_loc_load = load i32 %localC_170_loc"   --->   Operation 451 'load' 'localC_170_loc_load' <Predicate = true> <Delay = 0.00>
ST_23 : Operation 452 [1/1] (0.00ns)   --->   "%localC_169_loc_load = load i32 %localC_169_loc"   --->   Operation 452 'load' 'localC_169_loc_load' <Predicate = true> <Delay = 0.00>
ST_23 : Operation 453 [1/1] (0.00ns)   --->   "%localC_168_loc_load = load i32 %localC_168_loc"   --->   Operation 453 'load' 'localC_168_loc_load' <Predicate = true> <Delay = 0.00>
ST_23 : Operation 454 [1/1] (0.00ns)   --->   "%localC_167_loc_load = load i32 %localC_167_loc"   --->   Operation 454 'load' 'localC_167_loc_load' <Predicate = true> <Delay = 0.00>
ST_23 : Operation 455 [1/1] (0.00ns)   --->   "%localC_166_loc_load = load i32 %localC_166_loc"   --->   Operation 455 'load' 'localC_166_loc_load' <Predicate = true> <Delay = 0.00>
ST_23 : Operation 456 [1/1] (0.00ns)   --->   "%localC_165_loc_load = load i32 %localC_165_loc"   --->   Operation 456 'load' 'localC_165_loc_load' <Predicate = true> <Delay = 0.00>
ST_23 : Operation 457 [1/1] (0.00ns)   --->   "%localC_164_loc_load = load i32 %localC_164_loc"   --->   Operation 457 'load' 'localC_164_loc_load' <Predicate = true> <Delay = 0.00>
ST_23 : Operation 458 [1/1] (0.00ns)   --->   "%localC_163_loc_load = load i32 %localC_163_loc"   --->   Operation 458 'load' 'localC_163_loc_load' <Predicate = true> <Delay = 0.00>
ST_23 : Operation 459 [1/1] (0.00ns)   --->   "%localC_162_loc_load = load i32 %localC_162_loc"   --->   Operation 459 'load' 'localC_162_loc_load' <Predicate = true> <Delay = 0.00>
ST_23 : Operation 460 [1/1] (0.00ns)   --->   "%localC_161_loc_load = load i32 %localC_161_loc"   --->   Operation 460 'load' 'localC_161_loc_load' <Predicate = true> <Delay = 0.00>
ST_23 : Operation 461 [1/1] (0.00ns)   --->   "%localC_160_loc_load = load i32 %localC_160_loc"   --->   Operation 461 'load' 'localC_160_loc_load' <Predicate = true> <Delay = 0.00>
ST_23 : Operation 462 [1/1] (0.00ns)   --->   "%localC_159_loc_load = load i32 %localC_159_loc"   --->   Operation 462 'load' 'localC_159_loc_load' <Predicate = true> <Delay = 0.00>
ST_23 : Operation 463 [1/1] (0.00ns)   --->   "%localC_158_loc_load = load i32 %localC_158_loc"   --->   Operation 463 'load' 'localC_158_loc_load' <Predicate = true> <Delay = 0.00>
ST_23 : Operation 464 [1/1] (0.00ns)   --->   "%localC_157_loc_load = load i32 %localC_157_loc"   --->   Operation 464 'load' 'localC_157_loc_load' <Predicate = true> <Delay = 0.00>
ST_23 : Operation 465 [1/1] (0.00ns)   --->   "%localC_156_loc_load = load i32 %localC_156_loc"   --->   Operation 465 'load' 'localC_156_loc_load' <Predicate = true> <Delay = 0.00>
ST_23 : Operation 466 [1/1] (0.00ns)   --->   "%localC_155_loc_load = load i32 %localC_155_loc"   --->   Operation 466 'load' 'localC_155_loc_load' <Predicate = true> <Delay = 0.00>
ST_23 : Operation 467 [1/1] (0.00ns)   --->   "%localC_154_loc_load = load i32 %localC_154_loc"   --->   Operation 467 'load' 'localC_154_loc_load' <Predicate = true> <Delay = 0.00>
ST_23 : Operation 468 [1/1] (0.00ns)   --->   "%localC_153_loc_load = load i32 %localC_153_loc"   --->   Operation 468 'load' 'localC_153_loc_load' <Predicate = true> <Delay = 0.00>
ST_23 : Operation 469 [1/1] (0.00ns)   --->   "%localC_152_loc_load = load i32 %localC_152_loc"   --->   Operation 469 'load' 'localC_152_loc_load' <Predicate = true> <Delay = 0.00>
ST_23 : Operation 470 [1/1] (0.00ns)   --->   "%localC_151_loc_load = load i32 %localC_151_loc"   --->   Operation 470 'load' 'localC_151_loc_load' <Predicate = true> <Delay = 0.00>
ST_23 : Operation 471 [1/1] (0.00ns)   --->   "%localC_150_loc_load = load i32 %localC_150_loc"   --->   Operation 471 'load' 'localC_150_loc_load' <Predicate = true> <Delay = 0.00>
ST_23 : Operation 472 [1/1] (0.00ns)   --->   "%localC_149_loc_load = load i32 %localC_149_loc"   --->   Operation 472 'load' 'localC_149_loc_load' <Predicate = true> <Delay = 0.00>
ST_23 : Operation 473 [1/1] (0.00ns)   --->   "%localC_148_loc_load = load i32 %localC_148_loc"   --->   Operation 473 'load' 'localC_148_loc_load' <Predicate = true> <Delay = 0.00>
ST_23 : Operation 474 [1/1] (0.00ns)   --->   "%localC_147_loc_load = load i32 %localC_147_loc"   --->   Operation 474 'load' 'localC_147_loc_load' <Predicate = true> <Delay = 0.00>
ST_23 : Operation 475 [1/1] (0.00ns)   --->   "%localC_146_loc_load = load i32 %localC_146_loc"   --->   Operation 475 'load' 'localC_146_loc_load' <Predicate = true> <Delay = 0.00>
ST_23 : Operation 476 [1/1] (0.00ns)   --->   "%localC_145_loc_load = load i32 %localC_145_loc"   --->   Operation 476 'load' 'localC_145_loc_load' <Predicate = true> <Delay = 0.00>
ST_23 : Operation 477 [1/1] (0.00ns)   --->   "%localC_144_loc_load = load i32 %localC_144_loc"   --->   Operation 477 'load' 'localC_144_loc_load' <Predicate = true> <Delay = 0.00>
ST_23 : Operation 478 [1/1] (0.00ns)   --->   "%localC_143_loc_load = load i32 %localC_143_loc"   --->   Operation 478 'load' 'localC_143_loc_load' <Predicate = true> <Delay = 0.00>
ST_23 : Operation 479 [1/1] (0.00ns)   --->   "%localC_142_loc_load = load i32 %localC_142_loc"   --->   Operation 479 'load' 'localC_142_loc_load' <Predicate = true> <Delay = 0.00>
ST_23 : Operation 480 [1/1] (0.00ns)   --->   "%localC_141_loc_load = load i32 %localC_141_loc"   --->   Operation 480 'load' 'localC_141_loc_load' <Predicate = true> <Delay = 0.00>
ST_23 : Operation 481 [1/1] (0.00ns)   --->   "%localC_140_loc_load = load i32 %localC_140_loc"   --->   Operation 481 'load' 'localC_140_loc_load' <Predicate = true> <Delay = 0.00>
ST_23 : Operation 482 [1/1] (0.00ns)   --->   "%localC_139_loc_load = load i32 %localC_139_loc"   --->   Operation 482 'load' 'localC_139_loc_load' <Predicate = true> <Delay = 0.00>
ST_23 : Operation 483 [1/1] (0.00ns)   --->   "%localC_138_loc_load = load i32 %localC_138_loc"   --->   Operation 483 'load' 'localC_138_loc_load' <Predicate = true> <Delay = 0.00>
ST_23 : Operation 484 [1/1] (0.00ns)   --->   "%localC_137_loc_load = load i32 %localC_137_loc"   --->   Operation 484 'load' 'localC_137_loc_load' <Predicate = true> <Delay = 0.00>
ST_23 : Operation 485 [1/1] (0.00ns)   --->   "%localC_136_loc_load = load i32 %localC_136_loc"   --->   Operation 485 'load' 'localC_136_loc_load' <Predicate = true> <Delay = 0.00>
ST_23 : Operation 486 [1/1] (0.00ns)   --->   "%localC_135_loc_load = load i32 %localC_135_loc"   --->   Operation 486 'load' 'localC_135_loc_load' <Predicate = true> <Delay = 0.00>
ST_23 : Operation 487 [1/1] (0.00ns)   --->   "%localC_134_loc_load = load i32 %localC_134_loc"   --->   Operation 487 'load' 'localC_134_loc_load' <Predicate = true> <Delay = 0.00>
ST_23 : Operation 488 [1/1] (0.00ns)   --->   "%localC_133_loc_load = load i32 %localC_133_loc"   --->   Operation 488 'load' 'localC_133_loc_load' <Predicate = true> <Delay = 0.00>
ST_23 : Operation 489 [1/1] (0.00ns)   --->   "%localC_132_loc_load = load i32 %localC_132_loc"   --->   Operation 489 'load' 'localC_132_loc_load' <Predicate = true> <Delay = 0.00>
ST_23 : Operation 490 [1/1] (0.00ns)   --->   "%localC_131_loc_load = load i32 %localC_131_loc"   --->   Operation 490 'load' 'localC_131_loc_load' <Predicate = true> <Delay = 0.00>
ST_23 : Operation 491 [1/1] (0.00ns)   --->   "%localC_130_loc_load = load i32 %localC_130_loc"   --->   Operation 491 'load' 'localC_130_loc_load' <Predicate = true> <Delay = 0.00>
ST_23 : Operation 492 [1/1] (0.00ns)   --->   "%localC_129_loc_load = load i32 %localC_129_loc"   --->   Operation 492 'load' 'localC_129_loc_load' <Predicate = true> <Delay = 0.00>
ST_23 : Operation 493 [1/1] (0.00ns)   --->   "%localC_128_loc_load = load i32 %localC_128_loc"   --->   Operation 493 'load' 'localC_128_loc_load' <Predicate = true> <Delay = 0.00>
ST_23 : Operation 494 [1/1] (0.00ns)   --->   "%localC_127_loc_load = load i32 %localC_127_loc"   --->   Operation 494 'load' 'localC_127_loc_load' <Predicate = true> <Delay = 0.00>
ST_23 : Operation 495 [1/1] (0.00ns)   --->   "%localC_126_loc_load = load i32 %localC_126_loc"   --->   Operation 495 'load' 'localC_126_loc_load' <Predicate = true> <Delay = 0.00>
ST_23 : Operation 496 [1/1] (0.00ns)   --->   "%localC_125_loc_load = load i32 %localC_125_loc"   --->   Operation 496 'load' 'localC_125_loc_load' <Predicate = true> <Delay = 0.00>
ST_23 : Operation 497 [1/1] (0.00ns)   --->   "%localC_124_loc_load = load i32 %localC_124_loc"   --->   Operation 497 'load' 'localC_124_loc_load' <Predicate = true> <Delay = 0.00>
ST_23 : Operation 498 [1/1] (0.00ns)   --->   "%localC_123_loc_load = load i32 %localC_123_loc"   --->   Operation 498 'load' 'localC_123_loc_load' <Predicate = true> <Delay = 0.00>
ST_23 : Operation 499 [1/1] (0.00ns)   --->   "%localC_122_loc_load = load i32 %localC_122_loc"   --->   Operation 499 'load' 'localC_122_loc_load' <Predicate = true> <Delay = 0.00>
ST_23 : Operation 500 [1/1] (0.00ns)   --->   "%localC_121_loc_load = load i32 %localC_121_loc"   --->   Operation 500 'load' 'localC_121_loc_load' <Predicate = true> <Delay = 0.00>
ST_23 : Operation 501 [1/1] (0.00ns)   --->   "%localC_120_loc_load = load i32 %localC_120_loc"   --->   Operation 501 'load' 'localC_120_loc_load' <Predicate = true> <Delay = 0.00>
ST_23 : Operation 502 [1/1] (0.00ns)   --->   "%localC_119_loc_load = load i32 %localC_119_loc"   --->   Operation 502 'load' 'localC_119_loc_load' <Predicate = true> <Delay = 0.00>
ST_23 : Operation 503 [1/1] (0.00ns)   --->   "%localC_118_loc_load = load i32 %localC_118_loc"   --->   Operation 503 'load' 'localC_118_loc_load' <Predicate = true> <Delay = 0.00>
ST_23 : Operation 504 [1/1] (0.00ns)   --->   "%localC_117_loc_load = load i32 %localC_117_loc"   --->   Operation 504 'load' 'localC_117_loc_load' <Predicate = true> <Delay = 0.00>
ST_23 : Operation 505 [1/1] (0.00ns)   --->   "%localC_116_loc_load = load i32 %localC_116_loc"   --->   Operation 505 'load' 'localC_116_loc_load' <Predicate = true> <Delay = 0.00>
ST_23 : Operation 506 [1/1] (0.00ns)   --->   "%localC_115_loc_load = load i32 %localC_115_loc"   --->   Operation 506 'load' 'localC_115_loc_load' <Predicate = true> <Delay = 0.00>
ST_23 : Operation 507 [1/1] (0.00ns)   --->   "%localC_114_loc_load = load i32 %localC_114_loc"   --->   Operation 507 'load' 'localC_114_loc_load' <Predicate = true> <Delay = 0.00>
ST_23 : Operation 508 [1/1] (0.00ns)   --->   "%localC_113_loc_load = load i32 %localC_113_loc"   --->   Operation 508 'load' 'localC_113_loc_load' <Predicate = true> <Delay = 0.00>
ST_23 : Operation 509 [1/1] (0.00ns)   --->   "%localC_112_loc_load = load i32 %localC_112_loc"   --->   Operation 509 'load' 'localC_112_loc_load' <Predicate = true> <Delay = 0.00>
ST_23 : Operation 510 [1/1] (0.00ns)   --->   "%localC_111_loc_load = load i32 %localC_111_loc"   --->   Operation 510 'load' 'localC_111_loc_load' <Predicate = true> <Delay = 0.00>
ST_23 : Operation 511 [1/1] (0.00ns)   --->   "%localC_110_loc_load = load i32 %localC_110_loc"   --->   Operation 511 'load' 'localC_110_loc_load' <Predicate = true> <Delay = 0.00>
ST_23 : Operation 512 [1/1] (0.00ns)   --->   "%localC_109_loc_load = load i32 %localC_109_loc"   --->   Operation 512 'load' 'localC_109_loc_load' <Predicate = true> <Delay = 0.00>
ST_23 : Operation 513 [1/1] (0.00ns)   --->   "%localC_108_loc_load = load i32 %localC_108_loc"   --->   Operation 513 'load' 'localC_108_loc_load' <Predicate = true> <Delay = 0.00>
ST_23 : Operation 514 [1/1] (0.00ns)   --->   "%localC_107_loc_load = load i32 %localC_107_loc"   --->   Operation 514 'load' 'localC_107_loc_load' <Predicate = true> <Delay = 0.00>
ST_23 : Operation 515 [1/1] (0.00ns)   --->   "%localC_106_loc_load = load i32 %localC_106_loc"   --->   Operation 515 'load' 'localC_106_loc_load' <Predicate = true> <Delay = 0.00>
ST_23 : Operation 516 [1/1] (0.00ns)   --->   "%localC_105_loc_load = load i32 %localC_105_loc"   --->   Operation 516 'load' 'localC_105_loc_load' <Predicate = true> <Delay = 0.00>
ST_23 : Operation 517 [1/1] (0.00ns)   --->   "%localC_104_loc_load = load i32 %localC_104_loc"   --->   Operation 517 'load' 'localC_104_loc_load' <Predicate = true> <Delay = 0.00>
ST_23 : Operation 518 [1/1] (0.00ns)   --->   "%localC_103_loc_load = load i32 %localC_103_loc"   --->   Operation 518 'load' 'localC_103_loc_load' <Predicate = true> <Delay = 0.00>
ST_23 : Operation 519 [1/1] (0.00ns)   --->   "%localC_102_loc_load = load i32 %localC_102_loc"   --->   Operation 519 'load' 'localC_102_loc_load' <Predicate = true> <Delay = 0.00>
ST_23 : Operation 520 [1/1] (0.00ns)   --->   "%localC_101_loc_load = load i32 %localC_101_loc"   --->   Operation 520 'load' 'localC_101_loc_load' <Predicate = true> <Delay = 0.00>
ST_23 : Operation 521 [1/1] (0.00ns)   --->   "%localC_100_loc_load = load i32 %localC_100_loc"   --->   Operation 521 'load' 'localC_100_loc_load' <Predicate = true> <Delay = 0.00>
ST_23 : Operation 522 [1/1] (0.00ns)   --->   "%localC_99_loc_load = load i32 %localC_99_loc"   --->   Operation 522 'load' 'localC_99_loc_load' <Predicate = true> <Delay = 0.00>
ST_23 : Operation 523 [1/1] (0.00ns)   --->   "%localC_98_loc_load = load i32 %localC_98_loc"   --->   Operation 523 'load' 'localC_98_loc_load' <Predicate = true> <Delay = 0.00>
ST_23 : Operation 524 [1/1] (0.00ns)   --->   "%localC_97_loc_load = load i32 %localC_97_loc"   --->   Operation 524 'load' 'localC_97_loc_load' <Predicate = true> <Delay = 0.00>
ST_23 : Operation 525 [1/1] (0.00ns)   --->   "%localC_96_loc_load = load i32 %localC_96_loc"   --->   Operation 525 'load' 'localC_96_loc_load' <Predicate = true> <Delay = 0.00>
ST_23 : Operation 526 [1/1] (0.00ns)   --->   "%localC_95_loc_load = load i32 %localC_95_loc"   --->   Operation 526 'load' 'localC_95_loc_load' <Predicate = true> <Delay = 0.00>
ST_23 : Operation 527 [1/1] (0.00ns)   --->   "%localC_94_loc_load = load i32 %localC_94_loc"   --->   Operation 527 'load' 'localC_94_loc_load' <Predicate = true> <Delay = 0.00>
ST_23 : Operation 528 [1/1] (0.00ns)   --->   "%localC_93_loc_load = load i32 %localC_93_loc"   --->   Operation 528 'load' 'localC_93_loc_load' <Predicate = true> <Delay = 0.00>
ST_23 : Operation 529 [1/1] (0.00ns)   --->   "%localC_92_loc_load = load i32 %localC_92_loc"   --->   Operation 529 'load' 'localC_92_loc_load' <Predicate = true> <Delay = 0.00>
ST_23 : Operation 530 [1/1] (0.00ns)   --->   "%localC_91_loc_load = load i32 %localC_91_loc"   --->   Operation 530 'load' 'localC_91_loc_load' <Predicate = true> <Delay = 0.00>
ST_23 : Operation 531 [1/1] (0.00ns)   --->   "%localC_90_loc_load = load i32 %localC_90_loc"   --->   Operation 531 'load' 'localC_90_loc_load' <Predicate = true> <Delay = 0.00>
ST_23 : Operation 532 [1/1] (0.00ns)   --->   "%localC_89_loc_load = load i32 %localC_89_loc"   --->   Operation 532 'load' 'localC_89_loc_load' <Predicate = true> <Delay = 0.00>
ST_23 : Operation 533 [1/1] (0.00ns)   --->   "%localC_88_loc_load = load i32 %localC_88_loc"   --->   Operation 533 'load' 'localC_88_loc_load' <Predicate = true> <Delay = 0.00>
ST_23 : Operation 534 [1/1] (0.00ns)   --->   "%localC_87_loc_load = load i32 %localC_87_loc"   --->   Operation 534 'load' 'localC_87_loc_load' <Predicate = true> <Delay = 0.00>
ST_23 : Operation 535 [1/1] (0.00ns)   --->   "%localC_86_loc_load = load i32 %localC_86_loc"   --->   Operation 535 'load' 'localC_86_loc_load' <Predicate = true> <Delay = 0.00>
ST_23 : Operation 536 [1/1] (0.00ns)   --->   "%localC_85_loc_load = load i32 %localC_85_loc"   --->   Operation 536 'load' 'localC_85_loc_load' <Predicate = true> <Delay = 0.00>
ST_23 : Operation 537 [1/1] (0.00ns)   --->   "%localC_84_loc_load = load i32 %localC_84_loc"   --->   Operation 537 'load' 'localC_84_loc_load' <Predicate = true> <Delay = 0.00>
ST_23 : Operation 538 [1/1] (0.00ns)   --->   "%localC_83_loc_load = load i32 %localC_83_loc"   --->   Operation 538 'load' 'localC_83_loc_load' <Predicate = true> <Delay = 0.00>
ST_23 : Operation 539 [1/1] (0.00ns)   --->   "%localC_82_loc_load = load i32 %localC_82_loc"   --->   Operation 539 'load' 'localC_82_loc_load' <Predicate = true> <Delay = 0.00>
ST_23 : Operation 540 [1/1] (0.00ns)   --->   "%localC_81_loc_load = load i32 %localC_81_loc"   --->   Operation 540 'load' 'localC_81_loc_load' <Predicate = true> <Delay = 0.00>
ST_23 : Operation 541 [1/1] (0.00ns)   --->   "%localC_80_loc_load = load i32 %localC_80_loc"   --->   Operation 541 'load' 'localC_80_loc_load' <Predicate = true> <Delay = 0.00>
ST_23 : Operation 542 [1/1] (0.00ns)   --->   "%localC_79_loc_load = load i32 %localC_79_loc"   --->   Operation 542 'load' 'localC_79_loc_load' <Predicate = true> <Delay = 0.00>
ST_23 : Operation 543 [1/1] (0.00ns)   --->   "%localC_78_loc_load = load i32 %localC_78_loc"   --->   Operation 543 'load' 'localC_78_loc_load' <Predicate = true> <Delay = 0.00>
ST_23 : Operation 544 [1/1] (0.00ns)   --->   "%localC_77_loc_load = load i32 %localC_77_loc"   --->   Operation 544 'load' 'localC_77_loc_load' <Predicate = true> <Delay = 0.00>
ST_23 : Operation 545 [1/1] (0.00ns)   --->   "%localC_76_loc_load = load i32 %localC_76_loc"   --->   Operation 545 'load' 'localC_76_loc_load' <Predicate = true> <Delay = 0.00>
ST_23 : Operation 546 [1/1] (0.00ns)   --->   "%localC_75_loc_load = load i32 %localC_75_loc"   --->   Operation 546 'load' 'localC_75_loc_load' <Predicate = true> <Delay = 0.00>
ST_23 : Operation 547 [1/1] (0.00ns)   --->   "%localC_74_loc_load = load i32 %localC_74_loc"   --->   Operation 547 'load' 'localC_74_loc_load' <Predicate = true> <Delay = 0.00>
ST_23 : Operation 548 [1/1] (0.00ns)   --->   "%localC_73_loc_load = load i32 %localC_73_loc"   --->   Operation 548 'load' 'localC_73_loc_load' <Predicate = true> <Delay = 0.00>
ST_23 : Operation 549 [1/1] (0.00ns)   --->   "%localC_72_loc_load = load i32 %localC_72_loc"   --->   Operation 549 'load' 'localC_72_loc_load' <Predicate = true> <Delay = 0.00>
ST_23 : Operation 550 [1/1] (0.00ns)   --->   "%localC_71_loc_load = load i32 %localC_71_loc"   --->   Operation 550 'load' 'localC_71_loc_load' <Predicate = true> <Delay = 0.00>
ST_23 : Operation 551 [1/1] (0.00ns)   --->   "%localC_70_loc_load = load i32 %localC_70_loc"   --->   Operation 551 'load' 'localC_70_loc_load' <Predicate = true> <Delay = 0.00>
ST_23 : Operation 552 [1/1] (0.00ns)   --->   "%localC_69_loc_load = load i32 %localC_69_loc"   --->   Operation 552 'load' 'localC_69_loc_load' <Predicate = true> <Delay = 0.00>
ST_23 : Operation 553 [1/1] (0.00ns)   --->   "%localC_68_loc_load = load i32 %localC_68_loc"   --->   Operation 553 'load' 'localC_68_loc_load' <Predicate = true> <Delay = 0.00>
ST_23 : Operation 554 [1/1] (0.00ns)   --->   "%localC_67_loc_load = load i32 %localC_67_loc"   --->   Operation 554 'load' 'localC_67_loc_load' <Predicate = true> <Delay = 0.00>
ST_23 : Operation 555 [1/1] (0.00ns)   --->   "%localC_66_loc_load = load i32 %localC_66_loc"   --->   Operation 555 'load' 'localC_66_loc_load' <Predicate = true> <Delay = 0.00>
ST_23 : Operation 556 [1/1] (0.00ns)   --->   "%localC_65_loc_load = load i32 %localC_65_loc"   --->   Operation 556 'load' 'localC_65_loc_load' <Predicate = true> <Delay = 0.00>
ST_23 : Operation 557 [1/1] (0.00ns)   --->   "%localC_64_loc_load = load i32 %localC_64_loc"   --->   Operation 557 'load' 'localC_64_loc_load' <Predicate = true> <Delay = 0.00>
ST_23 : Operation 558 [1/1] (0.00ns)   --->   "%localC_63_loc_load = load i32 %localC_63_loc"   --->   Operation 558 'load' 'localC_63_loc_load' <Predicate = true> <Delay = 0.00>
ST_23 : Operation 559 [1/1] (0.00ns)   --->   "%localC_62_loc_load = load i32 %localC_62_loc"   --->   Operation 559 'load' 'localC_62_loc_load' <Predicate = true> <Delay = 0.00>
ST_23 : Operation 560 [1/1] (0.00ns)   --->   "%localC_61_loc_load = load i32 %localC_61_loc"   --->   Operation 560 'load' 'localC_61_loc_load' <Predicate = true> <Delay = 0.00>
ST_23 : Operation 561 [1/1] (0.00ns)   --->   "%localC_60_loc_load = load i32 %localC_60_loc"   --->   Operation 561 'load' 'localC_60_loc_load' <Predicate = true> <Delay = 0.00>
ST_23 : Operation 562 [1/1] (0.00ns)   --->   "%localC_59_loc_load = load i32 %localC_59_loc"   --->   Operation 562 'load' 'localC_59_loc_load' <Predicate = true> <Delay = 0.00>
ST_23 : Operation 563 [1/1] (0.00ns)   --->   "%localC_58_loc_load = load i32 %localC_58_loc"   --->   Operation 563 'load' 'localC_58_loc_load' <Predicate = true> <Delay = 0.00>
ST_23 : Operation 564 [1/1] (0.00ns)   --->   "%localC_57_loc_load = load i32 %localC_57_loc"   --->   Operation 564 'load' 'localC_57_loc_load' <Predicate = true> <Delay = 0.00>
ST_23 : Operation 565 [1/1] (0.00ns)   --->   "%localC_56_loc_load = load i32 %localC_56_loc"   --->   Operation 565 'load' 'localC_56_loc_load' <Predicate = true> <Delay = 0.00>
ST_23 : Operation 566 [1/1] (0.00ns)   --->   "%localC_55_loc_load = load i32 %localC_55_loc"   --->   Operation 566 'load' 'localC_55_loc_load' <Predicate = true> <Delay = 0.00>
ST_23 : Operation 567 [1/1] (0.00ns)   --->   "%localC_54_loc_load = load i32 %localC_54_loc"   --->   Operation 567 'load' 'localC_54_loc_load' <Predicate = true> <Delay = 0.00>
ST_23 : Operation 568 [1/1] (0.00ns)   --->   "%localC_53_loc_load = load i32 %localC_53_loc"   --->   Operation 568 'load' 'localC_53_loc_load' <Predicate = true> <Delay = 0.00>
ST_23 : Operation 569 [1/1] (0.00ns)   --->   "%localC_52_loc_load = load i32 %localC_52_loc"   --->   Operation 569 'load' 'localC_52_loc_load' <Predicate = true> <Delay = 0.00>
ST_23 : Operation 570 [1/1] (0.00ns)   --->   "%localC_51_loc_load = load i32 %localC_51_loc"   --->   Operation 570 'load' 'localC_51_loc_load' <Predicate = true> <Delay = 0.00>
ST_23 : Operation 571 [1/1] (0.00ns)   --->   "%localC_50_loc_load = load i32 %localC_50_loc"   --->   Operation 571 'load' 'localC_50_loc_load' <Predicate = true> <Delay = 0.00>
ST_23 : Operation 572 [1/1] (0.00ns)   --->   "%localC_49_loc_load = load i32 %localC_49_loc"   --->   Operation 572 'load' 'localC_49_loc_load' <Predicate = true> <Delay = 0.00>
ST_23 : Operation 573 [1/1] (0.00ns)   --->   "%localC_48_loc_load = load i32 %localC_48_loc"   --->   Operation 573 'load' 'localC_48_loc_load' <Predicate = true> <Delay = 0.00>
ST_23 : Operation 574 [1/1] (0.00ns)   --->   "%localC_47_loc_load = load i32 %localC_47_loc"   --->   Operation 574 'load' 'localC_47_loc_load' <Predicate = true> <Delay = 0.00>
ST_23 : Operation 575 [1/1] (0.00ns)   --->   "%localC_46_loc_load = load i32 %localC_46_loc"   --->   Operation 575 'load' 'localC_46_loc_load' <Predicate = true> <Delay = 0.00>
ST_23 : Operation 576 [1/1] (0.00ns)   --->   "%localC_45_loc_load = load i32 %localC_45_loc"   --->   Operation 576 'load' 'localC_45_loc_load' <Predicate = true> <Delay = 0.00>
ST_23 : Operation 577 [1/1] (0.00ns)   --->   "%localC_44_loc_load = load i32 %localC_44_loc"   --->   Operation 577 'load' 'localC_44_loc_load' <Predicate = true> <Delay = 0.00>
ST_23 : Operation 578 [1/1] (0.00ns)   --->   "%localC_43_loc_load = load i32 %localC_43_loc"   --->   Operation 578 'load' 'localC_43_loc_load' <Predicate = true> <Delay = 0.00>
ST_23 : Operation 579 [1/1] (0.00ns)   --->   "%localC_42_loc_load = load i32 %localC_42_loc"   --->   Operation 579 'load' 'localC_42_loc_load' <Predicate = true> <Delay = 0.00>
ST_23 : Operation 580 [1/1] (0.00ns)   --->   "%localC_41_loc_load = load i32 %localC_41_loc"   --->   Operation 580 'load' 'localC_41_loc_load' <Predicate = true> <Delay = 0.00>
ST_23 : Operation 581 [1/1] (0.00ns)   --->   "%localC_40_loc_load = load i32 %localC_40_loc"   --->   Operation 581 'load' 'localC_40_loc_load' <Predicate = true> <Delay = 0.00>
ST_23 : Operation 582 [1/1] (0.00ns)   --->   "%localC_39_loc_load = load i32 %localC_39_loc"   --->   Operation 582 'load' 'localC_39_loc_load' <Predicate = true> <Delay = 0.00>
ST_23 : Operation 583 [1/1] (0.00ns)   --->   "%localC_38_loc_load = load i32 %localC_38_loc"   --->   Operation 583 'load' 'localC_38_loc_load' <Predicate = true> <Delay = 0.00>
ST_23 : Operation 584 [1/1] (0.00ns)   --->   "%localC_37_loc_load = load i32 %localC_37_loc"   --->   Operation 584 'load' 'localC_37_loc_load' <Predicate = true> <Delay = 0.00>
ST_23 : Operation 585 [1/1] (0.00ns)   --->   "%localC_36_loc_load = load i32 %localC_36_loc"   --->   Operation 585 'load' 'localC_36_loc_load' <Predicate = true> <Delay = 0.00>
ST_23 : Operation 586 [1/1] (0.00ns)   --->   "%localC_35_loc_load = load i32 %localC_35_loc"   --->   Operation 586 'load' 'localC_35_loc_load' <Predicate = true> <Delay = 0.00>
ST_23 : Operation 587 [1/1] (0.00ns)   --->   "%localC_34_loc_load = load i32 %localC_34_loc"   --->   Operation 587 'load' 'localC_34_loc_load' <Predicate = true> <Delay = 0.00>
ST_23 : Operation 588 [1/1] (0.00ns)   --->   "%localC_33_loc_load = load i32 %localC_33_loc"   --->   Operation 588 'load' 'localC_33_loc_load' <Predicate = true> <Delay = 0.00>
ST_23 : Operation 589 [1/1] (0.00ns)   --->   "%localC_32_loc_load = load i32 %localC_32_loc"   --->   Operation 589 'load' 'localC_32_loc_load' <Predicate = true> <Delay = 0.00>
ST_23 : Operation 590 [1/1] (0.00ns)   --->   "%localC_31_loc_load = load i32 %localC_31_loc"   --->   Operation 590 'load' 'localC_31_loc_load' <Predicate = true> <Delay = 0.00>
ST_23 : Operation 591 [1/1] (0.00ns)   --->   "%localC_30_loc_load = load i32 %localC_30_loc"   --->   Operation 591 'load' 'localC_30_loc_load' <Predicate = true> <Delay = 0.00>
ST_23 : Operation 592 [1/1] (0.00ns)   --->   "%localC_29_loc_load = load i32 %localC_29_loc"   --->   Operation 592 'load' 'localC_29_loc_load' <Predicate = true> <Delay = 0.00>
ST_23 : Operation 593 [1/1] (0.00ns)   --->   "%localC_28_loc_load = load i32 %localC_28_loc"   --->   Operation 593 'load' 'localC_28_loc_load' <Predicate = true> <Delay = 0.00>
ST_23 : Operation 594 [1/1] (0.00ns)   --->   "%localC_27_loc_load = load i32 %localC_27_loc"   --->   Operation 594 'load' 'localC_27_loc_load' <Predicate = true> <Delay = 0.00>
ST_23 : Operation 595 [1/1] (0.00ns)   --->   "%localC_26_loc_load = load i32 %localC_26_loc"   --->   Operation 595 'load' 'localC_26_loc_load' <Predicate = true> <Delay = 0.00>
ST_23 : Operation 596 [1/1] (0.00ns)   --->   "%localC_25_loc_load = load i32 %localC_25_loc"   --->   Operation 596 'load' 'localC_25_loc_load' <Predicate = true> <Delay = 0.00>
ST_23 : Operation 597 [1/1] (0.00ns)   --->   "%localC_24_loc_load = load i32 %localC_24_loc"   --->   Operation 597 'load' 'localC_24_loc_load' <Predicate = true> <Delay = 0.00>
ST_23 : Operation 598 [1/1] (0.00ns)   --->   "%localC_23_loc_load = load i32 %localC_23_loc"   --->   Operation 598 'load' 'localC_23_loc_load' <Predicate = true> <Delay = 0.00>
ST_23 : Operation 599 [1/1] (0.00ns)   --->   "%localC_22_loc_load = load i32 %localC_22_loc"   --->   Operation 599 'load' 'localC_22_loc_load' <Predicate = true> <Delay = 0.00>
ST_23 : Operation 600 [1/1] (0.00ns)   --->   "%localC_21_loc_load = load i32 %localC_21_loc"   --->   Operation 600 'load' 'localC_21_loc_load' <Predicate = true> <Delay = 0.00>
ST_23 : Operation 601 [1/1] (0.00ns)   --->   "%localC_20_loc_load = load i32 %localC_20_loc"   --->   Operation 601 'load' 'localC_20_loc_load' <Predicate = true> <Delay = 0.00>
ST_23 : Operation 602 [1/1] (0.00ns)   --->   "%localC_19_loc_load = load i32 %localC_19_loc"   --->   Operation 602 'load' 'localC_19_loc_load' <Predicate = true> <Delay = 0.00>
ST_23 : Operation 603 [1/1] (0.00ns)   --->   "%localC_18_loc_load = load i32 %localC_18_loc"   --->   Operation 603 'load' 'localC_18_loc_load' <Predicate = true> <Delay = 0.00>
ST_23 : Operation 604 [1/1] (0.00ns)   --->   "%localC_17_loc_load = load i32 %localC_17_loc"   --->   Operation 604 'load' 'localC_17_loc_load' <Predicate = true> <Delay = 0.00>
ST_23 : Operation 605 [1/1] (0.00ns)   --->   "%localC_16_loc_load = load i32 %localC_16_loc"   --->   Operation 605 'load' 'localC_16_loc_load' <Predicate = true> <Delay = 0.00>
ST_23 : Operation 606 [1/1] (0.00ns)   --->   "%localC_15_loc_load = load i32 %localC_15_loc"   --->   Operation 606 'load' 'localC_15_loc_load' <Predicate = true> <Delay = 0.00>
ST_23 : Operation 607 [1/1] (0.00ns)   --->   "%localC_14_loc_load = load i32 %localC_14_loc"   --->   Operation 607 'load' 'localC_14_loc_load' <Predicate = true> <Delay = 0.00>
ST_23 : Operation 608 [1/1] (0.00ns)   --->   "%localC_13_loc_load = load i32 %localC_13_loc"   --->   Operation 608 'load' 'localC_13_loc_load' <Predicate = true> <Delay = 0.00>
ST_23 : Operation 609 [1/1] (0.00ns)   --->   "%localC_12_loc_load = load i32 %localC_12_loc"   --->   Operation 609 'load' 'localC_12_loc_load' <Predicate = true> <Delay = 0.00>
ST_23 : Operation 610 [1/1] (0.00ns)   --->   "%localC_11_loc_load = load i32 %localC_11_loc"   --->   Operation 610 'load' 'localC_11_loc_load' <Predicate = true> <Delay = 0.00>
ST_23 : Operation 611 [1/1] (0.00ns)   --->   "%localC_10_loc_load = load i32 %localC_10_loc"   --->   Operation 611 'load' 'localC_10_loc_load' <Predicate = true> <Delay = 0.00>
ST_23 : Operation 612 [1/1] (0.00ns)   --->   "%localC_9_loc_load = load i32 %localC_9_loc"   --->   Operation 612 'load' 'localC_9_loc_load' <Predicate = true> <Delay = 0.00>
ST_23 : Operation 613 [1/1] (0.00ns)   --->   "%localC_8_loc_load = load i32 %localC_8_loc"   --->   Operation 613 'load' 'localC_8_loc_load' <Predicate = true> <Delay = 0.00>
ST_23 : Operation 614 [1/1] (0.00ns)   --->   "%localC_7_loc_load = load i32 %localC_7_loc"   --->   Operation 614 'load' 'localC_7_loc_load' <Predicate = true> <Delay = 0.00>
ST_23 : Operation 615 [1/1] (0.00ns)   --->   "%localC_6_loc_load = load i32 %localC_6_loc"   --->   Operation 615 'load' 'localC_6_loc_load' <Predicate = true> <Delay = 0.00>
ST_23 : Operation 616 [1/1] (0.00ns)   --->   "%localC_5_loc_load = load i32 %localC_5_loc"   --->   Operation 616 'load' 'localC_5_loc_load' <Predicate = true> <Delay = 0.00>
ST_23 : Operation 617 [1/1] (0.00ns)   --->   "%localC_4_loc_load = load i32 %localC_4_loc"   --->   Operation 617 'load' 'localC_4_loc_load' <Predicate = true> <Delay = 0.00>
ST_23 : Operation 618 [1/1] (0.00ns)   --->   "%localC_3_loc_load = load i32 %localC_3_loc"   --->   Operation 618 'load' 'localC_3_loc_load' <Predicate = true> <Delay = 0.00>
ST_23 : Operation 619 [1/1] (0.00ns)   --->   "%localC_2_loc_load = load i32 %localC_2_loc"   --->   Operation 619 'load' 'localC_2_loc_load' <Predicate = true> <Delay = 0.00>
ST_23 : Operation 620 [1/1] (0.00ns)   --->   "%localC_1_loc_load = load i32 %localC_1_loc"   --->   Operation 620 'load' 'localC_1_loc_load' <Predicate = true> <Delay = 0.00>
ST_23 : Operation 621 [1/1] (0.00ns)   --->   "%localC_loc_load = load i32 %localC_loc"   --->   Operation 621 'load' 'localC_loc_load' <Predicate = true> <Delay = 0.00>
ST_23 : Operation 622 [2/2] (0.98ns)   --->   "%call_ln176 = call void @mmult_Pipeline_4, i512 %systolic, i58 %trunc_ln2, i32 %localC_loc_load, i32 %localC_1_loc_load, i32 %localC_2_loc_load, i32 %localC_3_loc_load, i32 %localC_4_loc_load, i32 %localC_5_loc_load, i32 %localC_6_loc_load, i32 %localC_7_loc_load, i32 %localC_8_loc_load, i32 %localC_9_loc_load, i32 %localC_10_loc_load, i32 %localC_11_loc_load, i32 %localC_12_loc_load, i32 %localC_13_loc_load, i32 %localC_14_loc_load, i32 %localC_15_loc_load, i32 %localC_16_loc_load, i32 %localC_17_loc_load, i32 %localC_18_loc_load, i32 %localC_19_loc_load, i32 %localC_20_loc_load, i32 %localC_21_loc_load, i32 %localC_22_loc_load, i32 %localC_23_loc_load, i32 %localC_24_loc_load, i32 %localC_25_loc_load, i32 %localC_26_loc_load, i32 %localC_27_loc_load, i32 %localC_28_loc_load, i32 %localC_29_loc_load, i32 %localC_30_loc_load, i32 %localC_31_loc_load, i32 %localC_32_loc_load, i32 %localC_33_loc_load, i32 %localC_34_loc_load, i32 %localC_35_loc_load, i32 %localC_36_loc_load, i32 %localC_37_loc_load, i32 %localC_38_loc_load, i32 %localC_39_loc_load, i32 %localC_40_loc_load, i32 %localC_41_loc_load, i32 %localC_42_loc_load, i32 %localC_43_loc_load, i32 %localC_44_loc_load, i32 %localC_45_loc_load, i32 %localC_46_loc_load, i32 %localC_47_loc_load, i32 %localC_48_loc_load, i32 %localC_49_loc_load, i32 %localC_50_loc_load, i32 %localC_51_loc_load, i32 %localC_52_loc_load, i32 %localC_53_loc_load, i32 %localC_54_loc_load, i32 %localC_55_loc_load, i32 %localC_56_loc_load, i32 %localC_57_loc_load, i32 %localC_58_loc_load, i32 %localC_59_loc_load, i32 %localC_60_loc_load, i32 %localC_61_loc_load, i32 %localC_62_loc_load, i32 %localC_63_loc_load, i32 %localC_64_loc_load, i32 %localC_65_loc_load, i32 %localC_66_loc_load, i32 %localC_67_loc_load, i32 %localC_68_loc_load, i32 %localC_69_loc_load, i32 %localC_70_loc_load, i32 %localC_71_loc_load, i32 %localC_72_loc_load, i32 %localC_73_loc_load, i32 %localC_74_loc_load, i32 %localC_75_loc_load, i32 %localC_76_loc_load, i32 %localC_77_loc_load, i32 %localC_78_loc_load, i32 %localC_79_loc_load, i32 %localC_80_loc_load, i32 %localC_81_loc_load, i32 %localC_82_loc_load, i32 %localC_83_loc_load, i32 %localC_84_loc_load, i32 %localC_85_loc_load, i32 %localC_86_loc_load, i32 %localC_87_loc_load, i32 %localC_88_loc_load, i32 %localC_89_loc_load, i32 %localC_90_loc_load, i32 %localC_91_loc_load, i32 %localC_92_loc_load, i32 %localC_93_loc_load, i32 %localC_94_loc_load, i32 %localC_95_loc_load, i32 %localC_96_loc_load, i32 %localC_97_loc_load, i32 %localC_98_loc_load, i32 %localC_99_loc_load, i32 %localC_100_loc_load, i32 %localC_101_loc_load, i32 %localC_102_loc_load, i32 %localC_103_loc_load, i32 %localC_104_loc_load, i32 %localC_105_loc_load, i32 %localC_106_loc_load, i32 %localC_107_loc_load, i32 %localC_108_loc_load, i32 %localC_109_loc_load, i32 %localC_110_loc_load, i32 %localC_111_loc_load, i32 %localC_112_loc_load, i32 %localC_113_loc_load, i32 %localC_114_loc_load, i32 %localC_115_loc_load, i32 %localC_116_loc_load, i32 %localC_117_loc_load, i32 %localC_118_loc_load, i32 %localC_119_loc_load, i32 %localC_120_loc_load, i32 %localC_121_loc_load, i32 %localC_122_loc_load, i32 %localC_123_loc_load, i32 %localC_124_loc_load, i32 %localC_125_loc_load, i32 %localC_126_loc_load, i32 %localC_127_loc_load, i32 %localC_128_loc_load, i32 %localC_129_loc_load, i32 %localC_130_loc_load, i32 %localC_131_loc_load, i32 %localC_132_loc_load, i32 %localC_133_loc_load, i32 %localC_134_loc_load, i32 %localC_135_loc_load, i32 %localC_136_loc_load, i32 %localC_137_loc_load, i32 %localC_138_loc_load, i32 %localC_139_loc_load, i32 %localC_140_loc_load, i32 %localC_141_loc_load, i32 %localC_142_loc_load, i32 %localC_143_loc_load, i32 %localC_144_loc_load, i32 %localC_145_loc_load, i32 %localC_146_loc_load, i32 %localC_147_loc_load, i32 %localC_148_loc_load, i32 %localC_149_loc_load, i32 %localC_150_loc_load, i32 %localC_151_loc_load, i32 %localC_152_loc_load, i32 %localC_153_loc_load, i32 %localC_154_loc_load, i32 %localC_155_loc_load, i32 %localC_156_loc_load, i32 %localC_157_loc_load, i32 %localC_158_loc_load, i32 %localC_159_loc_load, i32 %localC_160_loc_load, i32 %localC_161_loc_load, i32 %localC_162_loc_load, i32 %localC_163_loc_load, i32 %localC_164_loc_load, i32 %localC_165_loc_load, i32 %localC_166_loc_load, i32 %localC_167_loc_load, i32 %localC_168_loc_load, i32 %localC_169_loc_load, i32 %localC_170_loc_load, i32 %localC_171_loc_load, i32 %localC_172_loc_load, i32 %localC_173_loc_load, i32 %localC_174_loc_load, i32 %localC_175_loc_load, i32 %localC_176_loc_load, i32 %localC_177_loc_load, i32 %localC_178_loc_load, i32 %localC_179_loc_load, i32 %localC_180_loc_load, i32 %localC_181_loc_load, i32 %localC_182_loc_load, i32 %localC_183_loc_load, i32 %localC_184_loc_load, i32 %localC_185_loc_load, i32 %localC_186_loc_load, i32 %localC_187_loc_load, i32 %localC_188_loc_load, i32 %localC_189_loc_load, i32 %localC_190_loc_load, i32 %localC_191_loc_load, i32 %localC_192_loc_load, i32 %localC_193_loc_load, i32 %localC_194_loc_load, i32 %localC_195_loc_load, i32 %localC_196_loc_load, i32 %localC_197_loc_load, i32 %localC_198_loc_load, i32 %localC_199_loc_load, i32 %localC_200_loc_load, i32 %localC_201_loc_load, i32 %localC_202_loc_load, i32 %localC_203_loc_load, i32 %localC_204_loc_load, i32 %localC_205_loc_load, i32 %localC_206_loc_load, i32 %localC_207_loc_load, i32 %localC_208_loc_load, i32 %localC_209_loc_load, i32 %localC_210_loc_load, i32 %localC_211_loc_load, i32 %localC_212_loc_load, i32 %localC_213_loc_load, i32 %localC_214_loc_load, i32 %localC_215_loc_load, i32 %localC_216_loc_load, i32 %localC_217_loc_load, i32 %localC_218_loc_load, i32 %localC_219_loc_load, i32 %localC_220_loc_load, i32 %localC_221_loc_load, i32 %localC_222_loc_load, i32 %localC_223_loc_load, i32 %localC_224_loc_load, i32 %localC_225_loc_load, i32 %localC_226_loc_load, i32 %localC_227_loc_load, i32 %localC_228_loc_load, i32 %localC_229_loc_load, i32 %localC_230_loc_load, i32 %localC_231_loc_load, i32 %localC_232_loc_load, i32 %localC_233_loc_load, i32 %localC_234_loc_load, i32 %localC_235_loc_load, i32 %localC_236_loc_load, i32 %localC_237_loc_load, i32 %localC_238_loc_load, i32 %localC_239_loc_load, i32 %localC_240_loc_load, i32 %localC_241_loc_load, i32 %localC_242_loc_load, i32 %localC_243_loc_load, i32 %localC_244_loc_load, i32 %localC_245_loc_load, i32 %localC_246_loc_load, i32 %localC_247_loc_load, i32 %localC_248_loc_load, i32 %localC_249_loc_load, i32 %localC_250_loc_load, i32 %localC_251_loc_load, i32 %localC_252_loc_load, i32 %localC_253_loc_load, i32 %localC_254_loc_load, i32 %localC_255_loc_load" [mmult.cpp:176]   --->   Operation 622 'call' 'call_ln176' <Predicate = true> <Delay = 0.98> <CoreType = "Generic">   --->   Generic Core

State 24 <SV = 23> <Delay = 1.48>
ST_24 : Operation 623 [1/2] (1.48ns)   --->   "%call_ln176 = call void @mmult_Pipeline_4, i512 %systolic, i58 %trunc_ln2, i32 %localC_loc_load, i32 %localC_1_loc_load, i32 %localC_2_loc_load, i32 %localC_3_loc_load, i32 %localC_4_loc_load, i32 %localC_5_loc_load, i32 %localC_6_loc_load, i32 %localC_7_loc_load, i32 %localC_8_loc_load, i32 %localC_9_loc_load, i32 %localC_10_loc_load, i32 %localC_11_loc_load, i32 %localC_12_loc_load, i32 %localC_13_loc_load, i32 %localC_14_loc_load, i32 %localC_15_loc_load, i32 %localC_16_loc_load, i32 %localC_17_loc_load, i32 %localC_18_loc_load, i32 %localC_19_loc_load, i32 %localC_20_loc_load, i32 %localC_21_loc_load, i32 %localC_22_loc_load, i32 %localC_23_loc_load, i32 %localC_24_loc_load, i32 %localC_25_loc_load, i32 %localC_26_loc_load, i32 %localC_27_loc_load, i32 %localC_28_loc_load, i32 %localC_29_loc_load, i32 %localC_30_loc_load, i32 %localC_31_loc_load, i32 %localC_32_loc_load, i32 %localC_33_loc_load, i32 %localC_34_loc_load, i32 %localC_35_loc_load, i32 %localC_36_loc_load, i32 %localC_37_loc_load, i32 %localC_38_loc_load, i32 %localC_39_loc_load, i32 %localC_40_loc_load, i32 %localC_41_loc_load, i32 %localC_42_loc_load, i32 %localC_43_loc_load, i32 %localC_44_loc_load, i32 %localC_45_loc_load, i32 %localC_46_loc_load, i32 %localC_47_loc_load, i32 %localC_48_loc_load, i32 %localC_49_loc_load, i32 %localC_50_loc_load, i32 %localC_51_loc_load, i32 %localC_52_loc_load, i32 %localC_53_loc_load, i32 %localC_54_loc_load, i32 %localC_55_loc_load, i32 %localC_56_loc_load, i32 %localC_57_loc_load, i32 %localC_58_loc_load, i32 %localC_59_loc_load, i32 %localC_60_loc_load, i32 %localC_61_loc_load, i32 %localC_62_loc_load, i32 %localC_63_loc_load, i32 %localC_64_loc_load, i32 %localC_65_loc_load, i32 %localC_66_loc_load, i32 %localC_67_loc_load, i32 %localC_68_loc_load, i32 %localC_69_loc_load, i32 %localC_70_loc_load, i32 %localC_71_loc_load, i32 %localC_72_loc_load, i32 %localC_73_loc_load, i32 %localC_74_loc_load, i32 %localC_75_loc_load, i32 %localC_76_loc_load, i32 %localC_77_loc_load, i32 %localC_78_loc_load, i32 %localC_79_loc_load, i32 %localC_80_loc_load, i32 %localC_81_loc_load, i32 %localC_82_loc_load, i32 %localC_83_loc_load, i32 %localC_84_loc_load, i32 %localC_85_loc_load, i32 %localC_86_loc_load, i32 %localC_87_loc_load, i32 %localC_88_loc_load, i32 %localC_89_loc_load, i32 %localC_90_loc_load, i32 %localC_91_loc_load, i32 %localC_92_loc_load, i32 %localC_93_loc_load, i32 %localC_94_loc_load, i32 %localC_95_loc_load, i32 %localC_96_loc_load, i32 %localC_97_loc_load, i32 %localC_98_loc_load, i32 %localC_99_loc_load, i32 %localC_100_loc_load, i32 %localC_101_loc_load, i32 %localC_102_loc_load, i32 %localC_103_loc_load, i32 %localC_104_loc_load, i32 %localC_105_loc_load, i32 %localC_106_loc_load, i32 %localC_107_loc_load, i32 %localC_108_loc_load, i32 %localC_109_loc_load, i32 %localC_110_loc_load, i32 %localC_111_loc_load, i32 %localC_112_loc_load, i32 %localC_113_loc_load, i32 %localC_114_loc_load, i32 %localC_115_loc_load, i32 %localC_116_loc_load, i32 %localC_117_loc_load, i32 %localC_118_loc_load, i32 %localC_119_loc_load, i32 %localC_120_loc_load, i32 %localC_121_loc_load, i32 %localC_122_loc_load, i32 %localC_123_loc_load, i32 %localC_124_loc_load, i32 %localC_125_loc_load, i32 %localC_126_loc_load, i32 %localC_127_loc_load, i32 %localC_128_loc_load, i32 %localC_129_loc_load, i32 %localC_130_loc_load, i32 %localC_131_loc_load, i32 %localC_132_loc_load, i32 %localC_133_loc_load, i32 %localC_134_loc_load, i32 %localC_135_loc_load, i32 %localC_136_loc_load, i32 %localC_137_loc_load, i32 %localC_138_loc_load, i32 %localC_139_loc_load, i32 %localC_140_loc_load, i32 %localC_141_loc_load, i32 %localC_142_loc_load, i32 %localC_143_loc_load, i32 %localC_144_loc_load, i32 %localC_145_loc_load, i32 %localC_146_loc_load, i32 %localC_147_loc_load, i32 %localC_148_loc_load, i32 %localC_149_loc_load, i32 %localC_150_loc_load, i32 %localC_151_loc_load, i32 %localC_152_loc_load, i32 %localC_153_loc_load, i32 %localC_154_loc_load, i32 %localC_155_loc_load, i32 %localC_156_loc_load, i32 %localC_157_loc_load, i32 %localC_158_loc_load, i32 %localC_159_loc_load, i32 %localC_160_loc_load, i32 %localC_161_loc_load, i32 %localC_162_loc_load, i32 %localC_163_loc_load, i32 %localC_164_loc_load, i32 %localC_165_loc_load, i32 %localC_166_loc_load, i32 %localC_167_loc_load, i32 %localC_168_loc_load, i32 %localC_169_loc_load, i32 %localC_170_loc_load, i32 %localC_171_loc_load, i32 %localC_172_loc_load, i32 %localC_173_loc_load, i32 %localC_174_loc_load, i32 %localC_175_loc_load, i32 %localC_176_loc_load, i32 %localC_177_loc_load, i32 %localC_178_loc_load, i32 %localC_179_loc_load, i32 %localC_180_loc_load, i32 %localC_181_loc_load, i32 %localC_182_loc_load, i32 %localC_183_loc_load, i32 %localC_184_loc_load, i32 %localC_185_loc_load, i32 %localC_186_loc_load, i32 %localC_187_loc_load, i32 %localC_188_loc_load, i32 %localC_189_loc_load, i32 %localC_190_loc_load, i32 %localC_191_loc_load, i32 %localC_192_loc_load, i32 %localC_193_loc_load, i32 %localC_194_loc_load, i32 %localC_195_loc_load, i32 %localC_196_loc_load, i32 %localC_197_loc_load, i32 %localC_198_loc_load, i32 %localC_199_loc_load, i32 %localC_200_loc_load, i32 %localC_201_loc_load, i32 %localC_202_loc_load, i32 %localC_203_loc_load, i32 %localC_204_loc_load, i32 %localC_205_loc_load, i32 %localC_206_loc_load, i32 %localC_207_loc_load, i32 %localC_208_loc_load, i32 %localC_209_loc_load, i32 %localC_210_loc_load, i32 %localC_211_loc_load, i32 %localC_212_loc_load, i32 %localC_213_loc_load, i32 %localC_214_loc_load, i32 %localC_215_loc_load, i32 %localC_216_loc_load, i32 %localC_217_loc_load, i32 %localC_218_loc_load, i32 %localC_219_loc_load, i32 %localC_220_loc_load, i32 %localC_221_loc_load, i32 %localC_222_loc_load, i32 %localC_223_loc_load, i32 %localC_224_loc_load, i32 %localC_225_loc_load, i32 %localC_226_loc_load, i32 %localC_227_loc_load, i32 %localC_228_loc_load, i32 %localC_229_loc_load, i32 %localC_230_loc_load, i32 %localC_231_loc_load, i32 %localC_232_loc_load, i32 %localC_233_loc_load, i32 %localC_234_loc_load, i32 %localC_235_loc_load, i32 %localC_236_loc_load, i32 %localC_237_loc_load, i32 %localC_238_loc_load, i32 %localC_239_loc_load, i32 %localC_240_loc_load, i32 %localC_241_loc_load, i32 %localC_242_loc_load, i32 %localC_243_loc_load, i32 %localC_244_loc_load, i32 %localC_245_loc_load, i32 %localC_246_loc_load, i32 %localC_247_loc_load, i32 %localC_248_loc_load, i32 %localC_249_loc_load, i32 %localC_250_loc_load, i32 %localC_251_loc_load, i32 %localC_252_loc_load, i32 %localC_253_loc_load, i32 %localC_254_loc_load, i32 %localC_255_loc_load" [mmult.cpp:176]   --->   Operation 623 'call' 'call_ln176' <Predicate = true> <Delay = 1.48> <CoreType = "Generic">   --->   Generic Core

State 25 <SV = 24> <Delay = 2.92>
ST_25 : Operation 624 [5/5] (2.92ns)   --->   "%empty_45 = writeresp i1 @_ssdm_op_WriteResp.m_axi.p1i512, i512 %systolic_addr_2" [mmult.cpp:178]   --->   Operation 624 'writeresp' 'empty_45' <Predicate = true> <Delay = 2.92> <CoreInst = "m_axi">   --->   Core 119 'm_axi' <Latency = 3> <II = 1> <Delay = 1.00> <Adapter> <Opcode : 'read' 'write' 'readreq' 'writereq' 'writeresp'>

State 26 <SV = 25> <Delay = 2.92>
ST_26 : Operation 625 [4/5] (2.92ns)   --->   "%empty_45 = writeresp i1 @_ssdm_op_WriteResp.m_axi.p1i512, i512 %systolic_addr_2" [mmult.cpp:178]   --->   Operation 625 'writeresp' 'empty_45' <Predicate = true> <Delay = 2.92> <CoreInst = "m_axi">   --->   Core 119 'm_axi' <Latency = 3> <II = 1> <Delay = 1.00> <Adapter> <Opcode : 'read' 'write' 'readreq' 'writereq' 'writeresp'>

State 27 <SV = 26> <Delay = 2.92>
ST_27 : Operation 626 [3/5] (2.92ns)   --->   "%empty_45 = writeresp i1 @_ssdm_op_WriteResp.m_axi.p1i512, i512 %systolic_addr_2" [mmult.cpp:178]   --->   Operation 626 'writeresp' 'empty_45' <Predicate = true> <Delay = 2.92> <CoreInst = "m_axi">   --->   Core 119 'm_axi' <Latency = 3> <II = 1> <Delay = 1.00> <Adapter> <Opcode : 'read' 'write' 'readreq' 'writereq' 'writeresp'>

State 28 <SV = 27> <Delay = 2.92>
ST_28 : Operation 627 [2/5] (2.92ns)   --->   "%empty_45 = writeresp i1 @_ssdm_op_WriteResp.m_axi.p1i512, i512 %systolic_addr_2" [mmult.cpp:178]   --->   Operation 627 'writeresp' 'empty_45' <Predicate = true> <Delay = 2.92> <CoreInst = "m_axi">   --->   Core 119 'm_axi' <Latency = 3> <II = 1> <Delay = 1.00> <Adapter> <Opcode : 'read' 'write' 'readreq' 'writereq' 'writeresp'>

State 29 <SV = 28> <Delay = 2.92>
ST_29 : Operation 628 [1/1] (0.00ns)   --->   "%spectopmodule_ln53 = spectopmodule void @_ssdm_op_SpecTopModule, void @empty_7" [mmult.cpp:53]   --->   Operation 628 'spectopmodule' 'spectopmodule_ln53' <Predicate = true> <Delay = 0.00>
ST_29 : Operation 629 [1/1] (0.00ns)   --->   "%specinterface_ln53 = specinterface void @_ssdm_op_SpecInterface, i32 0, void @empty_8, i32 0, i32 0, void @empty_0, i32 0, i32 0, void @empty_0, void @empty_0, void @empty_0, i32 0, i32 0, i32 0, i32 0, void @empty_0, void @empty_0, i32 4294967295, i32 0, i32 0" [mmult.cpp:53]   --->   Operation 629 'specinterface' 'specinterface_ln53' <Predicate = true> <Delay = 0.00>
ST_29 : Operation 630 [1/1] (0.00ns)   --->   "%specinterface_ln0 = specinterface void @_ssdm_op_SpecInterface, i512 %systolic, void @empty, i32 0, i32 0, void @empty_0, i32 0, i32 0, void @empty_1, void @empty_2, void @empty_0, i32 16, i32 16, i32 16, i32 16, void @empty_0, void @empty_0, i32 4294967295, i32 0, i32 0"   --->   Operation 630 'specinterface' 'specinterface_ln0' <Predicate = true> <Delay = 0.00>
ST_29 : Operation 631 [1/1] (0.00ns)   --->   "%specbitsmap_ln0 = specbitsmap void @_ssdm_op_SpecBitsMap, i512 %systolic"   --->   Operation 631 'specbitsmap' 'specbitsmap_ln0' <Predicate = true> <Delay = 0.00>
ST_29 : Operation 632 [1/1] (0.00ns)   --->   "%specinterface_ln0 = specinterface void @_ssdm_op_SpecInterface, i32 %work_id_out_stream, void @empty_3, i32 0, i32 0, void @empty_0, i32 0, i32 0, void @empty_0, void @empty_0, void @empty_0, i32 0, i32 0, i32 0, i32 0, void @empty_0, void @empty_0, i32 4294967295, i32 0, i32 0"   --->   Operation 632 'specinterface' 'specinterface_ln0' <Predicate = true> <Delay = 0.00>
ST_29 : Operation 633 [1/1] (0.00ns)   --->   "%specbitsmap_ln0 = specbitsmap void @_ssdm_op_SpecBitsMap, i32 %work_id_out_stream"   --->   Operation 633 'specbitsmap' 'specbitsmap_ln0' <Predicate = true> <Delay = 0.00>
ST_29 : Operation 634 [1/1] (0.00ns)   --->   "%specinterface_ln0 = specinterface void @_ssdm_op_SpecInterface, i64 %a, void @empty_4, i32 0, i32 0, void @empty_0, i32 0, i32 0, void @empty_0, void @empty_0, void @empty_0, i32 0, i32 0, i32 0, i32 0, void @empty_0, void @empty_5, i32 4294967295, i32 0, i32 0"   --->   Operation 634 'specinterface' 'specinterface_ln0' <Predicate = true> <Delay = 0.00>
ST_29 : Operation 635 [1/1] (0.00ns)   --->   "%specinterface_ln0 = specinterface void @_ssdm_op_SpecInterface, i64 %b, void @empty_4, i32 0, i32 0, void @empty_0, i32 0, i32 0, void @empty_0, void @empty_0, void @empty_0, i32 0, i32 0, i32 0, i32 0, void @empty_0, void @empty_5, i32 4294967295, i32 0, i32 0"   --->   Operation 635 'specinterface' 'specinterface_ln0' <Predicate = true> <Delay = 0.00>
ST_29 : Operation 636 [1/1] (0.00ns)   --->   "%specinterface_ln0 = specinterface void @_ssdm_op_SpecInterface, i64 %c, void @empty_4, i32 0, i32 0, void @empty_0, i32 0, i32 0, void @empty_0, void @empty_0, void @empty_0, i32 0, i32 0, i32 0, i32 0, void @empty_0, void @empty_5, i32 4294967295, i32 0, i32 0"   --->   Operation 636 'specinterface' 'specinterface_ln0' <Predicate = true> <Delay = 0.00>
ST_29 : Operation 637 [1/1] (0.00ns)   --->   "%specbitsmap_ln0 = specbitsmap void @_ssdm_op_SpecBitsMap, i32 %a_row"   --->   Operation 637 'specbitsmap' 'specbitsmap_ln0' <Predicate = true> <Delay = 0.00>
ST_29 : Operation 638 [1/1] (0.00ns)   --->   "%specinterface_ln0 = specinterface void @_ssdm_op_SpecInterface, i32 %a_row, void @empty_6, i32 4294967295, i32 4294967295, void @empty_0, i32 0, i32 0, void @empty_0, void @empty_0, void @empty_0, i32 0, i32 0, i32 0, i32 0, void @empty_0, void @empty_0, i32 4294967295, i32 0, i32 0"   --->   Operation 638 'specinterface' 'specinterface_ln0' <Predicate = true> <Delay = 0.00>
ST_29 : Operation 639 [1/1] (0.00ns)   --->   "%specbitsmap_ln0 = specbitsmap void @_ssdm_op_SpecBitsMap, i32 %a_col"   --->   Operation 639 'specbitsmap' 'specbitsmap_ln0' <Predicate = true> <Delay = 0.00>
ST_29 : Operation 640 [1/1] (0.00ns)   --->   "%specinterface_ln0 = specinterface void @_ssdm_op_SpecInterface, i32 %a_col, void @empty_6, i32 4294967295, i32 4294967295, void @empty_0, i32 0, i32 0, void @empty_0, void @empty_0, void @empty_0, i32 0, i32 0, i32 0, i32 0, void @empty_0, void @empty_0, i32 4294967295, i32 0, i32 0"   --->   Operation 640 'specinterface' 'specinterface_ln0' <Predicate = true> <Delay = 0.00>
ST_29 : Operation 641 [1/1] (0.00ns)   --->   "%specbitsmap_ln0 = specbitsmap void @_ssdm_op_SpecBitsMap, i32 %b_col"   --->   Operation 641 'specbitsmap' 'specbitsmap_ln0' <Predicate = true> <Delay = 0.00>
ST_29 : Operation 642 [1/1] (0.00ns)   --->   "%specinterface_ln0 = specinterface void @_ssdm_op_SpecInterface, i32 %b_col, void @empty_6, i32 4294967295, i32 4294967295, void @empty_0, i32 0, i32 0, void @empty_0, void @empty_0, void @empty_0, i32 0, i32 0, i32 0, i32 0, void @empty_0, void @empty_0, i32 4294967295, i32 0, i32 0"   --->   Operation 642 'specinterface' 'specinterface_ln0' <Predicate = true> <Delay = 0.00>
ST_29 : Operation 643 [1/1] (0.00ns)   --->   "%specbitsmap_ln0 = specbitsmap void @_ssdm_op_SpecBitsMap, i32 %work_id"   --->   Operation 643 'specbitsmap' 'specbitsmap_ln0' <Predicate = true> <Delay = 0.00>
ST_29 : Operation 644 [1/1] (0.00ns)   --->   "%specinterface_ln0 = specinterface void @_ssdm_op_SpecInterface, i32 %work_id, void @empty_6, i32 4294967295, i32 4294967295, void @empty_0, i32 0, i32 0, void @empty_0, void @empty_0, void @empty_0, i32 0, i32 0, i32 0, i32 0, void @empty_0, void @empty_0, i32 4294967295, i32 0, i32 0"   --->   Operation 644 'specinterface' 'specinterface_ln0' <Predicate = true> <Delay = 0.00>
ST_29 : Operation 645 [1/5] (2.92ns)   --->   "%empty_45 = writeresp i1 @_ssdm_op_WriteResp.m_axi.p1i512, i512 %systolic_addr_2" [mmult.cpp:178]   --->   Operation 645 'writeresp' 'empty_45' <Predicate = true> <Delay = 2.92> <CoreInst = "m_axi">   --->   Core 119 'm_axi' <Latency = 3> <II = 1> <Delay = 1.00> <Adapter> <Opcode : 'read' 'write' 'readreq' 'writereq' 'writeresp'>
ST_29 : Operation 646 [1/1] (0.00ns)   --->   "%ret_ln179 = ret" [mmult.cpp:179]   --->   Operation 646 'ret' 'ret_ln179' <Predicate = true> <Delay = 0.00>


============================================================
+ Verbose Summary: Timing violations
============================================================
Target clock period: 4.000ns, clock uncertainty: 1.080ns.

 <State 1>: 2.920ns
The critical path consists of the following:
	wire read operation ('a_read') on port 'a' [16]  (0.000 ns)
	'getelementptr' operation 512 bit ('systolic_addr', mmult.cpp:104) [324]  (0.000 ns)
	bus request operation ('empty', mmult.cpp:104) on port 'systolic' (mmult.cpp:104) [325]  (2.920 ns)

 <State 2>: 2.920ns
The critical path consists of the following:
	bus request operation ('empty', mmult.cpp:104) on port 'systolic' (mmult.cpp:104) [325]  (2.920 ns)

 <State 3>: 2.920ns
The critical path consists of the following:
	bus request operation ('empty', mmult.cpp:104) on port 'systolic' (mmult.cpp:104) [325]  (2.920 ns)

 <State 4>: 2.920ns
The critical path consists of the following:
	bus request operation ('empty', mmult.cpp:104) on port 'systolic' (mmult.cpp:104) [325]  (2.920 ns)

 <State 5>: 2.920ns
The critical path consists of the following:
	bus request operation ('empty', mmult.cpp:104) on port 'systolic' (mmult.cpp:104) [325]  (2.920 ns)

 <State 6>: 2.920ns
The critical path consists of the following:
	bus request operation ('empty', mmult.cpp:104) on port 'systolic' (mmult.cpp:104) [325]  (2.920 ns)

 <State 7>: 2.920ns
The critical path consists of the following:
	bus request operation ('empty', mmult.cpp:104) on port 'systolic' (mmult.cpp:104) [325]  (2.920 ns)

 <State 8>: 2.920ns
The critical path consists of the following:
	bus request operation ('empty', mmult.cpp:104) on port 'systolic' (mmult.cpp:104) [325]  (2.920 ns)

 <State 9>: 0.000ns
The critical path consists of the following:

 <State 10>: 0.000ns
The critical path consists of the following:

 <State 11>: 2.920ns
The critical path consists of the following:
	wire read operation ('b_read') on port 'b' [15]  (0.000 ns)
	'getelementptr' operation 512 bit ('systolic_addr_1', mmult.cpp:108) [329]  (0.000 ns)
	bus request operation ('empty_43', mmult.cpp:108) on port 'systolic' (mmult.cpp:108) [330]  (2.920 ns)

 <State 12>: 2.920ns
The critical path consists of the following:
	bus request operation ('empty_43', mmult.cpp:108) on port 'systolic' (mmult.cpp:108) [330]  (2.920 ns)

 <State 13>: 2.920ns
The critical path consists of the following:
	bus request operation ('empty_43', mmult.cpp:108) on port 'systolic' (mmult.cpp:108) [330]  (2.920 ns)

 <State 14>: 2.920ns
The critical path consists of the following:
	bus request operation ('empty_43', mmult.cpp:108) on port 'systolic' (mmult.cpp:108) [330]  (2.920 ns)

 <State 15>: 2.920ns
The critical path consists of the following:
	bus request operation ('empty_43', mmult.cpp:108) on port 'systolic' (mmult.cpp:108) [330]  (2.920 ns)

 <State 16>: 2.920ns
The critical path consists of the following:
	bus request operation ('empty_43', mmult.cpp:108) on port 'systolic' (mmult.cpp:108) [330]  (2.920 ns)

 <State 17>: 2.920ns
The critical path consists of the following:
	bus request operation ('empty_43', mmult.cpp:108) on port 'systolic' (mmult.cpp:108) [330]  (2.920 ns)

 <State 18>: 2.920ns
The critical path consists of the following:
	bus request operation ('empty_43', mmult.cpp:108) on port 'systolic' (mmult.cpp:108) [330]  (2.920 ns)

 <State 19>: 0.000ns
The critical path consists of the following:

 <State 20>: 0.000ns
The critical path consists of the following:

 <State 21>: 1.428ns
The critical path consists of the following:
	wire read operation ('work_id_read') on port 'work_id' [10]  (0.000 ns)
	fifo write operation ('write_ln178', mmult.cpp:178) on port 'work_id_out_stream' (mmult.cpp:178) [603]  (1.428 ns)

 <State 22>: 2.920ns
The critical path consists of the following:
	wire read operation ('c_read') on port 'c' [14]  (0.000 ns)
	'getelementptr' operation 512 bit ('systolic_addr_2', mmult.cpp:176) [599]  (0.000 ns)
	bus request operation ('empty_44', mmult.cpp:176) on port 'systolic' (mmult.cpp:176) [600]  (2.920 ns)

 <State 23>: 0.986ns
The critical path consists of the following:
	'load' operation 32 bit ('localC_255_loc_load') on local variable 'localC_255_loc' [341]  (0.000 ns)
	'call' operation 0 bit ('call_ln176', mmult.cpp:176) to 'mmult_Pipeline_4' [601]  (0.986 ns)

 <State 24>: 1.489ns
The critical path consists of the following:
	'call' operation 0 bit ('call_ln176', mmult.cpp:176) to 'mmult_Pipeline_4' [601]  (1.489 ns)

 <State 25>: 2.920ns
The critical path consists of the following:
	bus response operation ('empty_45', mmult.cpp:178) on port 'systolic' (mmult.cpp:178) [602]  (2.920 ns)

 <State 26>: 2.920ns
The critical path consists of the following:
	bus response operation ('empty_45', mmult.cpp:178) on port 'systolic' (mmult.cpp:178) [602]  (2.920 ns)

 <State 27>: 2.920ns
The critical path consists of the following:
	bus response operation ('empty_45', mmult.cpp:178) on port 'systolic' (mmult.cpp:178) [602]  (2.920 ns)

 <State 28>: 2.920ns
The critical path consists of the following:
	bus response operation ('empty_45', mmult.cpp:178) on port 'systolic' (mmult.cpp:178) [602]  (2.920 ns)

 <State 29>: 2.920ns
The critical path consists of the following:
	bus response operation ('empty_45', mmult.cpp:178) on port 'systolic' (mmult.cpp:178) [602]  (2.920 ns)


============================================================
+ Verbose Summary: Binding
============================================================
N/A
* FSMD analyzer results:
  - Output states:
 - Input state : 
  - Chain level:
	State 1
	State 2
	State 3
	State 4
	State 5
	State 6
	State 7
	State 8
	State 9
	State 10
	State 11
	State 12
	State 13
	State 14
	State 15
	State 16
	State 17
	State 18
	State 19
	State 20
	State 21
	State 22
	State 23
	State 24
	State 25
	State 26
	State 27
	State 28
	State 29


============================================================
+ Verbose Summary: Datapath Resource usage 
============================================================
N/A
